{
"type": "FeatureCollection",
"name": "basin",
"crs": { "type": "name", "properties": { "name": "urn:ogc:def:crs:OGC:1.3:CRS84" } },
"features": [
{"type":"Feature","properties":{},"geometry":{"type":"MultiPolygon","coordinates":[[[[104.84707641601571,8.418299674987663],[104.857078552246165,8.418299674987663],[104.848747253418011,8.412466049194213],[104.84707641601571,8.418299674987663]]],[[[104.842079162597699,8.453993797302141],[104.839576721191435,8.42663288116441],[104.823745727539091,8.420799255370961],[104.817909240722756,8.428298950195236],[104.842079162597699,8.453993797302141]]],[[[104.809577941894588,8.726631164550726],[104.818740844726634,8.728298187255758],[104.818740844726634,8.720798492431571],[104.809577941894588,8.726631164550726]]],[[[104.568748474121136,8.883297920226953],[104.558746337890668,8.880797386169361],[104.55791473388679,8.882464408874393],[104.568748474121136,8.883297920226953]]],[[[104.522079467773537,8.947463989257722],[104.530410766601605,8.945796966552601],[104.529579162597713,8.942463874816832],[104.522079467773537,8.947463989257722]]],[[[104.798744201660256,9.180796623229883],[104.80290985107429,9.17746257781973],[104.797912597656278,9.179129600524762],[104.798744201660256,9.180796623229883]]],[[[104.638748168945355,9.823154449462825],[104.658744812011818,9.817460060119567],[104.650413513183665,9.795793533325094],[104.606246948242244,9.796627044677654],[104.638748168945355,9.823154449462825]]],[[[106.491241455078239,9.844960212707401],[106.50206756591804,9.841627120971543],[106.504570007324304,9.831626892089764],[106.491241455078239,9.844960212707401]]],[[[104.500411987304759,9.974126815795794],[104.497909545898494,9.970792770385641],[104.497077941894617,9.974126815795794],[104.500411987304759,9.974126815795794]]],[[[104.856246948242287,9.97815418243402],[104.841247558593821,9.951626777648849],[104.831245422363367,9.950793266296289],[104.828742980957088,9.969960212707464],[104.856246948242287,9.97815418243402]]],[[[104.46874237060554,10.021626472473068],[104.471244812011804,10.019125938415387],[104.467910766601662,10.019125938415387],[104.46874237060554,10.021626472473068]]],[[[104.555412292480526,10.039820671081403],[104.562080383300824,10.021626472473068],[104.550415039062599,10.014126777648793],[104.543746948242216,10.031626701354847],[104.555412292480526,10.039820671081403]]],[[[104.471244812011804,10.074126243591232],[104.467910766601662,10.071625709533551],[104.467910766601662,10.073292732238672],[104.471244812011804,10.074126243591232]]],[[[104.503746032714915,10.086626052856309],[104.506248474121193,10.08329296112054],[104.50208282470706,10.08329296112054],[104.503746032714915,10.086626052856309]]],[[[104.512077331543068,10.088293075561429],[104.509582519531335,10.090792655944727],[104.51290893554696,10.089959144592166],[104.512077331543068,10.088293075561429]]],[[[104.511245727539105,10.104959487914924],[104.517082214355526,10.102458953857331],[104.51290893554696,10.094125747680584],[104.511245727539105,10.104959487914924]]],[[[104.497077941894617,10.109126091003342],[104.505409240722685,10.105792999267484],[104.496246337890724,10.100792884826594],[104.497077941894617,10.109126091003342]]],[[[104.536247253418026,10.117459297180089],[104.538742065429759,10.114959716796792],[104.536247253418026,10.115792274474968],[104.536247253418026,10.117459297180089]]],[[[104.50208282470706,10.124958992004276],[104.504577636718793,10.122459411620978],[104.50208282470706,10.122459411620978],[104.50208282470706,10.124958992004276]]],[[[104.525413513183679,10.121625900268418],[104.528747558593835,10.124125480651715],[104.527076721191449,10.120792388915946],[104.525413513183679,10.121625900268418]]],[[[104.49374389648446,10.125792503356836],[104.498748779296918,10.122459411620978],[104.50208282470706,10.118292808532649],[104.49374389648446,10.125792503356836]]],[[[104.552078247070369,10.134959220886143],[104.556243896484403,10.133292198181023],[104.552078247070369,10.131626129150286],[104.552078247070369,10.134959220886143]]],[[[104.530410766601605,10.14162540435777],[104.532913208007869,10.140792846679593],[104.533744812011747,10.139125823974473],[104.530410766601605,10.14162540435777]]],[[[104.492080688476605,10.14162540435777],[104.499580383300881,10.138292312622001],[104.49374389648446,10.134125709533583],[104.492080688476605,10.14162540435777]]],[[[104.518745422363381,10.143292427062891],[104.523742675781293,10.138292312622001],[104.519577026367259,10.137458801269441],[104.518745422363381,10.143292427062891]]],[[[104.542915344238324,10.139959335327033],[104.547080993652457,10.139959335327033],[104.542076110839915,10.122459411620978],[104.542915344238324,10.139959335327033]]],[[[104.503746032714915,10.153292655944758],[104.507080078125071,10.150792121887077],[104.504577636718793,10.149959564208901],[104.503746032714915,10.153292655944758]]],[[[104.548744201660213,10.151625633239638],[104.556243896484403,10.149959564208901],[104.556243896484403,10.14829254150378],[104.548744201660213,10.151625633239638]]],[[[104.592910766601634,10.154958724975495],[104.586242675781321,10.151625633239638],[104.585411071777443,10.15412616729723],[104.592910766601634,10.154958724975495]]],[[[104.571243286132869,10.156625747680527],[104.581245422363324,10.152459144592198],[104.571243286132869,10.15412616729723],[104.571243286132869,10.156625747680527]]],[[[104.517913818359403,10.152459144592198],[104.526245117187571,10.156625747680527],[104.520408630371136,10.147459030151309],[104.517913818359403,10.152459144592198]]],[[[104.528747558593835,10.164958953857363],[104.532081604003992,10.160792350768945],[104.529579162597713,10.159125328063825],[104.528747558593835,10.164958953857363]]],[[[104.57707977294929,10.174959182739142],[104.579582214355554,10.169125556945692],[104.577911376953168,10.169125556945692],[104.57707977294929,10.174959182739142]]],[[[104.572914123535256,10.179959297180121],[104.570411682128977,10.17745876312244],[104.571243286132869,10.179959297180121],[104.572914123535256,10.179959297180121]]],[[[104.593742370605511,10.178292274475],[104.589576721191477,10.178292274475],[104.593742370605511,10.180792808532592],[104.593742370605511,10.178292274475]]],[[[104.523742675781293,10.18412590026845],[104.533744812011747,10.18412590026845],[104.532913208007869,10.169125556945692],[104.523742675781293,10.18412590026845]]],[[[104.52124786376956,10.245792388915921],[104.523742675781293,10.243291854858329],[104.522911071777415,10.243291854858329],[104.52124786376956,10.245792388915921]]],[[[104.528747558593835,10.274958610534581],[104.527076721191449,10.272459030151284],[104.527076721191449,10.274958610534581],[104.528747558593835,10.274958610534581]]],[[[104.861244201660199,11.420787811279178],[104.873741149902386,11.444120407104387],[104.862907409668054,11.46578693389886],[104.779579162597756,11.467453956603892],[104.746246337890682,11.512454032897869],[104.78540802001956,11.551620483398308],[104.826248168945355,11.544953346252386],[104.853744506836009,11.564120292663473],[104.916244506836037,11.568286895751891],[104.952079772949304,11.522453308105353],[105.00957489013679,11.521619796752793],[105.051246643066477,11.492453575134222],[105.082077026367287,11.494954109191815],[105.097076416015653,11.4649534225463],[105.077911376953153,11.452453613281135],[105.092910766601619,11.439120292663498],[105.145408630371193,11.426620483398333],[105.176246643066449,11.39912033081041],[105.207908630371136,11.403287887573123],[105.237075805664091,11.351620674133224],[105.213745117187557,11.327454566955454],[105.202079772949247,11.259120941161973],[105.22791290283206,11.231621742248434],[105.252906799316435,11.223288536071687],[105.267074584961023,11.249954223632754],[105.297912597656278,11.257454872131236],[105.298744201660242,11.3099546432494],[105.313743591308622,11.318287849426147],[105.36290740966804,11.278287887573148],[105.394577026367259,11.302454948425213],[105.454574584961023,11.269954681396401],[105.409576416015724,11.204955101013072],[105.412910461425881,11.183288574218688],[105.363739013671918,11.165788650512633],[105.411239624023494,11.07245540618891],[105.369575500488338,11.040788650512569],[105.383743286132841,11.028288841247493],[105.381240844726648,10.97078895568835],[105.403739929199304,10.972455978393471],[105.401245117187571,10.936622619628801],[105.437072753906293,10.914122581481857],[105.466239929199247,10.858289718627836],[105.480407714843821,10.861622810363693],[105.483741760253977,10.889122962951527],[105.510406494140668,10.872456550598033],[105.517906188964943,10.808289527892969],[105.492912292480554,10.789956092834354],[105.504577636718778,10.771623611450122],[105.493743896484432,10.730790138244563],[105.560409545898509,10.700790405273343],[105.57540893554696,10.720789909362695],[105.59457397460946,10.711623191833388],[105.618743896484418,10.746623039245497],[105.648742675781335,10.74328994750964],[105.645408630371179,10.772456169128299],[105.672904968261747,10.794956207275332],[105.717910766601591,10.782456398010167],[105.720405578613324,10.794956207275332],[105.768737792968864,10.798290252685485],[105.794570922851662,10.781622886657695],[105.777908325195341,10.660790443420344],[105.804573059082117,10.651623725891037],[105.788742065429773,10.626624107360707],[105.803741455078153,10.624123573303114],[105.811241149902429,10.594123840331894],[105.768737792968864,10.57162380218495],[105.749572753906278,10.579124450683521],[105.740409851074318,10.565791130065795],[105.728744506836009,10.579957008361697],[105.696243286132912,10.566623687744061],[105.675407409668026,10.530791282653686],[105.647911071777372,10.521624565124378],[105.610404968261804,10.529957771301214],[105.586242675781307,10.493290901183984],[105.591239929199304,10.47662448883049],[105.622909545898537,10.469958305358775],[105.657073974609403,10.434124946594105],[105.697906494140668,10.441624641418381],[105.698738098144645,10.464124679565325],[105.740409851074318,10.453290939330985],[105.757904052734432,10.373291969299194],[105.84790802001956,10.418291091918876],[105.863739013671903,10.4107913970946],[105.958740234375043,10.509124755859302],[105.966239929199318,10.461624145507733],[106.017906188964929,10.381625175475941],[106.063735961914105,10.41662502288805],[106.114570617675824,10.430790901183952],[106.118736267089957,10.404125213622974],[106.102073669433636,10.389958381652777],[106.138740539550867,10.354958534240668],[106.195404052734474,10.371624946594162],[106.230407714843849,10.349958419799689],[106.341239929199247,10.412458419799721],[106.341239929199247,10.376625061035051],[106.362068176269602,10.364957809448152],[106.387901306152401,10.398291587829524],[106.439567565917997,10.379124641418437],[106.456237792968849,10.388291358947745],[106.457069396972742,10.342458724975502],[106.472068786621193,10.348291397094657],[106.47123718261723,10.330791473388603],[106.489570617675838,10.321624755859295],[106.517906188964915,10.338292121887173],[106.513740539550881,10.353291511535636],[106.555404663086023,10.356624603271404],[106.588737487793011,10.389958381652777],[106.65873718261723,10.37579154968258],[106.674568176269574,10.417457580566404],[106.713737487792997,10.430790901184041],[106.729568481445341,10.456624984741138],[106.716239929199261,10.474124908447193],[106.731239318847727,10.48162460327138],[106.784568786621179,10.408291816711303],[106.783737182617216,10.295791625976493],[106.757904052734403,10.266625404357834],[106.727905273437571,10.277458190917878],[106.719573974609418,10.269124984741131],[106.782905578613324,10.224958419799714],[106.745407104492216,10.201625823974505],[106.696235656738352,10.233292579650756],[106.685401916504006,10.215792655944702],[106.777069091796903,10.169959068298253],[106.792068481445369,10.144125938415451],[106.787071228027457,10.100792884826594],[106.736236572265724,10.04662609100331],[106.729568481445341,10.056626319885178],[106.715400695800838,10.04079246520986],[106.68956756591804,10.044960021972573],[106.699569702148494,10.069959640502814],[106.675407409667997,10.100792884826594],[106.696235656738352,10.071625709533551],[106.67790222167973,10.05245971679676],[106.690406799316463,10.018293380737211],[106.648735046386776,9.974959373474059],[106.603736877441477,9.979126930236683],[106.564567565918068,10.003293037414453],[106.55457305908206,9.991626739501848],[106.65873718261723,9.931626319885114],[106.690406799316463,9.88579368591296],[106.627067565918011,9.804960250854402],[106.593734741211023,9.81496047973627],[106.472068786621193,9.934126853942795],[106.462074279785185,9.927459716796784],[106.543739318847713,9.840793609619071],[106.521240234375071,9.831626892089764],[106.454574584961009,9.900793075561422],[106.440406799316506,9.894126892089707],[106.517074584961037,9.807460784911994],[106.518737792968793,9.764960289001403],[106.571235656738367,9.734960556030183],[106.577903747558679,9.664960861205964],[106.525405883789105,9.574128150939833],[106.457069396972742,9.539961814880284],[106.375404357910213,9.529128074645856],[106.293739318847685,9.61329460144036],[106.259574890136804,9.621627807617108],[106.24540710449223,9.605794906616085],[106.292907714843793,9.578294754028251],[106.287071228027372,9.542461395263581],[106.23957061767581,9.49246215820301],[106.221237182617273,9.544128417968613],[106.195404052734474,9.542461395263581],[106.208740234375085,9.464962005615176],[106.138740539550867,9.403295516967704],[106.167907714843821,9.419128417968638],[106.188735961914176,9.410795211791891],[106.189575195312585,9.379128456115639],[106.166236877441435,9.354962348937869],[105.887077331543068,9.268296241760156],[105.508743286132898,9.100796699523796],[105.425407409668068,9.019963264465238],[105.414573669433636,9.024129867553656],[105.348739624023551,8.863297462463306],[105.311241149902429,8.809964179992582],[105.265411376953168,8.764965057372988],[105.222908020019602,8.75496482849112],[105.209579467773523,8.766631126403725],[105.218742370605568,8.74913120269767],[105.17957305908206,8.735797882079945],[105.109573364257841,8.634964942932035],[104.835411071777401,8.563299179077079],[104.721244812011761,8.601632118224957],[104.712081909179716,8.635798454284595],[104.728744506836037,8.649965286254792],[104.754577636718835,8.634131431579474],[104.811241149902443,8.652464866638089],[104.780410766601634,8.693298339843649],[104.787910461425824,8.711631774902264],[104.799575805664134,8.72413158416734],[104.819580078125057,8.713297843933001],[104.822914123535199,8.736631393432505],[104.87458038330081,8.74913120269767],[104.902908325195341,8.798297882079977],[104.899574279785185,8.809964179992582],[104.81040954589848,8.771631240844615],[104.779579162597756,8.813298225402734],[104.801246643066435,9.024129867553656],[104.817909240722756,9.031630516052138],[104.802078247070412,9.044963836669863],[104.806243896484446,9.17829608917229],[104.857078552246165,9.724127769470138],[104.898742675781307,9.85079383850085],[104.957077026367216,9.854126930236708],[105.063743591308665,9.949959754943729],[105.08124542236331,9.948293685912992],[105.104576110839929,9.890793800353938],[105.095413208007898,9.92162704467763],[105.10624694824223,9.951626777648849],[105.082908630371165,10.006626129150311],[104.992080688476591,10.098292350768913],[104.883743286132841,10.089125633239606],[104.821243286132898,10.17745876312244],[104.765411376953182,10.220791816711296],[104.734580993652372,10.227458953857306],[104.702079772949261,10.211625099181989],[104.64457702636723,10.136626243591175],[104.600410461425824,10.143292427062891],[104.608741760253977,10.164958953857363],[104.582908630371179,10.204958915710362],[104.581245422363324,10.255791664123405],[104.550415039062599,10.289958953857338],[104.530410766601605,10.277458190917878],[104.531242370605568,10.312458038329988],[104.486244201660185,10.369957923889041],[104.476249694824261,10.411624908447161],[104.490409851074304,10.504124641418324],[104.472915649414105,10.517457962036049],[104.486244201660185,10.544124603271412],[104.523742675781293,10.554957389831456],[104.536247253418026,10.589957237243565],[104.51290893554696,10.604124069213762],[104.516242980957102,10.632456779479861],[104.491249084472727,10.652457237243597],[104.361244201660213,10.671623229980389],[104.354576110839901,10.704957008361761],[104.322914123535213,10.71495723724354],[104.285415649414105,10.789956092834354],[104.360412597656321,10.86995601654044],[104.355415344238324,10.892456054687385],[104.377082824707088,10.918289184570186],[104.360412597656321,10.959956169128306],[104.338745117187557,10.969122886657614],[104.359580993652443,11.008289337158141],[104.40708160400402,11.009955406188878],[104.432914733886818,10.993288993835383],[104.487915039062571,11.00078868865957],[104.498748779296918,11.030789375305085],[104.523742675781293,11.01245594024647],[104.533744812011747,11.056622505187887],[104.567077636718835,11.077455520629799],[104.641242980957088,11.058288574218624],[104.706245422363381,11.064955711364634],[104.74707794189456,11.051622390746997],[104.761245727539148,11.064122200012074],[104.776245117187599,11.089121818542404],[104.753746032714872,11.120788574218656],[104.702911376953239,11.114954948425206],[104.683746337890653,11.132454872131261],[104.722076416015724,11.121622085571216],[104.787078857421946,11.144954681396426],[104.786247253418068,11.180788040161007],[104.721244812011761,11.213288307189819],[104.730415344238338,11.224121093749863],[104.793746948242244,11.200788497924743],[104.805412292480554,11.222455024719126],[104.782081604003935,11.239121437072621],[104.816246032714901,11.240788459777741],[104.788742065429801,11.297454833984235],[104.822914123535199,11.364953994750861],[104.76457977294929,11.413287162780696],[104.80874633789071,11.429121017455925],[104.861244201660199,11.420787811279178]],[[104.859580993652429,11.420787811279178],[104.85874176025402,11.419954299926617],[104.859580993652429,11.419954299926617],[104.859580993652429,11.420787811279178]]]]}},
{"type":"Feature","properties":{},"geometry":{"type":"MultiPolygon","coordinates":[[[[98.931266784668153,27.338222503662116],[98.932098388672046,27.339056015014588],[98.932098388672046,27.338222503662116],[98.931266784668153,27.338222503662116]]],[[[94.43711853027358,33.769031524658203],[94.436286926269702,33.768196105956967],[94.436286926269702,33.769031524658203],[94.43711853027358,33.769031524658203]]],[[[101.749588012695526,21.587274551391559],[101.757926940918125,21.532413482665994],[101.777923583984503,21.516580581664972],[101.735420227050938,21.483247756957983],[101.754592895508068,21.441579818725568],[101.727088928222784,21.352413177490174],[101.757926940918125,21.291580200195263],[101.797920227051065,21.290746688842791],[101.811256408691676,21.258247375488274],[101.843757629394688,21.254081726074151],[101.838752746582145,21.208248138427702],[101.789588928222813,21.20658111572267],[101.761253356933835,21.144081115722638],[101.716255187988537,21.143247604370078],[101.697090148926037,21.148248672485352],[101.699592590332216,21.170747756958001],[101.671257019043239,21.20491409301755],[101.596260070800923,21.177413940429627],[101.608757019043111,21.236581802368097],[101.531257629394801,21.255746841430682],[101.482925415039347,21.248247146606406],[101.45292663574233,21.225748062133757],[101.385421752929844,21.22908210754391],[101.286262512207301,21.176582336425746],[101.269592285156449,21.147415161132791],[101.300422668457259,21.129915237426736],[101.285423278808793,21.12241554260255],[101.281257629394759,21.079916000366165],[101.219589233398608,21.064081192016552],[101.192924499511832,21.018249511718693],[101.195426940918196,20.978248596191399],[101.1437606811525,20.961582183837905],[101.145423889160355,20.90741539001462],[101.108757019043125,20.873249053955071],[101.140426635742443,20.832416534423807],[101.139595031738466,20.795749664306577],[101.159591674804844,20.773250579833928],[101.149589538574389,20.747415542602536],[101.253761291504105,20.667417526245128],[101.250427246093864,20.618249893188437],[101.192924499511832,20.60908317565913],[101.193756103515895,20.524917602539009],[101.161262512207145,20.485750198364276],[101.108757019043125,20.529083251953132],[101.084594726562713,20.510749816894517],[101.048759460449361,20.512416839599549],[100.974594116211108,20.53824996948244],[100.947929382324432,20.576583862304702],[100.911262512207287,20.564083099365241],[100.878761291504091,20.628250122070305],[100.780426025390796,20.616582870483406],[100.757095336914176,20.58575057983392],[100.723762512207188,20.590749740600604],[100.700424194336122,20.564916610717713],[100.685424804687656,20.571584701538018],[100.665428161621278,20.548250198364219],[100.599594116211094,20.529083251953132],[100.567092895508083,20.484916687011715],[100.524597167968963,20.476583480834968],[100.526260375976818,20.52575111389157],[100.393760681152472,20.508251190185515],[100.428764343261946,20.564916610717713],[100.422927856445426,20.590749740600604],[100.327095031738409,20.579917907714854],[100.296264648437784,20.62158393859859],[100.256263732910398,20.619916915893558],[100.221260070801023,20.58575057983392],[100.21876525878929,20.549083709716779],[100.193763732910369,20.518251419067383],[100.203765869140824,20.474918365478526],[100.160430908203381,20.429084777831989],[100.130432128906364,20.338251113891562],[100.142929077148551,20.309917449951168],[100.120429992675994,20.273252487182617],[100.074600219726818,20.289085388183551],[100.05459594726581,20.327417373657223],[100.007095336914333,20.342418670654276],[99.869598388672074,20.234918594360355],[99.852928161621222,20.259918212890597],[99.804595947265767,20.270751953124936],[99.811264038086165,20.336584091186531],[99.731262207031492,20.349918365478462],[99.710433959961051,20.32408523559566],[99.680435180664304,20.316585540771474],[99.647102355957315,20.342418670654276],[99.609596252441577,20.332418441772408],[99.45210266113294,20.396585464477472],[99.387100219726818,20.544084548950185],[99.397933959961065,20.594083786010756],[99.476264953613537,20.574916839599581],[99.502098083496335,20.596584320068349],[99.625434875488551,20.524084091186538],[99.693763732910284,20.518251419067383],[99.716262817383026,20.559083938598647],[99.652099609375142,20.641584396362237],[99.662101745605597,20.669916152954041],[99.645431518554929,20.689083099365217],[99.528762817382926,20.674083709716754],[99.518768310547102,20.691583633422809],[99.517929077148679,20.726583480834918],[99.559600830078367,20.741582870483381],[99.542098999023722,20.766582489013622],[99.593765258789233,20.809082031250007],[99.573768615722855,20.815750122070312],[99.572097778320554,20.836582183837841],[99.607101440429844,20.878250122070256],[99.605430603027543,20.928249359130827],[99.632095336914318,20.969081878662092],[99.629600524902585,20.990749359130859],[99.581268310547131,21.103248596191374],[99.516265869140739,21.12241554260255],[99.512931823730582,21.188247680664055],[99.425430297851719,21.258247375488274],[99.421264648437685,21.291580200195263],[99.45210266113294,21.375747680664062],[99.476264953613452,21.381580352783217],[99.48293304443375,21.402414321899425],[99.488769531250171,21.448247909545874],[99.469596862793139,21.493246078491172],[99.437934875488452,21.499914169311477],[99.434600830078296,21.547412872314457],[99.336265563965014,21.6215801239013],[99.301269531250256,21.709913253784134],[99.241264343261875,21.70574569702142],[99.221267700195497,21.783245086669915],[99.242103576660284,21.812412261962869],[99.241264343261875,21.844078063964826],[99.290435791015739,21.859912872314439],[99.292098999023679,21.885746002197241],[99.26876831054706,21.909912109375011],[99.294601440429858,21.94407844543456],[99.252937316894716,22.025745391845678],[99.337097167968977,22.057411193847635],[99.334602355957159,22.074077606201129],[99.362098693847813,22.080743789672844],[99.363769531250199,22.106576919555646],[99.402931213379077,22.104911804199205],[99.429595947265753,22.127410888671854],[99.48293304443375,22.136577606201161],[99.478767395019716,22.149909973144503],[99.513763427734645,22.189077377319325],[99.507102966308878,22.229909896850589],[99.524597167968892,22.271577835083004],[99.472099304199418,22.291576385498061],[99.43876647949233,22.282409667968754],[99.410430908203267,22.298244476318366],[99.407936096191534,22.318243026733334],[99.379600524902543,22.317409515380863],[99.372100830078267,22.339076995849542],[99.392936706543153,22.381576538085927],[99.445434570312642,22.404075622558576],[99.465431213379105,22.397409439086861],[99.517929077148594,22.518241882324212],[99.557098388672003,22.534076690673825],[99.577934265136889,22.578243255615241],[99.645431518554929,22.581575393676715],[99.717102050781534,22.625741958618132],[99.705429077148594,22.667407989501957],[99.718765258789205,22.714075088500966],[99.702934265136861,22.759075164794854],[99.672935485840028,22.749074935913075],[99.660430908203296,22.773241043090756],[99.687934875488494,22.805742263793952],[99.657096862793153,22.880741119384766],[99.660430908203296,22.906574249267567],[99.637100219726676,22.934074401855401],[99.574600219726733,22.924907684326183],[99.554595947265909,22.959907531738292],[99.533767700195469,22.964075088500916],[99.517929077148679,23.034074783325135],[99.532936096191591,23.055740356445312],[99.512931823730582,23.084907531738267],[99.387931823730611,23.099906921386729],[99.333763122558736,23.146574020385739],[99.312103271484503,23.100740432739201],[99.277931213379105,23.111574172973629],[99.234603881836108,23.099906921386729],[99.230430603027528,23.084907531738267],[99.170433044433764,23.091573715209893],[99.162933349609489,23.17157363891598],[99.18543243408223,23.190740585327156],[99.172103881836065,23.268239974975561],[99.210433959961065,23.304073333740231],[99.189598083496264,23.329906463623033],[99.182937622070497,23.384906768798789],[99.219596862793097,23.449071884155263],[99.295433044433835,23.519071578979482],[99.320434570312671,23.58823776245114],[99.416267395019688,23.661571502685511],[99.498764038086094,23.681571960449158],[99.522933959961136,23.702404022216776],[99.554595947265909,23.686571121215753],[99.622100830078395,23.684904098510721],[99.638763427734531,23.699905395507773],[99.789596557617401,23.704071044921807],[99.859596252441619,23.787405014038047],[99.850433349609489,23.838237762451179],[99.87293243408223,23.865737915039013],[99.872100830078253,23.899904251098651],[99.895431518554872,23.917404174804705],[99.934600830078296,23.895736694335938],[99.954597473144759,23.757404327392532],[100.000427246093935,23.703237533569336],[100.00792694091821,23.670738220214819],[100.067932128906421,23.662405014038072],[100.111267089843864,23.682405471801719],[100.134597778320483,23.724905014038104],[100.129600524902571,23.756570816039972],[100.146263122558707,23.761571884155245],[100.141265869140796,23.804904937744102],[100.172927856445568,23.838237762451179],[100.16459655761733,23.878236770629883],[100.190429687500213,23.883237838745067],[100.198760986328281,23.955736160278288],[100.231262207031477,23.985736846923803],[100.217094421386989,24.064069747924769],[100.146263122558707,24.119903564453086],[100.165428161621293,24.157402038574197],[100.147926330566648,24.219068527221669],[100.114593505859574,24.246568679809503],[100.132095336914304,24.312402725219687],[100.101264953613409,24.325735092163029],[100.059600830078352,24.326568603515589],[99.984596252441591,24.259902954101523],[99.918762207031406,24.276569366455018],[99.846267700195455,24.271568298339833],[99.82876586914081,24.200735092163054],[99.729598999023636,24.168235778808537],[99.717933654785327,24.139068603515582],[99.653762817382997,24.122402191162088],[99.635429382324375,24.198236465454052],[99.65293121337902,24.219068527221669],[99.705429077148594,24.226568222045856],[99.702095031738452,24.25573539733881],[99.757934570312713,24.324068069457997],[99.746261596679858,24.348236083984357],[99.754600524902472,24.383235931396467],[99.786262512207244,24.373235702514599],[99.799598693847855,24.384901046752908],[99.804595947265767,24.428234100341765],[99.749595642090014,24.45823478698728],[99.757934570312713,24.499067306518544],[99.735435485839972,24.580734252929663],[99.676261901855639,24.590734481811531],[99.643768310547074,24.667400360107376],[99.619598388672031,24.672401428222649],[99.602096557617301,24.711566925048793],[99.624595642090043,24.749900817871055],[99.617095947265767,24.771566390991143],[99.592102050781378,24.776567459106417],[99.592933654785355,24.803234100341779],[99.56959533691419,24.814899444580089],[99.564598083496278,24.836566925048768],[99.572929382324347,24.893232345581055],[99.595428466797088,24.893232345581055],[99.620429992676009,24.924900054931602],[99.608764648437784,24.998231887817383],[99.564598083496278,24.979066848754886],[99.497100830078239,25.01823234558103],[99.472930908203296,25.044898986816392],[99.486267089843992,25.083232879638654],[99.43876647949233,25.153232574462873],[99.423767089843963,25.14906501770016],[99.38626861572294,25.180732727050795],[99.368766784668111,25.175731658935522],[99.3554306030275,25.196565628051729],[99.329597473144702,25.186565399169861],[99.326263427734546,25.167398452758775],[99.306266784668082,25.168231964111335],[99.31293487548848,25.196565628051729],[99.277099609375128,25.246564865112301],[99.292098999023594,25.249065399169893],[99.29376983642598,25.268232345581069],[99.216270446777486,25.31656455993652],[99.21293640136733,25.333230972290014],[99.194602966308722,25.31739807128908],[99.107933044433736,25.344898223876914],[99.10459899902358,25.404064178466793],[99.067100524902472,25.429063796997035],[99.091270446777514,25.451564788818363],[99.065437316894716,25.499063491821254],[99.077102661132926,25.526563644409176],[99.055435180664247,25.56739616394044],[99.056266784668139,25.624897003173789],[99.113769531250156,25.656562805175746],[99.100433349609546,25.6857299804687],[99.107933044433736,25.72156333923337],[99.150436401367301,25.755729675292919],[99.072937011718892,25.956562042236268],[98.999603271484531,26.077394485473619],[99.003768920898565,26.11406135559076],[99.02709960937527,26.139894485473651],[99.022102355957173,26.241561889648416],[99.041267395019759,26.259061813354471],[99.035430908203338,26.274894714355405],[99.007102966308707,26.276561737060526],[99.007102966308707,26.409059524536097],[99.020431518554872,26.439060211181612],[99.002098083496264,26.463226318359382],[99.015434265136875,26.499059677123963],[99.011268615722841,26.619892120361314],[99.034599304199361,26.650726318359389],[99.017097473144716,26.726558685302674],[99.025436401367415,26.749893188476562],[99.011268615722841,26.751558303833004],[99.007934570312685,26.773225784301772],[99.022933959961051,26.776557922363246],[99.032104492187628,26.8057250976562],[98.972938537597841,26.888225555419879],[98.983764648437642,26.944057464599606],[98.95960235595723,27.006557464599549],[98.985435485840028,27.059890747070273],[98.967933654785298,27.084056854248043],[98.983764648437642,27.164890289306602],[98.961265563965,27.181556701660096],[98.995437622070583,27.23405647277826],[98.986267089843921,27.272390365600522],[99.00627136230483,27.28155708312983],[99.007102966308707,27.303222656250007],[98.994598388672159,27.335723876953114],[98.922103881836122,27.339889526367148],[98.9037704467775,27.392389297485312],[98.916267395019787,27.439889907836882],[98.891265869140781,27.495721817016609],[98.907936096191534,27.529056549072276],[98.879600524902472,27.58072280883788],[98.917938232422088,27.635721206665046],[98.832099914550895,27.716554641723604],[98.874603271484546,27.755722045898427],[98.845436096191591,27.815721511840778],[98.847938537597869,27.844055175781261],[98.816268920898551,27.834054946899393],[98.797103881836051,27.855720520019482],[98.802101135254063,27.877388000488249],[98.785438537597841,27.900720596313459],[98.797103881836051,28.029054641723587],[98.753768920898608,28.089054107666026],[98.763771057129063,28.14072036743163],[98.743766784668239,28.149887084960938],[98.715438842773622,28.130720138549762],[98.685432434082159,28.193220138549794],[98.696266174316577,28.227386474609343],[98.712104797363466,28.231552124023377],[98.714599609375199,28.309886932373022],[98.753768920898608,28.338218688964826],[98.720436096191619,28.375719070434528],[98.680435180664233,28.476551055908143],[98.622932434082216,28.495718002319318],[98.632102966308878,28.578218460082997],[98.592933654785284,28.690717697143512],[98.572937011718906,28.702384948730412],[98.578773498535327,28.737384796142521],[98.549606323242372,28.827383041381797],[98.554603576660384,28.899049758911136],[98.522933959961065,28.909883499145476],[98.515434265136875,28.959882736206048],[98.494606018066534,28.955717086791925],[98.48460388183608,28.973217010497979],[98.479606628418153,29.039882659912045],[98.498771667480653,29.051549911499034],[98.503768920898565,29.114883422851538],[98.467933654785398,29.174049377441417],[98.447105407714957,29.15321540832521],[98.413772583007969,29.157382965087834],[98.390434265136903,29.199048995971658],[98.398773193359602,29.215715408325153],[98.353767395019673,29.243215560913075],[98.342102050781364,29.278215408325185],[98.313774108886918,29.286548614501932],[98.325439453125227,29.314048767089854],[98.271270751953352,29.31988143920892],[98.234603881836122,29.277381896972624],[98.218772888183778,29.304882049560547],[98.155441284179872,29.324882507324194],[98.149604797363438,29.359048843383743],[98.101272583007997,29.395715713500973],[98.097106933593864,29.429882049560522],[98.076271057129077,29.451547622680611],[98.076271057129162,29.504880905151335],[98.045440673828267,29.551548004150344],[98.051269531250242,29.575714111328114],[98.000434875488423,29.640714645385739],[98.002937316894702,29.714879989623991],[97.947937011718949,29.781547546386737],[97.917106628418139,29.781547546386737],[97.831275939941577,29.883213043212823],[97.849609375000185,29.897378921508725],[97.828773498535298,29.949045181274418],[97.854606628418196,29.972379684448217],[97.815437316894688,29.998212814331019],[97.792106628418253,30.104879379272468],[97.759605407715057,30.119878768920842],[97.739608764648594,30.103212356567347],[97.695442199707173,30.122379302978523],[97.676269531250142,30.108211517333942],[97.661270141601761,30.12987899780271],[97.649604797363452,30.109878540039062],[97.628776550293111,30.110712051391534],[97.609603881836065,30.146545410156204],[97.64460754394554,30.174045562744126],[97.620437622070497,30.185710906982436],[97.62544250488304,30.197378158569336],[97.559608459472855,30.270711898803707],[97.582107543945597,30.303211212158136],[97.504608154297017,30.351545333862266],[97.50543975830098,30.410711288452145],[97.44377136230483,30.438211441039979],[97.423774719238452,30.508211135864197],[97.389610290527585,30.525711059570252],[97.392105102539318,30.548210144042901],[97.358772277832145,30.577377319335945],[97.318771362304943,30.572376251220671],[97.287109375000171,30.52404403686522],[97.243774414062628,30.580709457397418],[97.210441589355639,30.590709686279286],[97.227111816406406,30.672376632690405],[97.194610595703296,30.704875946044922],[97.164611816406463,30.704042434692361],[97.138778686523665,30.731542587280284],[97.093772888183736,30.730709075927724],[97.075439453125213,30.766542434692393],[97.042945861816548,30.769042968749986],[96.974609375000185,30.840709686279236],[96.922943115234489,30.826541900634744],[96.900444030761932,30.863208770751886],[96.880439758300923,30.863208770751886],[96.848777770996236,30.911542892456016],[96.768775939941563,30.978208541870082],[96.73877716064473,30.963209152221619],[96.706275939941619,30.98904228210451],[96.661277770996236,30.954875946044872],[96.621276855468935,30.963209152221619],[96.607109069824361,30.946542739868125],[96.551277160644716,30.987375259399389],[96.51294708251973,30.975708007812489],[96.492111206054844,30.998208999633729],[96.447113037109546,30.989875793456982],[96.466278076172046,31.043209075927706],[96.512947082519815,31.078208923339815],[96.460441589355611,31.133207321166982],[96.429611206054815,31.114042282104485],[96.408775329590014,31.134874343872013],[96.384613037109517,31.129875183105419],[96.365447998047017,31.170707702636683],[96.374610900879048,31.182374954223583],[96.347114562988395,31.207374572753913],[96.282112121582188,31.216541290283221],[96.272109985351818,31.231540679931594],[96.250442504882955,31.224874496459968],[96.175445556640824,31.269041061401385],[96.100448608398608,31.28654098510744],[96.053779602050909,31.328207015991175],[96.059616088867429,31.347373962402351],[96.037117004394688,31.370706558227472],[95.988777160644787,31.396539688110362],[95.947944641113438,31.392374038696239],[95.957946777343892,31.416540145874009],[95.934616088867358,31.421539306640604],[95.92378234863294,31.406539916992141],[95.890449523925952,31.432373046874943],[95.856277465820455,31.423206329345636],[95.85295104980483,31.443206787109371],[95.807113647461122,31.464040756225579],[95.810447692871264,31.514039993286151],[95.840446472168196,31.519872665405217],[95.822944641113551,31.541540145873984],[95.64961242675794,31.534872055053679],[95.611282348632955,31.540706634521424],[95.603782653808764,31.574039459228501],[95.580451965332145,31.583206176757809],[95.560447692871236,31.559873580932599],[95.536285400390824,31.566539764404315],[95.559616088867344,31.609039306640611],[95.497947692871293,31.698205947875916],[95.512115478515781,31.757371902465795],[95.478782653808793,31.79903793334962],[95.453781127929872,31.804872512817365],[95.460449218750171,31.819038391113267],[95.438781738281406,31.833204269409169],[95.406280517578296,31.913204193115167],[95.359619140625242,31.940704345703089],[95.301284790039333,31.926538467407187],[95.207946777343864,31.976537704467759],[95.150451660156378,31.952371597289989],[95.096282958984588,31.984870910644506],[95.027114868164247,31.986537933349627],[94.997116088867415,32.034870147705078],[95.001281738281449,32.066535949707038],[94.938781738281421,32.073204040527344],[94.923782348632955,32.094871520996108],[94.89461517334,32.088203430175717],[94.902954101562784,32.138202667236285],[94.892120361328267,32.144870758056591],[94.827949523926023,32.142372131347592],[94.817115783691591,32.159870147705057],[94.786285400390796,32.099037170410142],[94.746284484863494,32.130702972412102],[94.678787231445455,32.098205566406264],[94.634620666504048,32.125705718994098],[94.662117004394787,32.161537170410178],[94.638786315918253,32.204872131347621],[94.616287231445426,32.183204650878857],[94.590454101562713,32.183204650878857],[94.567955017089972,32.15486907958978],[94.540451049804872,32.170703887939396],[94.527122497558707,32.274036407470689],[94.495452880859574,32.294036865234339],[94.482955932617472,32.325702667236293],[94.448783874511889,32.328201293945298],[94.429618835449389,32.349868774414062],[94.432952880859631,32.372367858886712],[94.393783569336222,32.381534576416023],[94.338783264160284,32.361537933349553],[94.312950134277486,32.381534576416023],[94.31545257568375,32.399036407470668],[94.295455932617372,32.403202056884702],[94.299621582031406,32.414871215820277],[94.220451354980611,32.435703277587898],[94.193786621093935,32.409870147705092],[94.18378448486348,32.431537628173771],[94.163787841797003,32.428203582763622],[94.152122497558793,32.457370758056577],[94.179618835449347,32.457370758056577],[94.191284179687656,32.517368316650334],[94.249618530273565,32.519035339355455],[94.286285400390796,32.494037628173807],[94.316284179687727,32.53320312499995],[94.350456237793225,32.53820419311522],[94.367950439453239,32.524868011474609],[94.393783569336136,32.604034423828139],[94.434616088867301,32.564037322998026],[94.462120056152585,32.574035644531214],[94.467117309570497,32.611534118652322],[94.531288146972926,32.599868774414013],[94.566284179687671,32.632369995117124],[94.595451354980625,32.632369995117124],[94.597122192382926,32.659034729003892],[94.615455627441634,32.671535491943352],[94.573783874511861,32.702369689941342],[94.611282348632969,32.715702056884773],[94.608787536621236,32.734867095947266],[94.562118530273551,32.753200531005795],[94.485450744629034,32.719867706298807],[94.460449218750199,32.737369537353452],[94.43545532226581,32.71486663818353],[94.365455627441591,32.755702972412067],[94.362953186035327,32.789867401123026],[94.379623413086094,32.79903411865233],[94.352119445800895,32.829868316650405],[94.365455627441591,32.877368927001889],[94.347953796386861,32.892368316650348],[94.384620666504091,32.928199768066342],[94.393783569336222,32.977367401123033],[94.372955322265781,32.976531982421882],[94.331283569336094,33.009868621826136],[94.289619445800952,32.997367858886676],[94.22879028320331,33.016532897949176],[94.191284179687656,33.001533508300803],[94.095451354980639,33.058200836181591],[94.069618225097926,33.044033050537095],[94.078788757324418,33.028202056884751],[94.06462097167983,33.021533966064446],[94.024620056152543,33.034034729003906],[94.009620666504077,33.059032440185561],[93.984619140625156,33.054866790771435],[93.951286315918168,33.082366943359361],[93.964622497558778,33.10570144653316],[93.94461822509777,33.124034881591776],[93.942123413086222,33.173198699951108],[93.927955627441548,33.191532135009723],[93.901290893554872,33.179866790771499],[93.882118225097827,33.190700531005838],[93.859619140625185,33.264865875244091],[93.897125244140739,33.294033050537045],[93.929618835449489,33.292366027832017],[93.914619445800938,33.352367401123047],[93.937118530273594,33.35986709594723],[94.013786315918111,33.293197631835895],[94.048789978027486,33.323200225830092],[94.08378601074233,33.32403182983397],[94.078788757324418,33.34736633300777],[94.096290588379063,33.352367401123047],[94.149620056152514,33.323200225830092],[94.197120666504176,33.342365264892585],[94.227119445801009,33.314033508300781],[94.245452880859531,33.35403060913081],[94.240455627441619,33.392364501953068],[94.282119750976676,33.397365570068345],[94.254623413086108,33.419864654540994],[94.259620666504119,33.516532897949162],[94.227119445800923,33.557365417480426],[94.263786315918153,33.614864349365185],[94.257957458496264,33.631530761718771],[94.284622192382955,33.639030456542955],[94.365455627441591,33.611530303955035],[94.393783569336222,33.62819671630853],[94.384620666504091,33.65319824218745],[94.442123413086122,33.736530303955099],[94.43545532226581,33.766529083251932],[94.467117309570497,33.794029235839858],[94.488784790039176,33.805698394775348],[94.522949218750142,33.797363281250007],[94.54545593261733,33.824863433837841],[94.65711975097669,33.796531677246037],[94.703788757324375,33.759864807128899],[94.711288452148565,33.714862823486328],[94.823783874511903,33.667366027832031],[94.807121276855582,33.65402984619142],[94.818786621093892,33.62819671630853],[94.800453186035369,33.618198394775341],[94.814620971679858,33.564029693603466],[94.830451965332202,33.575698852539041],[94.866287231445554,33.565696716308587],[94.885452270508054,33.580699920654318],[94.956283569336151,33.559864044189432],[94.982948303222926,33.575698852539041],[95.035453796386946,33.531532287597628],[95.052116394043082,33.548198699951122],[95.087120056152457,33.548198699951122],[95.087120056152457,33.567363739013615],[95.125450134277543,33.589031219482386],[95.156280517578267,33.524032592773438],[95.18628692626973,33.505699157714822],[95.211280822754105,33.438198089599609],[95.24044799804706,33.455699920654254],[95.291282653808778,33.413200378417955],[95.311279296875156,33.43903350830076],[95.357948303222855,33.422367095947266],[95.405448913574418,33.382366180419879],[95.422950744629063,33.388198852539034],[95.465446472168097,33.36653137207027],[95.488784790039247,33.339866638183587],[95.527946472168125,33.34736633300777],[95.55545043945331,33.323200225830092],[95.556282043457287,33.30069732666017],[95.615447998047074,33.304031372070327],[95.632118225097841,33.325698852539006],[95.657112121582216,33.304031372070327],[95.690444946289205,33.339866638183587],[95.742111206054901,33.282367706298828],[95.789611816406378,33.284866333007827],[95.791282653808864,33.249031066894482],[95.841278076172074,33.206531524658182],[95.864616394043139,33.210700988769489],[95.932945251464972,33.171531677246072],[95.937110900879091,33.197364807128878],[95.984611511230668,33.230697631835952],[96.069610595703253,33.236534118652287],[96.274612426757997,33.044868469238246],[96.332946777343906,33.02569961547848],[96.387947082519659,33.044868469238246],[96.399612426757969,33.022365570068331],[96.425445556640781,33.028202056884751],[96.42211151123071,33.009033203124986],[96.448776245117301,32.969867706298842],[96.540443420410384,32.959033966064418],[96.661277770996236,32.986534118652337],[96.65794372558608,32.963199615478452],[96.697113037109489,32.927368164062457],[96.689613342285398,32.894866943359354],[96.707946777343921,32.857368469238239],[96.797111511230639,32.823200225830014],[96.797943115234517,32.784866333007749],[96.897941589355668,32.731533050537116],[96.881278991699347,32.692367553710881],[96.897941589355753,32.677368164062507],[97.062110900879048,32.588203430175795],[97.079612731933778,32.60486984252929],[97.117111206054801,32.605701446533168],[97.165443420410341,32.576534271240213],[97.225440979004105,32.566535949707024],[97.253776550293097,32.577369689941364],[97.316276550293125,32.524036407470639],[97.387939453125199,32.503204345703111],[97.348777770996236,32.469036102294886],[97.34710693359402,32.434036254882777],[97.385444641113551,32.431537628173771],[97.399604797363409,32.404037475585938],[97.473777770996293,32.387371063232358],[97.483772277832301,32.372367858886712],[97.551277160644702,32.378204345703139],[97.674606323242372,32.280704498290994],[97.702110290527472,32.276535034179695],[97.711273193359517,32.290702819824183],[97.763771057129176,32.242370605468736],[97.797103881836165,32.250701904296889],[97.836273193359489,32.21487045288081],[97.872108459472841,32.22320175170897],[97.94210815429706,32.148204803466747],[97.963775634765824,32.152370452880866],[97.953773498535284,32.089870452880838],[97.902938842773551,32.084037780761683],[97.895439147949375,32.057369232177727],[97.845436096191619,32.058204650878878],[97.83960723876973,31.994871139526374],[97.861274719238409,31.969038009643572],[97.860435485839986,31.944871902465803],[97.818771362304844,31.919872283935561],[97.865440368652528,31.844038009643509],[97.828773498535298,31.807371139526367],[97.871269226074418,31.719871520996094],[97.86293792724635,31.672372817993114],[97.892936706543097,31.665706634521488],[97.917106628418139,31.620706558227511],[97.855438232422074,31.579872131347656],[97.847106933593921,31.491539001464822],[97.817939758300966,31.502372741699162],[97.767105102539247,31.485706329345668],[97.733772277832159,31.521539688110337],[97.692939758300895,31.50070571899413],[97.725440979004091,31.428207397460909],[97.690437316894716,31.395706176757802],[97.723770141601705,31.332374572753888],[97.701271057129148,31.302373886108374],[97.702110290527472,31.270708084106417],[97.75877380371108,31.236541748046868],[97.762107849121236,31.211540222167947],[97.812942504882955,31.205707550048793],[97.818771362304844,31.176540374755838],[97.848770141601676,31.176540374755838],[97.856269836425952,31.137374877929695],[97.878768920898608,31.130708694457979],[97.861274719238409,31.067375183105476],[97.92460632324233,30.999042510986289],[97.908775329590071,30.94070816040038],[97.955436706543125,30.851541519164986],[98.019607543945469,30.849042892456072],[98.081268310547074,30.796543121337908],[98.178771972656392,30.792375564575195],[98.184600830078281,30.817375183105437],[98.201271057129048,30.813209533691403],[98.220436096191548,30.791542053222635],[98.203773498535313,30.761543273925799],[98.228767395019702,30.710710525512667],[98.207107543945469,30.685708999633746],[98.299606323242344,30.637376785278295],[98.312103271484531,30.604043960571307],[98.362106323242372,30.580709457397418],[98.396270751953239,30.52321052551266],[98.427101135254048,30.508211135864197],[98.434600830078409,30.453210830688441],[98.506271362304844,30.425710678100518],[98.487937927246222,30.384044647216783],[98.506271362304929,30.347377777099553],[98.484603881836165,30.314878463745124],[98.519599914550909,30.222377777099577],[98.502937316894688,30.199878692626928],[98.476272583008097,30.203210830688491],[98.482101440429801,30.159877777099545],[98.460433959961122,30.11821174621581],[98.478767395019645,30.096546173095721],[98.495437622070497,30.005712509155206],[98.44627380371108,29.997379302978459],[98.417938232422003,30.024879455566381],[98.401268005371335,29.981546401977525],[98.476272583008011,29.903213500976559],[98.456268310547088,29.874046325683604],[98.481269836426009,29.826545715332035],[98.462936401367301,29.78404617309565],[98.509605407715085,29.70154762268065],[98.461273193359631,29.661546707153267],[98.482933044433864,29.627380371093718],[98.485435485840043,29.551548004150344],[98.576271057129148,29.467380523681634],[98.585433959961094,29.374048233032205],[98.605438232422102,29.350715637206996],[98.631271362304815,29.354047775268558],[98.657936096191676,29.276548385620064],[98.710433959961165,29.251548767089822],[98.700439453125242,29.210716247558558],[98.731269836426051,29.184049606323196],[98.722938537597798,29.161548614501957],[98.740432739257997,29.130716323852472],[98.716270446777585,29.089050292968736],[98.75710296630885,29.007383346557617],[98.786270141601804,29.002382278442344],[98.814605712890881,28.952383041381772],[98.827934265136861,28.822383880615202],[98.850433349609602,28.802383422851555],[98.871269226074489,28.813217163085895],[98.912101745605753,28.803216934204116],[98.927932739258097,28.824050903320323],[98.962104797363409,28.799051284789993],[98.956268310546989,28.754051208496104],[98.977104187011875,28.742383956909116],[98.970436096191662,28.69988441467282],[98.985435485840028,28.682384490966765],[98.975433349609574,28.631551742553722],[98.987098693847884,28.519052505493118],[98.972938537597841,28.494050979614197],[99.008766174316563,28.483219146728448],[99.022102355957173,28.436552047729439],[99.04293823242206,28.419885635375945],[99.038764953613395,28.400718688964858],[98.962104797363409,28.358219146728473],[98.954605102539318,28.338218688964826],[98.973770141601719,28.325719833373956],[98.974601745605696,28.204885482788104],[99.012931823730597,28.148220062255817],[99.056266784668139,28.127386093139609],[99.017097473144716,28.064886093139666],[99.012100219726804,28.00905418395994],[99.022933959961051,27.986553192138611],[99.086265563964972,27.952386856079062],[99.0912704467776,27.906555175781204],[99.131263732910355,27.887388229370117],[99.140434265136847,27.850721359252887],[99.125434875488466,27.84155464172358],[99.119598388672046,27.799888610839844],[99.137931823730668,27.772388458251921],[99.120437622070554,27.754888534545866],[99.132102966308864,27.71238899230957],[99.116264343261889,27.674055099487308],[99.147933959961208,27.649055480956978],[99.169601440429886,27.665721893310561],[99.184600830078267,27.654888153076133],[99.188766479492472,27.465723037719684],[99.233764648437685,27.470722198486278],[99.223770141601761,27.435722351074169],[99.273765563964972,27.417388916015643],[99.26876831054706,27.384056091308565],[99.284599304199403,27.361557006835916],[99.274597167969034,27.340723037719709],[99.337097167968977,27.264890670776335],[99.357101440429801,27.209056854248018],[99.383766174316577,27.180723190307624],[99.417930603027543,27.198223114013679],[99.428764343261875,27.157390594482415],[99.453765869140796,27.149057388305668],[99.452934265136918,27.11489105224603],[99.410430908203352,27.105724334716811],[99.397102355957188,27.069057464599581],[99.469596862793139,27.023223876953132],[99.534599304199446,26.869892120361264],[99.575431823730625,26.858224868774364],[99.56959533691419,26.799892425537045],[99.599601745605653,26.707391738891587],[99.67793273925794,26.672391891479478],[99.702934265136861,26.628225326538061],[99.726264953613395,26.623226165771467],[99.776268005371236,26.647392272949237],[99.782928466797003,26.664892196655291],[99.844596862793153,26.660726547241168],[99.916267395019673,26.72155952453608],[99.932098388672017,26.763225555419904],[99.969596862793125,26.75822639465331],[99.982933044433736,26.785724639892553],[100.018760681152457,26.782392501830991],[100.03126525878919,26.71072578430174],[100.047096252441534,26.70989227294918],[100.03543090820331,26.84155845642087],[100.05043029785169,26.863225936889638],[100.075431823730611,26.867391586303672],[100.07376098632831,26.894058227539034],[100.111267089843864,26.943223953247045],[100.105430603027528,26.987390518188462],[100.138763427734517,26.991558074951175],[100.163764953613438,26.934890747070298],[100.160430908203296,26.904058456420902],[100.177093505859517,26.899890899658189],[100.180427551269673,26.876558303832979],[100.166259765625171,26.797391891479453],[100.134597778320483,26.766559600830057],[100.142929077148551,26.726558685302674],[100.122932434082173,26.731559753417947],[100.107093811035384,26.68655967712397],[100.125427246093906,26.677392959594663],[100.151260375976719,26.691558837890565],[100.155433654785284,26.647392272949237],[100.083763122558764,26.602392196655259],[100.075431823730611,26.519060134887699],[100.027099609375156,26.484893798828061],[100.050430297851776,26.451560974121072],[100.048767089843921,26.426559448242152],[99.991264343261989,26.383226394653295],[99.960433959961179,26.405727386474624],[99.936264038086051,26.40072631835935],[99.912933349609517,26.220727920532209],[99.861267089844006,26.193227767944286],[99.854598999023608,26.15156173706055],[99.836265563965085,26.134895324706967],[99.846267700195455,26.073228836059585],[99.861267089844006,26.064062118530277],[99.847930908203395,26.05572891235353],[99.868766784668196,26.022396087646452],[99.860427856445497,26.004062652587837],[99.892097473144815,25.940729141235334],[99.908767700195483,25.944894790649368],[99.94626617431669,25.883228302001896],[99.972099304199489,25.890729904174762],[99.976264953613523,25.869895935058555],[100.017097473144787,25.836563110351566],[100.0429306030275,25.753229141235327],[100.081260681152585,25.715730667114215],[100.090431213379162,25.67322921752924],[100.127098083496207,25.620729446411076],[100.181266784668082,25.592397689819272],[100.209594726562713,25.597396850585955],[100.240432739258054,25.562397003173846],[100.279594421386932,25.550729751586857],[100.270431518554801,25.519897460937372],[100.184593200683793,25.542396545410021],[100.174598693847784,25.525730133056527],[100.092094421386832,25.524896621703967],[100.085433959961065,25.487398147582944],[100.102096557617386,25.458230972289901],[100.086265563965043,25.426565170287944],[100.139595031738409,25.414064407348572],[100.147926330566563,25.364065170288001],[100.180427551269673,25.355731964111342],[100.179595947265781,25.31739807128908],[100.207931518554858,25.29156494140619],[100.188766479492273,25.251564025878807],[100.216262817382926,25.249065399169893],[100.217094421386903,25.214065551757784],[100.245429992675966,25.165731430053654],[100.230430603027514,25.139064788818292],[100.19542694091804,25.139898300170763],[100.218765258789205,25.059064865112205],[100.282928466796989,25.000732421874975],[100.328765869140796,24.997400283813413],[100.309593200683764,24.964899063110305],[100.287925720215,24.960733413696271],[100.292930603027543,24.904066085815305],[100.330429077148565,24.89990043640136],[100.401260375976662,24.836566925048768],[100.420425415039247,24.839067459106449],[100.483764648437614,24.794900894165032],[100.512092590332145,24.724067687988164],[100.533760070800909,24.712400436401353],[100.558761596679744,24.653234481811385],[100.631263732910327,24.569067001342763],[100.632095336914205,24.532402038574123],[100.664596557617315,24.517400741577159],[100.672927856445469,24.448234558105412],[100.69376373291027,24.419067382812369],[100.688758850097813,24.38490104675282],[100.733764648437656,24.346569061279236],[100.776260375976676,24.359901428222667],[100.800430297851719,24.336568832397457],[100.792930603027528,24.295736312866193],[100.819595336914219,24.286569595336886],[100.829597473144673,24.237401962280195],[100.875427246093935,24.188236236572273],[100.861259460449361,24.172403335571161],[100.890426635742315,24.154069900512635],[100.898757934570469,24.071569442748956],[100.945426940918153,24.048236846923835],[100.941261291504034,23.956569671630849],[100.962928771972798,23.941570281982386],[100.954589843750114,23.904903411865245],[101.017089843750142,23.8615703582763],[100.991256713867344,23.7674045562744],[101.017929077148565,23.744903564453072],[101.01209259033223,23.711570739746083],[101.028762817382983,23.679904937744126],[100.992095947265668,23.629905700683466],[101.031257629394716,23.580738067626953],[101.012924194336108,23.566572189330962],[101.068756103515739,23.435739517211921],[101.07626342773456,23.37240600585924],[101.117927551269702,23.323240280151317],[101.114593505859546,23.299072265624957],[101.088760375976747,23.279073715209901],[101.08959197998054,23.234907150268484],[101.117927551269702,23.160739898681552],[101.109596252441548,23.13490676879875],[101.139595031738381,23.125740051269442],[101.128761291504048,23.091573715209893],[101.188758850097713,23.095741271972518],[101.20125579834,23.106573104858356],[101.194595336914233,23.132406234741158],[101.226257324218921,23.128240585327124],[101.279594421386818,23.056573867797784],[101.245422363281321,23.066574096679563],[101.224594116211065,23.047407150268477],[101.320426940918082,22.976573944091697],[101.296257019043139,22.959074020385643],[101.355422973632926,22.920740127563469],[101.355422973632926,22.889907836914073],[101.337928771972727,22.879907608032116],[101.358757019043082,22.837408065795909],[101.353759765625071,22.794075012206964],[101.389595031738423,22.761575698852447],[101.391258239746278,22.734075546264524],[101.435424804687685,22.711574554443374],[101.455421447754063,22.674909591674822],[101.495422363281364,22.686574935913043],[101.53542327880875,22.65907478332521],[101.512924194336094,22.619075775146417],[101.548759460449361,22.565742492675692],[101.608757019043111,22.536575317382827],[101.677093505859574,22.465742111206048],[101.665420532226719,22.419910430908189],[101.647926330566619,22.414075851440444],[101.670425415039176,22.37324333190918],[101.644592285156463,22.359909057617159],[101.652923583984531,22.33657646179195],[101.625427246093878,22.275743484497038],[101.566261291504176,22.275743484497038],[101.548759460449446,22.243244171142521],[101.604591369629077,22.15824317932125],[101.602088928222898,22.131578445434567],[101.573760986328367,22.116577148437514],[101.631256103515852,22.014078140258778],[101.60125732421902,21.969911575317361],[101.654594421386832,21.953245162963867],[101.667922973633083,21.93241119384766],[101.698753356933707,21.945745468139592],[101.696258544922159,21.903245925903295],[101.736259460449361,21.878244400024375],[101.739593505859602,21.848245620727539],[101.784591674804901,21.825744628906211],[101.742919921875128,21.749078750610366],[101.746253967285369,21.727413177490188],[101.769592285156435,21.714912414550728],[101.781257629394659,21.638246536254883],[101.808753967285313,21.64574623107907],[101.83292388916044,21.613246917724553],[101.803756713867401,21.578247070312443],[101.749588012695526,21.587274551391559]],[[95.85295104980483,31.443206787109371],[95.853782653808722,31.444040298461932],[95.85295104980483,31.444040298461932],[95.85295104980483,31.443206787109371]],[[101.748756408691548,21.587413787841751],[101.749588012695526,21.588247299194311],[101.748756408691548,21.588247299194311],[101.748756408691548,21.587413787841751]]]]}},
{"type":"Feature","properties":{},"geometry":{"type":"MultiPolygon","coordinates":[[[[107.595397949218849,14.866606712341216],[107.596237182617358,14.865773200988656],[107.595397949218849,14.865773200988656],[107.595397949218849,14.866606712341216]]],[[[107.596237182617358,14.866606712341216],[107.584564208984418,14.893273353576578],[107.489570617675909,14.944106101989622],[107.477066040039176,14.993272781371928],[107.460403442382955,14.997439384460346],[107.472900390625057,15.020772933959851],[107.509567260742287,15.024939537048269],[107.539566040039119,15.04993915557851],[107.580398559570384,15.029106140136598],[107.621231079101648,15.050772666931071],[107.597900390625128,15.089105606078949],[107.623733520508011,15.113272666931014],[107.64540100097669,15.111605644225982],[107.650398254394602,15.135772705078047],[107.635398864746151,15.157439231872431],[107.64706420898446,15.200772285461287],[107.682067871093921,15.187438964843651],[107.673736572265682,15.218272209167342],[107.686233520507869,15.235772132873397],[107.713729858398523,15.204938888549705],[107.773735046386818,15.22327232360832],[107.762069702148509,15.167438507080004],[107.787902832031307,15.113272666931014],[107.795402526855497,15.037439346313345],[107.867897033691548,15.034106254577576],[107.877899169922003,15.05577278137196],[107.907066345214957,15.000772476196204],[107.932899475097756,15.000772476196204],[107.957901000976676,15.037439346313434],[107.990402221679787,14.999106407165378],[108.021232604980582,15.001605987548764],[108.055397033691463,14.982439994811973],[108.048728942871151,14.940773010253764],[108.087898254394659,14.903273582458358],[108.104560852050881,14.904939651489183],[108.16873168945321,14.979939460754292],[108.194564819336023,14.969106674194336],[108.201232910156321,14.94993972778316],[108.179565429687557,14.909939765930162],[108.192893981933707,14.900773048400854],[108.192062377929744,14.854106903076051],[108.227897644043097,14.844940185546832],[108.234565734863395,14.808273315429602],[108.257064819336051,14.795773506164437],[108.284561157226619,14.819107055664031],[108.298728942871193,14.809106826782163],[108.282897949218849,14.726607322692779],[108.257064819336051,14.719107627868503],[108.249565124511776,14.682440757751362],[108.258728027343807,14.669940948486197],[108.289566040039148,14.674941062927175],[108.294563293457159,14.660774230956889],[108.311233520507926,14.678274154662944],[108.332061767578182,14.668273925781165],[108.367065429687557,14.679941177368153],[108.381233215332145,14.664107322692836],[108.381233215332145,14.611607551574672],[108.39456176757821,14.600774765014627],[108.374565124511832,14.599941253662067],[108.357063293457102,14.569941520690847],[108.39456176757821,14.533274650573706],[108.367897033691534,14.502441406249925],[108.380393981933722,14.490775108337321],[108.355400085449332,14.426609039306552],[108.370399475097713,14.404941558837784],[108.362899780273523,14.372442245483267],[108.396232604980611,14.318275451660071],[108.337898254394602,14.244109153747523],[108.268730163574276,14.230775833129798],[108.265396118164119,14.15744304656981],[108.253730773925895,14.153276443481303],[108.264564514160242,14.119110107421843],[108.221229553222784,14.118276596069194],[108.16873168945321,14.028276443481328],[108.121231079101648,13.999943733215229],[108.137062072753992,13.949110031127891],[108.092895507812571,13.9349441528319],[108.045394897460994,13.887444496154714],[107.900398254394645,13.913277626037605],[107.842895507812614,13.880777359008793],[107.838729858398494,13.85827732086176],[107.821235656738395,13.874943733215254],[107.812896728515696,13.85827732086176],[107.753730773925909,13.857443809509199],[107.697898864746179,13.799944877624441],[107.64540100097669,13.800777435302706],[107.599563598632884,13.774944305419904],[107.599563598632884,13.754111289977992],[107.557899475097742,13.736611366271937],[107.524566650390753,13.694111824035641],[107.494567871093821,13.703278541564949],[107.45790100097669,13.684945106506333],[107.454566955566534,13.72744464874263],[107.433731079101648,13.752444267272871],[107.39623260498054,13.720778465271003],[107.378730773925895,13.730777740478487],[107.361236572265696,13.664944648742598],[107.323738098144588,13.679944992065355],[107.242904663086023,13.673277854919434],[107.197898864746193,13.69744491577141],[107.171234130859503,13.685778617858894],[107.161231994628963,13.705778121948246],[107.124565124511818,13.704111099243036],[107.081237792968906,13.745778083801156],[107.043739318847713,13.746611595153716],[107.045402526855554,13.781611442565826],[107.031234741211065,13.796610832214288],[107.040405273437642,13.823277473449561],[106.991233825683679,13.856611251830934],[107.012069702148565,13.884943962097033],[106.995399475097713,13.919943809509142],[106.951232910156307,13.925777435302592],[106.916236877441548,13.894944190978901],[106.856239318847784,13.89911079406723],[106.854568481445398,13.931610107421747],[106.807899475097798,13.976610183715724],[106.81540679931652,14.077443122863635],[106.782066345214915,14.121609687805051],[106.756233215332102,14.219109535217193],[106.769569396972713,14.232442855834829],[106.758735656738466,14.26327610015861],[106.796234130859489,14.285776138305554],[106.773735046386847,14.3224420547484],[106.793739318847756,14.340775489807015],[106.838737487793054,14.293275833129741],[106.867904663086009,14.319108963012543],[106.893737792968807,14.313275337219093],[106.901237487793082,14.334941864013565],[106.967903137207159,14.315775871276774],[106.975402832031335,14.35910892486563],[106.995399475097713,14.356608390808038],[107.013732910156421,14.396608352661037],[107.045402526855554,14.417442321777244],[107.037071228027401,14.447442054748464],[107.077903747558665,14.426609039306552],[107.093734741211009,14.392441749572619],[107.149566650390824,14.423274993896399],[107.163734436035227,14.415775299072124],[107.189567565918026,14.437441825866596],[107.20706939697277,14.4891080856322],[107.254570007324332,14.48994159698476],[107.258735656738367,14.538274765014506],[107.281234741211023,14.547441482543814],[107.298736572265838,14.588274955749373],[107.33873748779304,14.585774421691781],[107.374565124511761,14.540774345397804],[107.447067260742344,14.528274536132727],[107.464569091796989,14.618274688720593],[107.492065429687642,14.621607780456451],[107.519569396972742,14.649941444396845],[107.562065124511861,14.729106903076076],[107.610397338867401,14.684107780456394],[107.678733825683679,14.706607818603427],[107.661231994629034,14.736607551574558],[107.669563293457102,14.759940147399767],[107.637069702148622,14.78660678863513],[107.630401611328224,14.864939689636095],[107.596237182617358,14.866606712341216]]]]}},
{"type":"Feature","properties":{},"geometry":{"type":"Polygon","coordinates":[[[108.014564514160284,13.887444496154714],[107.995399475097784,13.854110717773342],[107.999565124511818,13.794944763183551],[108.059562683105497,13.735777854919377],[108.112068176269602,13.627445220947191],[108.092063903808693,13.574111938476467],[108.10706329345706,13.543278694152775],[108.103729248046903,13.488279342651314],[108.137901306152401,13.498278617858798],[108.16289520263679,13.452445983886644],[108.185394287109432,13.461612701415952],[108.213729858398509,13.444112777709897],[108.225395202636818,13.397445678710888],[108.208732604980511,13.375779151916504],[108.227066040039119,13.316613197326625],[108.212066650390653,13.304945945739725],[108.238731384277429,13.284946441650373],[108.264564514160242,13.231613159179648],[108.265396118164119,13.160779953002869],[108.29623413085946,13.150780677795385],[108.312065124511804,13.114113807678155],[108.329566955566534,13.116613388061452],[108.308731079101648,13.013280868530243],[108.324562072753992,12.999947547912518],[108.322898864746151,12.975781440734837],[108.302894592285227,12.948281288146914],[108.314567565917983,12.907447814941355],[108.342063903808636,12.883281707763585],[108.415397644043097,12.862447738647466],[108.472892761230497,12.781615257263114],[108.521232604980497,12.750782012939423],[108.675392150878963,12.768281936645478],[108.692893981933622,12.725782394409181],[108.748725891113338,12.704948425292974],[108.772895812988381,12.65244865417481],[108.767898559570369,12.613282203674283],[108.747062683105582,12.594116210937491],[108.74789428710946,12.479949951171855],[108.698730468750043,12.474116325378406],[108.667892456054787,12.425783157348571],[108.688728332519588,12.374950408935527],[108.682899475097699,12.318284034728945],[108.707893371582074,12.302450180053716],[108.699562072754006,12.244950294494574],[108.717895507812528,12.212450981140057],[108.617897033691477,12.191617965698233],[108.617065429687514,12.164117813110311],[108.591232299804716,12.150784492492674],[108.528732299804673,12.164117813110311],[108.458732604980554,12.107451438903729],[108.42206573486331,12.127450942993081],[108.36956024169929,12.09745121002195],[108.342895507812528,12.106617927551257],[108.305397033691492,12.06828498840329],[108.281227111816463,12.070784568786587],[108.254562377929773,12.049951553344675],[108.243728637695341,12.015785217285126],[108.198730468750057,11.991618156433061],[108.177062988281278,11.946619033813468],[108.179565429687557,11.907451629638645],[108.130401611328224,11.877451896667425],[108.128730773925838,11.83578586578369],[108.082901000976648,11.796619415283162],[108.052894592285185,11.857452392578073],[108.019561767578196,11.874118804931568],[108.027061462402472,11.909118652343677],[108.007064819336009,11.939118385314897],[107.983734130859474,11.893285751342743],[107.947898864746122,11.874952316284128],[107.908729553222713,11.889119148254325],[107.912063598632955,11.904118537902788],[107.892066955566492,11.914952278137127],[107.851234436035227,11.886618614196733],[107.822898864746151,11.897452354431072],[107.835395812988338,11.916618347167953],[107.82456207275392,11.928285598754853],[107.849563598632841,11.954118728637654],[107.79789733886723,11.975785255432127],[107.804565429687543,12.027451515197731],[107.777900695800852,12.064118385314872],[107.798728942871108,12.123284339904751],[107.775398254394588,12.153284072875971],[107.741233825683622,12.146617889404256],[107.735397338867287,12.183283805847102],[107.704566955566477,12.190784454345673],[107.717063903808679,12.229950904846111],[107.694564819336023,12.255784034729002],[107.621231079101648,12.233283996581969],[107.593734741210994,12.304950714111309],[107.548736572265611,12.337450027465737],[107.453735351562557,12.293283462524409],[107.45623016357429,12.263283729553189],[107.416236877441449,12.239117622375419],[107.387069702148494,12.271616935729936],[107.381233215332159,12.305784225463869],[107.310401916503977,12.363283157348627],[107.319564819336009,12.390783309936461],[107.239570617675781,12.451616287231372],[107.242065429687514,12.48578262329101],[107.178733825683693,12.48578262329101],[107.143737792968849,12.513282775878844],[107.106231689453111,12.574115753173755],[107.117065429687628,12.618282318115172],[107.07206726074233,12.645782470703095],[107.027069091796946,12.713282585144016],[107.01206970214848,12.713282585144016],[107.007904052734446,12.737448692321697],[106.948738098144659,12.733282089233368],[106.926239013671918,12.761614799499467],[106.927070617675895,12.789948463439861],[106.89206695556642,12.794115066528279],[106.866233825683707,12.824948310851971],[106.897071838378963,12.910780906677212],[106.907905578613395,13.016613960266101],[106.885406494140653,13.038280487060485],[106.855400085449375,13.040781021118166],[106.806236267089858,13.102447509765549],[106.821235656738409,13.165780067443848],[106.839569091797031,13.158280372619572],[106.862068176269673,13.188280105590792],[106.900405883789205,13.195779800414979],[106.936233520507926,13.282446861267076],[106.927070617675895,13.29327964782712],[106.941238403320384,13.303279876708988],[106.949569702148537,13.377446174621536],[106.97373962402358,13.390779495239261],[106.980400085449347,13.428278923034668],[107.04873657226571,13.413279533386206],[107.073738098144631,13.434946060180589],[107.097900390625043,13.498278617858887],[107.08706665039071,13.551611900329522],[107.145401000976705,13.644111633300774],[107.117904663086051,13.701611518859828],[107.161231994628963,13.705778121948246],[107.171234130859503,13.685778617858894],[107.197898864746193,13.69744491577141],[107.242904663086023,13.673277854919434],[107.323738098144588,13.679944992065355],[107.361236572265696,13.664944648742598],[107.378730773925895,13.730777740478487],[107.39623260498054,13.720778465271003],[107.434570312500071,13.752444267272871],[107.454566955566534,13.72744464874263],[107.45790100097669,13.684945106506333],[107.494567871093821,13.703278541564949],[107.524566650390753,13.694111824035641],[107.557899475097742,13.736611366271937],[107.599563598632884,13.754111289977992],[107.599563598632884,13.774944305419904],[107.64540100097669,13.800777435302706],[107.697898864746179,13.799944877624441],[107.753730773925909,13.857443809509199],[107.812896728515696,13.85827732086176],[107.821235656738395,13.874943733215254],[107.838729858398494,13.85827732086176],[107.842895507812614,13.880777359008793],[107.913734436035256,13.915777206420902],[108.014564514160284,13.887444496154714]],[[107.841339111328125,12.231536865234373],[107.841400146484432,12.231550216674771],[107.841232299804773,12.231513023376463],[107.841339111328125,12.231536865234373]]]}},
{"type":"Feature","properties":{},"geometry":{"type":"MultiPolygon","coordinates":[[[[106.160408020019631,21.801578521728441],[106.159568786621222,21.800745010375881],[106.159568786621222,21.801578521728441],[106.160408020019631,21.801578521728441]]],[[[106.150405883789176,21.669912338256751],[106.161239624023523,21.810745239257749],[106.128738403320412,21.819078445434496],[106.111236572265682,21.849079132080011],[106.128738403320412,21.924911499023384],[106.062904357910227,21.930744171142539],[106.047073364257884,21.960744857788054],[106.022903442382926,21.970745086669833],[106.012069702148509,21.938245773315316],[105.973739624023509,21.939910888671847],[105.935409545898523,21.904077529907177],[105.887908935546946,21.960744857788054],[105.904571533203168,21.989912033081009],[105.930404663086065,21.993244171142482],[105.942909240722699,22.023244857787997],[105.964576721191477,22.02657890319815],[105.956237792968864,22.065744400024382],[105.993736267089972,22.089910507202063],[105.943740844726676,22.114910125732393],[105.964576721191477,22.125743865966733],[105.981239318847784,22.166578292846587],[105.983741760253963,22.198244094848544],[105.95957183837902,22.229909896850501],[105.97873687744152,22.239076614379808],[105.964576721191477,22.278244018554631],[105.985404968261818,22.32490921020505],[105.94207000732429,22.341577529907134],[105.939575195312557,22.359077453613189],[105.975402832031364,22.398242950439421],[105.948738098144588,22.4082431793212],[105.955406188964901,22.457408905029212],[105.92290496826179,22.469076156616111],[105.920410156250057,22.491575241088761],[105.897071838378992,22.508243560790934],[105.85707092285169,22.522409439086836],[105.879570007324347,22.538242340087859],[105.891242980957102,22.599908828735241],[105.838737487793082,22.653242111205966],[105.838737487793082,22.684074401855362],[105.858741760253992,22.700742721557535],[105.842071533203224,22.71824264526359],[105.859573364257869,22.738241195678647],[105.856239318847727,22.775741577148349],[105.851242065429801,22.789907455444251],[105.82040405273446,22.790740966796811],[105.80123901367196,22.828241348266513],[105.816238403320426,22.83740806579582],[105.795410156250085,22.851573944091722],[105.843742370605526,22.871574401855369],[105.799575805664119,22.937408447265554],[105.797904968261818,22.97990798950185],[105.85707092285169,22.984073638915973],[105.880409240722756,22.953241348266488],[105.935409545898523,22.961574554443324],[105.951240539550867,23.011573791503807],[105.970405578613352,23.018239974975522],[105.952072143554744,23.050741195678629],[105.972908020019631,23.080739974975554],[105.952903747558707,23.120740890502848],[105.971237182617244,23.158239364623959],[105.963737487793054,23.199073791503814],[105.947074890136832,23.208240509033121],[105.957077026367287,23.234073638915923],[105.992904663086009,23.223239898681584],[106.015403747558651,23.192405700683508],[106.049575805664148,23.18324089050288],[106.047904968261847,23.196573257446222],[106.06373596191419,23.194072723388629],[106.058738708496193,23.179073333740167],[106.097908020019602,23.156574249267518],[106.079574584960994,23.14657402038565],[106.092903137207145,23.137407302856342],[106.082069396972727,23.118240356445256],[106.122909545898523,23.095741271972607],[106.114570617675824,23.066574096679652],[106.190406799316477,23.030740737914982],[106.231239318847742,22.999074935913026],[106.232070922851619,22.98074150085441],[106.331237792968878,22.954908370971609],[106.375404357910213,22.962408065795795],[106.387069702148523,22.925741195678654],[106.419570922851619,22.895740509033139],[106.408737182617287,22.885740280151271],[106.445404052734432,22.84824180603016],[106.466239929199318,22.84824180603016],[106.48290252685554,22.827407836913952],[106.517074584961037,22.832408905029226],[106.534568786621136,22.812408447265579],[106.574569702148523,22.814075469970611],[106.576240539550909,22.789907455444251],[106.606239318847756,22.787408828735249],[106.603736877441477,22.766574859619041],[106.633735656738409,22.738241195678647],[106.620407104492244,22.719907760620032],[106.648735046386776,22.712408065795845],[106.647903442382898,22.69324111938467],[106.617073059082088,22.684907913207923],[106.620407104492244,22.641574859619066],[106.651237487793054,22.644075393676658],[106.712905883789105,22.615741729736264],[106.731239318847727,22.619075775146417],[106.73373413085946,22.641574859619066],[106.747070312500071,22.623241424560451],[106.797073364257912,22.613243103027262],[106.779571533203182,22.583242416381747],[106.787071228027457,22.571575164794847],[106.758735656738381,22.559076309204066],[106.788734436035213,22.559909820556538],[106.812904357910256,22.540742874145451],[106.783737182617301,22.537408828735298],[106.797073364257912,22.510742187499936],[106.777069091796989,22.499908447265597],[106.780403137207145,22.478242874145419],[106.793739318847756,22.472410202026264],[106.794570922851634,22.424076080322223],[106.826232910156321,22.416576385497947],[106.846237182617244,22.385744094848551],[106.83623504638679,22.361576080322191],[106.866233825683707,22.309076309204027],[106.828735351562599,22.284076690673785],[106.824569702148565,22.245742797851523],[106.840400695800909,22.212409973144446],[106.822067260742287,22.194910049438391],[106.82290649414071,22.164911270141555],[106.798736572265668,22.154077529907127],[106.772071838378992,22.110744476318271],[106.769569396972713,22.048244476318327],[106.734573364257884,22.010744094848537],[106.773735046386847,21.979911804199141],[106.747901916504034,21.96741104125968],[106.737068176269617,21.935745239257724],[106.768737792968835,21.879077911376847],[106.797073364257912,21.869911193847628],[106.805404663086065,21.889911651611275],[106.891235351562628,21.844911575317298],[107.005401611328182,21.845745086669858],[107.028732299804801,21.820745468139616],[107.053733825683722,21.844078063964737],[107.105400085449318,21.794078826904254],[107.204566955566492,21.817411422729464],[107.272903442382855,21.813245773315341],[107.282066345214901,21.795745849609286],[107.259567260742244,21.770746231079045],[107.258735656738367,21.735746383666935],[107.301231384277401,21.743246078491122],[107.322067260742287,21.725746154785067],[107.361236572265696,21.664079666137596],[107.360397338867273,21.61074638366696],[107.340400695800895,21.589078903198192],[107.29373168945321,21.593246459960906],[107.280403137207131,21.565746307372983],[107.246231079101634,21.54991340637196],[107.174568176269659,21.543247222900334],[107.162902832031349,21.564912796020423],[107.138732910156307,21.554912567138643],[107.107070922851619,21.582412719726477],[107.101234436035284,21.618246078491147],[107.034568786621222,21.628246307373015],[107.00457000732429,21.653245925903256],[107.021232604980526,21.580745697021445],[106.977905273437614,21.554912567138643],[106.974571228027457,21.523246765136687],[106.94457244873054,21.522413253784126],[106.877899169921932,21.569080352783136],[106.881233215332088,21.604913711547805],[106.926239013672003,21.619913101196179],[106.892906188964929,21.683246612548771],[106.868736267089886,21.698246002197234],[106.843734741211065,21.664913177490156],[106.795402526855526,21.671579360961871],[106.788734436035213,21.653245925903256],[106.747901916504034,21.653245925903256],[106.725402832031307,21.670745849609311],[106.720405578613381,21.707412719726452],[106.740402221679759,21.755744934081992],[106.707901000976662,21.771579742431605],[106.660400390625085,21.738245010375937],[106.625404357910242,21.781578063964794],[106.62790679931652,21.824079513549769],[106.595405578613409,21.816577911376903],[106.592071533203253,21.78907966613766],[106.567901611328224,21.785745620727507],[106.546234130859446,21.751579284667869],[106.514572143554759,21.739912033080969],[106.479568481445384,21.754913330078022],[106.449569702148551,21.733245849609343],[106.458740234375128,21.720745086669883],[106.442901611328239,21.679912567138619],[106.426239013671932,21.678245544433498],[106.412902832031321,21.702411651611268],[106.404571533203253,21.694911956787081],[106.389572143554787,21.720745086669883],[106.406234741211009,21.747411727905245],[106.383735656738367,21.765745162963771],[106.331237792968878,21.694078445434521],[106.306236267089957,21.701580047607386],[106.232902526855582,21.667411804199158],[106.198738098144631,21.670745849609311],[106.192909240722742,21.684911727905213],[106.150405883789176,21.669912338256751]]]]}},
{"type":"Feature","properties":{},"geometry":{"type":"MultiPolygon","coordinates":[[[[104.900771863438052,8.575798988342155],[104.899574279785185,8.575593801768823],[104.899574279785185,8.575798988342155],[104.900771863438052,8.575798988342155]]],[[[104.905636702077985,8.576632499694716],[104.902076721191463,8.57602255459611],[104.902076721191463,8.576632499694716],[104.905636702077985,8.576632499694716]]],[[[104.915360813180015,8.578298568725453],[104.907913208007884,8.577022542135461],[104.909576416015653,8.578298568725453],[104.915360813180015,8.578298568725453]]],[[[105.101043556700418,8.632465362548738],[105.048200371754476,8.601058476779945],[104.916244506836037,8.578449975328885],[105.002075195312599,8.597465515136628],[105.101043556700418,8.632465362548738]]],[[[105.102445968734557,8.633298873901298],[105.102073669433665,8.633077601061158],[105.102073669433665,8.633298873901298],[105.102445968734557,8.633298873901298]]],[[[105.103846776178202,8.634131431579474],[105.103744506835966,8.634070648688487],[105.103744506835966,8.634131431579474],[105.103846776178202,8.634131431579474]]],[[[105.110858836348839,8.638298988342187],[105.110412597656349,8.638033770269972],[105.110412597656349,8.638298988342187],[105.110858836348839,8.638298988342187]]],[[[104.798829808166488,8.661631584167397],[104.811241149902443,8.652464866638089],[104.789419064737615,8.649965286254792],[104.798829808166488,8.661631584167397]]],[[[104.866241455078196,8.744131088256781],[104.865378911559191,8.744131088256781],[104.866241455078196,8.745200365060592],[104.866241455078196,8.744131088256781]]],[[[104.902076721191463,8.807603836059476],[104.897911071777429,8.78413105010978],[104.867912292480497,8.747901080290889],[104.859580993652429,8.787464141845637],[104.902076721191463,8.807603836059476]]],[[[104.815754404143533,9.035797119140556],[104.817909240722756,9.031630516052138],[104.815797108233483,9.030797004699577],[104.815754404143533,9.035797119140556]]],[[[105.437662419187603,9.026488563609549],[105.31680796826835,8.791222294555736],[105.231259823423571,8.739350667793213],[105.151081103859369,8.662204741985848],[105.111244201660242,8.63852802685159],[105.17957305908206,8.735797882079945],[105.218742370605568,8.74913120269767],[105.209579467773523,8.766631126403725],[105.222908020019602,8.75496482849112],[105.265411376953168,8.764965057372988],[105.311241149902429,8.809964179992582],[105.348739624023551,8.863297462463306],[105.414573669433636,9.024129867553656],[105.530687143672495,9.112462997436401],[105.437662419187603,9.026488563609549]]],[[[105.531589006708657,9.113296508788961],[105.531242370605554,9.112976144037789],[105.531242370605554,9.113296508788961],[105.531589006708657,9.113296508788961]]],[[[105.532490869744819,9.114130020141522],[105.532073974609432,9.113744721249974],[105.532073974609432,9.114130020141522],[105.532490869744819,9.114130020141522]]],[[[105.775445959977759,9.217462539672729],[105.775405883789162,9.217446902322914],[105.775405883789162,9.217462539672729],[105.775445959977759,9.217462539672729]]],[[[106.051239013671918,9.320935249328512],[105.85094078318123,9.246919905807085],[105.77623748779304,9.217771386341591],[105.887077331543068,9.268296241760156],[106.051239013671918,9.320935249328512]]],[[[106.054301535833829,9.321629524230881],[106.052909851074304,9.321143069656214],[106.052909851074304,9.321629524230881],[106.054301535833829,9.321629524230881]]],[[[106.056683377618342,9.322462081909057],[106.054573059082074,9.321724433458913],[106.054573059082074,9.322462081909057],[106.056683377618342,9.322462081909057]]],[[[106.064575195312528,9.325220616694631],[106.057907104492216,9.322889827870819],[106.062072753906349,9.32579612731921],[106.064575195312528,9.325220616694631]]],[[[106.066221658120924,9.32579612731921],[106.065406799316492,9.325511298596025],[106.065406799316492,9.32579612731921],[106.066221658120924,9.32579612731921]]],[[[106.068603499905706,9.326628684997475],[106.067070007324261,9.326092662398723],[106.067070007324261,9.326628684997475],[106.068603499905706,9.326628684997475]]],[[[106.070988070031419,9.327462196350035],[106.070404052734418,9.32725805681063],[106.070404052734418,9.327462196350035],[106.070988070031419,9.327462196350035]]],[[[106.073372640156961,9.328295707702507],[106.072906494140682,9.328132769321142],[106.072906494140682,9.328295707702507],[106.073372640156961,9.328295707702507]]],[[[106.075757210282589,9.329129219055067],[106.07540893554696,9.329007481831743],[106.07540893554696,9.329129219055067],[106.075757210282589,9.329129219055067]]],[[[106.078141780408302,9.329962730407628],[106.077903747558693,9.329879527535835],[106.077903747558693,9.329962730407628],[106.078141780408302,9.329962730407628]]],[[[106.087677332569768,9.333295822143485],[106.078742980957102,9.330172876243649],[106.082069396972727,9.332462310790925],[106.087677332569768,9.333295822143485]]],[[[106.090061902695226,9.334129333495957],[106.088737487793026,9.333666392672948],[106.088737487793026,9.334129333495957],[106.090061902695226,9.334129333495957]]],[[[106.094828314605536,9.335795402526783],[106.094573974609446,9.335706499595455],[106.094573974609446,9.335795402526783],[106.094828314605536,9.335795402526783]]],[[[106.19883055438703,9.45162868499745],[106.183738708496165,9.414313262488873],[106.138740539550867,9.400795936584407],[106.171241760253977,9.424128532409528],[106.19883055438703,9.45162868499745]]],[[[106.195404052734474,9.542461395263581],[106.221237182617273,9.544128417968613],[106.22313219934162,9.515794754028219],[106.207069396972699,9.47338252689063],[106.195404052734474,9.542461395263581]]],[[[106.26290893554696,9.620933532714739],[106.293739318847685,9.61329460144036],[106.357070922851591,9.555504869387567],[106.292907714843793,9.569461960841965],[106.24540710449223,9.605794906616085],[106.26290893554696,9.620933532714739]]],[[[106.472068786621193,9.933432579040426],[106.600865685358102,9.810793876647852],[106.571235656738367,9.732892459371191],[106.518737792968793,9.764960289001403],[106.517074584961037,9.807460784911994],[106.440406799316506,9.891626358032115],[106.454574584961009,9.900793075561422],[106.521240234375071,9.831626892089764],[106.543739318847713,9.840793609619071],[106.462074279785185,9.927459716796784],[106.472068786621193,9.933432579040426]],[[106.497901916504006,9.834959983825621],[106.499572753906307,9.844960212707401],[106.49040222167973,9.849126815795819],[106.497901916504006,9.834959983825621]]],[[[106.564567565918068,10.002598762512084],[106.590400695800867,9.987460136413519],[106.588809379501512,9.967459678649783],[106.55457305908206,9.989126205444256],[106.564567565918068,10.002598762512084]]],[[[104.938693507788955,10.093292236328024],[104.992080688476591,10.098292350768913],[105.082908630371165,10.006626129150311],[105.10624694824223,9.951626777648849],[105.095413208007898,9.92162704467763],[105.104576110839929,9.890793800353938],[105.069344431950782,9.949959754943729],[105.088938540639859,9.967668390269948],[105.0194558394209,10.06778698088331],[104.938693507788955,10.093292236328024]]],[[[106.679573059082117,10.100932121276786],[106.700401306152386,10.066626548766957],[106.681236267089886,10.038634460695663],[106.696235656738352,10.071625709533551],[106.679573059082117,10.100932121276786]]],[[[104.827079772949332,10.168292045593132],[104.827079772949332,10.16799554116883],[104.826802654310001,10.168292045593132],[104.827079772949332,10.168292045593132]]],[[[104.826248168945355,10.169125556945692],[104.826248168945355,10.168885319882472],[104.826023638845243,10.169125556945692],[104.826248168945355,10.169125556945692]]],[[[104.738746643066492,10.226764678954938],[104.779579162597756,10.21412563323967],[104.803741455078168,10.195792198181055],[104.825408935546932,10.169783261703548],[104.795873330534889,10.201385024692391],[104.671241760254006,10.179300122198322],[104.738746643066492,10.226764678954938]]],[[[106.696235656738352,10.232598304748477],[106.747673625908462,10.202459335327065],[106.759488604127171,10.175792694091703],[106.685401916504006,10.215792655944702],[106.696235656738352,10.232598304748477]]],[[[104.581245422363324,10.255791664123405],[104.581245422363324,10.255592815869187],[104.58106985540573,10.255791664123405],[104.581245422363324,10.255791664123405]]],[[[104.580413818359446,10.256625175475966],[104.580413818359446,10.256534695859811],[104.580333932161778,10.256625175475966],[104.580413818359446,10.256625175475966]]],[[[104.578742980957145,10.259125709533558],[104.578742980957145,10.25842709694196],[104.578126162430308,10.259125709533558],[104.578742980957145,10.259125709533558]]],[[[106.719573974609418,10.269124984741131],[106.743061729482903,10.272459030151284],[106.74214172236033,10.263292312621976],[106.719573974609418,10.269124984741131]]],[[[104.552374743017452,10.288291931152218],[104.567909240722713,10.275792121887141],[104.577911376953168,10.259368976932761],[104.552374743017452,10.288291931152218]]],[[[104.552078247070369,10.289125442504778],[104.552078247070369,10.288627744350089],[104.551638819773601,10.289125442504778],[104.552078247070369,10.289125442504778]]],[[[104.434577941894574,10.663429260253833],[104.502914428711037,10.64912414550774],[104.51290893554696,10.604124069213762],[104.536247253418026,10.590790748596126],[104.523742675781293,10.554957389831456],[104.505593238592326,10.554957389831456],[104.434577941894574,10.663429260253833]]],[[[104.346244812011747,10.966761589050213],[104.377082824707088,10.918289184570186],[104.355415344238324,10.892456054687385],[104.360412597656321,10.86995601654044],[104.320087207400519,10.838289260864189],[104.346244812011747,10.966761589050213]]],[[[104.85874176025402,11.420787811279178],[104.859580993652429,11.419954299926617],[104.85874176025402,11.419954299926617],[104.85874176025402,11.420787811279178]]],[[[107.841339111328125,12.231536865234373],[107.841232299804773,12.231513023376463],[107.841400146484432,12.231550216674771],[107.841339111328125,12.231536865234373]]],[[[106.472068786621108,13.277446746826097],[106.47123718261723,13.278280258178658],[106.472068786621108,13.278280258178658],[106.472068786621108,13.277446746826097]]],[[[101.119904136573581,17.180178824333495],[101.140776727759771,17.016655389524352],[101.076934304636495,16.922825481413287],[101.050786198525216,17.013102469473033],[101.119904136573581,17.180178824333495]]],[[[99.509753210986901,21.166582107543878],[99.512931823730582,21.164081573486285],[99.514602661133068,21.156843762162584],[99.509753210986901,21.166582107543878]]],[[[99.509597778320526,21.167415618896438],[99.509597778320526,21.166894237155013],[99.509338143376141,21.167415618896438],[99.509597778320526,21.167415618896438]]],[[[99.508766174316548,21.16908073425288],[99.508766174316548,21.168564209372057],[99.508508957966029,21.16908073425288],[99.508766174316548,21.16908073425288]]],[[[99.486192593510623,21.213894982913754],[99.514602661133068,21.185747146606463],[99.507934570312671,21.170234181588569],[99.486192593510623,21.213894982913754]]],[[[99.453765869140796,21.499219894409197],[99.487930297851847,21.451580047607436],[99.481269836425895,21.413246154785174],[99.461830123251502,21.487439014144186],[99.453765869140796,21.499219894409197]]],[[[101.749588012695526,21.588247299194311],[101.748756408691548,21.587413787841751],[101.748756408691548,21.588247299194311],[101.749588012695526,21.588247299194311]]],[[[99.37109769064763,21.600746154785092],[99.434600830078296,21.547412872314457],[99.43876647949233,21.517414093017532],[99.37109769064763,21.600746154785092]]],[[[99.276268005371335,21.715745925903288],[99.276268005371335,21.715515810070499],[99.276077869643018,21.715745925903288],[99.276268005371335,21.715745925903288]]],[[[99.27676656753134,21.714912414550728],[99.322097778320426,21.679079055786147],[99.327934265136847,21.652985613899393],[99.27676656753134,21.714912414550728]]],[[[99.282096862793225,21.892551422119148],[99.292930603027472,21.883245468139648],[99.282936096191548,21.855745315551726],[99.274804927475174,21.857412338256847],[99.282096862793225,21.892551422119148]]],[[[99.291267395019801,21.936996924571432],[99.29376983642598,21.930744171142539],[99.288542342340378,21.924077987670913],[99.291267395019801,21.936996924571432]]],[[[99.292936950333271,21.94491195678712],[99.294601440429858,21.943244934081999],[99.291530820612962,21.938245773315405],[99.292936950333271,21.94491195678712]]],[[[99.337097167968977,22.057411193847635],[99.336227416368288,22.057411193847635],[99.337097167968977,22.057967651682468],[99.337097167968977,22.057411193847635]]],[[[99.478767395019716,22.148606758014825],[99.48293304443375,22.136577606201161],[99.453451706523367,22.132410049438448],[99.478767395019716,22.148606758014825]]],[[[99.480430603027571,22.150743484497063],[99.480388883788038,22.150743484497063],[99.480430603027571,22.150945845105955],[99.480430603027571,22.150743484497063]]],[[[99.497100830078239,22.284215927123977],[99.524597167968892,22.270744323730444],[99.507102966308878,22.229909896850589],[99.513763427734645,22.189077377319325],[99.480560722862563,22.151576995849624],[99.506127408546931,22.275589085804363],[99.497100830078239,22.284215927123977]]],[[[99.492935180664205,22.285743713378906],[99.492935180664205,22.285617242028625],[99.492768805227314,22.285743713378906],[99.492935180664205,22.285743713378906]]],[[[99.492095947265881,22.286577224731378],[99.492095947265881,22.286255190652685],[99.491672305386345,22.286577224731378],[99.492095947265881,22.286577224731378]]],[[[99.472930908203381,22.41921615600582],[99.465431213379105,22.397409439086861],[99.458763122558707,22.396575927734389],[99.456559941122492,22.399076461791982],[99.472930908203381,22.41921615600582]]],[[[106.47123718261723,13.277446746826097],[106.482070922851662,13.27411365509024],[106.513740539550881,13.290780067443734],[106.596237182617202,13.230779647827088],[106.62957000732419,13.244112968444725],[106.700401306152386,13.234113693237241],[106.745407104492216,13.189947128295824],[106.738739013671918,13.172447204589769],[106.82290649414071,13.15661334991454],[106.811233520507955,13.09244728088377],[106.855400085449375,13.040781021118166],[106.885406494140653,13.038280487060485],[106.907905578613395,13.016613960266101],[106.897071838378963,12.910780906677212],[106.866233825683707,12.824948310851971],[106.89206695556642,12.794115066528279],[106.927070617675895,12.789948463439861],[106.926239013671918,12.761614799499467],[106.948738098144659,12.733282089233368],[107.009567260742301,12.735781669616665],[107.01206970214848,12.713282585144016],[107.027069091796946,12.713282585144016],[107.07206726074233,12.645782470703095],[107.117065429687628,12.618282318115172],[107.106231689453111,12.574115753173755],[107.143737792968849,12.513282775878844],[107.178733825683693,12.48578262329101],[107.242065429687514,12.48578262329101],[107.239570617675781,12.451616287231372],[107.319564819336009,12.390783309936461],[107.308731079101577,12.35995006561277],[107.286565386658467,12.369071281095769],[107.253738403320369,12.349949836730902],[107.235404968261747,12.367449760436957],[107.202903747558636,12.319116592407211],[107.148735046386761,12.33078384399411],[107.117065429687543,12.315783500671353],[107.086235046386733,12.227310040573427],[106.997070312500014,12.144950866699135],[106.945404949742567,12.069357091372536],[106.851234436035242,12.048284530639643],[106.735959192787675,11.974710060734941],[106.669341032157092,11.883087415152806],[106.536239624023537,11.958285331726072],[106.517074584960952,11.935785293579039],[106.472908020019617,11.943284988403315],[106.441919425883711,11.925524799124966],[106.382521243429167,11.849119186401326],[106.347068786621136,11.847452163696206],[106.312072753906293,11.816565732129638],[106.141242980957045,11.827634162426827],[106.130409240722713,11.855785369873042],[106.089569091796903,11.859155535423673],[106.052909851074304,11.889951705932591],[106.05040740966804,11.918285369872985],[106.018380273271234,11.911618232726974],[105.997070312500043,11.934118270874007],[105.976242065429787,11.933285713195742],[105.982910156250085,11.955784797668391],[105.936241149902401,11.9420889163961],[105.69707489013679,11.945785522460907],[105.651237487792983,11.975785255432127],[105.650405883789105,11.992451667785621],[105.628738403320327,11.994118690490653],[105.588745117187571,11.93161869049071],[105.558738708496108,11.919952392578105],[105.556243896484474,11.901381205923036],[105.448745727539134,11.795785903930602],[105.455406188964901,11.771618843078537],[105.433738708496136,11.746619224548295],[105.472648552026328,11.698286056518549],[105.470342282245937,11.459120750427234],[105.458740234375057,11.453287124633784],[105.469800359206161,11.384120941162037],[105.409576416015639,11.354954719543377],[105.452072143554759,11.319954872131268],[105.462905883789091,11.296621322631763],[105.452072143554759,11.27578830718994],[105.439575195312557,11.269954681396401],[105.394577026367259,11.302454948425213],[105.36290740966804,11.278287887573148],[105.313743591308622,11.318287849426147],[105.298744201660242,11.3099546432494],[105.297912597656278,11.257454872131236],[105.267074584961023,11.249954223632754],[105.252906799316435,11.223288536071687],[105.232910156250057,11.229121208190842],[105.202079772949247,11.257454872131236],[105.213745117187557,11.327454566955454],[105.237075805664091,11.349121093749927],[105.225410461425867,11.380787849426179],[105.206245422363381,11.404953956603949],[105.176246643066449,11.39912033081041],[105.145408630371193,11.426620483398333],[105.084579467773466,11.444953918456948],[105.077911376953153,11.454120635986255],[105.097076416015653,11.466620445251332],[105.082077026367287,11.494954109191815],[105.051246643066477,11.492453575134222],[105.00957489013679,11.521619796752793],[104.952079772949304,11.522453308105353],[104.916244506836037,11.568286895751891],[104.853744506836009,11.564120292663473],[104.826248168945355,11.544953346252386],[104.78540802001956,11.551620483398308],[104.746246337890682,11.512454032897869],[104.752075195312571,11.498287200927672],[104.767074584961023,11.498287200927672],[104.779579162597756,11.467453956603892],[104.82791137695321,11.459954261779705],[104.84707641601571,11.474120140075607],[104.873741149902386,11.444120407104387],[104.851242065429744,11.415787696838288],[104.80874633789071,11.429121017455925],[104.76457977294929,11.413287162780696],[104.822914123535199,11.364953994750861],[104.788742065429801,11.297454833984235],[104.816246032714901,11.240788459777741],[104.782081604003935,11.239121437072621],[104.805412292480554,11.222455024719126],[104.793746948242244,11.200788497924743],[104.730415344238338,11.224121093749863],[104.721244812011761,11.213288307189819],[104.784576416015668,11.182455062866127],[104.792076110839943,11.154121398925644],[104.769577026367216,11.129955291747963],[104.683746337890653,11.132454872131261],[104.702911376953239,11.114954948425206],[104.753746032714872,11.120788574218656],[104.776245117187599,11.089121818542404],[104.761245727539148,11.064122200012074],[104.74707794189456,11.051622390746997],[104.706245422363381,11.064955711364634],[104.641242980957088,11.058288574218624],[104.567077636718835,11.077455520629799],[104.533744812011747,11.056622505187887],[104.523742675781293,11.01245594024647],[104.498748779296918,11.030789375305085],[104.487915039062571,11.00078868865957],[104.432914733886818,10.993288993835383],[104.40708160400402,11.009955406188878],[104.377914428710966,10.999122619628833],[104.362083435058622,11.009121894836317],[104.342910766601591,10.977456092834361],[104.284435799403013,11.149929585028763],[104.137327786465278,11.180011626987875],[104.041615781656787,11.336128584089879],[103.947809650835197,11.384756175228274],[103.923217194949089,11.559083370377456],[103.820108630204416,11.612594900754482],[103.786240739971234,11.73000468713248],[103.859809055621497,11.868204019102803],[103.70258509702964,11.95500796707636],[103.577485680042841,12.053051180470844],[103.413225312940028,12.122342550907918],[103.340219350553454,12.221841734094243],[103.195131770491116,12.209874080879237],[103.069537378670049,12.138809716420253],[102.910073954471187,12.193712929144331],[102.841194448523026,12.315103597105017],[102.616761216479503,12.616919625825586],[102.483716619905394,12.738923783645808],[102.317292592312867,12.827576878798032],[102.22768774188205,12.913098552871107],[102.188904116727088,13.012818792273253],[102.309779919452254,13.23421248381376],[102.329672302472886,13.420244589488032],[102.313561659603778,13.522549818379041],[102.246151106122838,13.644232585739861],[102.263933110142844,13.751196657879831],[102.337580707706408,13.840596279339405],[102.448579262178768,13.927256337794795],[102.51184936210619,14.015611430368761],[102.45111243068466,14.126652587729097],[102.234934193458358,14.174614806870704],[102.074405805880417,14.171266961106536],[101.971356522030874,14.229737123373013],[101.917746253714512,14.35266013551653],[101.710443055455414,14.358018514371732],[101.440579716067489,14.419078630408503],[101.300522236460523,14.494239904837961],[101.373613746366829,14.748315006256178],[101.479102206527969,14.849797858756112],[101.45314051907809,15.157857770036912],[101.524536006506295,15.328050746662129],[101.405894897562163,15.472681361018829],[101.391423184337143,15.650199804033441],[101.354407402761879,15.760090528736374],[101.345459111864642,15.880150876286162],[101.390580806927986,16.016761311734577],[101.344897912436466,16.171199686095065],[101.412044233942979,16.408218431040037],[101.409663293509098,16.549233016917512],[101.541493341752229,16.771696884332513],[101.541235020150609,16.93559723670797],[101.419710115141513,17.231815486798222],[101.263904836673518,17.247059214138631],[101.119904136573581,17.180178824333495],[100.876842575057921,17.472719345861435],[101.032812798072555,17.896468946075576],[101.097997897451251,17.954062212089553],[101.154755178467738,18.037883090060184],[101.151986051908395,18.293781983050032],[101.095767744368601,18.352315080174456],[101.067501713908712,18.459980237460009],[101.168611692213659,18.579635860272695],[101.236451396135379,18.702467320993769],[101.266595901705671,18.914073486474162],[101.327146703149452,19.0557479035987],[101.248310552820939,19.136208108713507],[101.243403946061562,19.249344785505066],[101.207131172628948,19.337236077493184],[101.243820469960312,19.577780191626729],[100.878167192840408,19.60355737418196],[100.769722101072162,19.513111729156311],[100.642798029160701,19.517303802243905],[100.438535463186938,19.398673519390467],[100.341928134928935,19.365483639387108],[100.244116668042565,19.295374671579161],[100.146342539387646,19.183440195367844],[100.103624826398686,18.988252102073581],[100.010415847374702,18.910686627033616],[99.798433511668136,19.059685262282592],[99.730843595640337,19.180705757624498],[99.695449597153072,19.357711826537741],[99.614725466733987,19.474886855463062],[99.545116719531066,19.209501215211947],[99.549010991489482,19.131605512931852],[99.441999127348581,19.029188954633195],[99.346763231306099,19.098898392213041],[99.325136488424505,19.372346685656797],[99.26519502824776,19.527817494762093],[99.117326206801039,19.591105199902085],[99.051684226253528,19.691410235257138],[99.008903028018707,19.826215077002821],[99.018165994105502,19.945862050994027],[99.20150355975062,20.279933019144195],[99.09559113916103,20.363336837217542],[99.116468793554589,20.498586368863862],[99.168980352169953,20.662993061760119],[99.323330277783896,20.813568893295201],[99.439546577154715,20.962135931935769],[99.561227836345054,21.063214165819137],[99.539632380094787,21.106580734252937],[99.581268310547131,21.103248596191374],[99.632095336914318,20.969081878662092],[99.608764648437784,20.940748214721697],[99.607101440429844,20.878250122070256],[99.572929382324347,20.840749740600554],[99.571266174316676,20.819082260131786],[99.593765258789233,20.809082031250007],[99.542098999023722,20.766582489013622],[99.559600830078367,20.741582870483381],[99.517929077148679,20.726583480834918],[99.518768310547102,20.691583633422809],[99.528762817382926,20.674083709716754],[99.645431518554929,20.689083099365217],[99.662101745605597,20.669916152954041],[99.652099609375142,20.641584396362237],[99.716262817383026,20.556583404540966],[99.68376159667983,20.518251419067383],[99.619598388672031,20.524917602539009],[99.502098083496335,20.596584320068349],[99.476264953613537,20.574916839599581],[99.459602355957216,20.588251113891602],[99.391265869140852,20.588251113891602],[99.387100219726818,20.544084548950185],[99.419601440429929,20.451583862304638],[99.45210266113294,20.396585464477472],[99.499595642089972,20.3840847015381],[99.517097473144801,20.361585617065362],[99.609596252441577,20.332418441772408],[99.644599914550952,20.343252182006836],[99.680435180664304,20.316585540771474],[99.710433959961051,20.32408523559566],[99.731262207031492,20.349918365478462],[99.811264038086165,20.336584091186531],[99.817932128906378,20.304084777832013],[99.802932739258097,20.274084091186499],[99.824600219726776,20.256584167480444],[99.852928161621222,20.259918212890597],[99.857101440429972,20.235752105712827],[99.892097473144815,20.244085311889663],[99.935432434082259,20.297418594360298],[100.007095336914333,20.342418670654276],[100.05459594726581,20.327417373657223],[100.074600219726818,20.289085388183551],[100.112930297851719,20.269084930419904],[100.142929077148551,20.309917449951168],[100.130432128906364,20.338251113891562],[100.160430908203381,20.429084777831989],[100.203765869140824,20.474918365478526],[100.193763732910369,20.518251419067383],[100.21876525878929,20.549083709716779],[100.220428466797046,20.584083557128888],[100.256263732910398,20.619916915893558],[100.285430908203352,20.622417449951151],[100.327095031738409,20.579917907714854],[100.422927856445426,20.590749740600604],[100.428764343261946,20.564916610717713],[100.393760681152472,20.508251190185515],[100.526260375976818,20.52575111389157],[100.524597167968963,20.476583480834968],[100.567092895508083,20.484916687011715],[100.599594116211094,20.529083251953132],[100.665428161621278,20.548250198364219],[100.685424804687656,20.571584701538018],[100.700424194336122,20.564916610717713],[100.723762512207188,20.590749740600604],[100.757095336914176,20.58575057983392],[100.780426025390796,20.616582870483406],[100.878761291504091,20.628250122070305],[100.911262512207287,20.564083099365241],[100.947929382324432,20.576583862304702],[100.974594116211108,20.53824996948244],[101.048759460449361,20.512416839599549],[101.084594726562713,20.510749816894517],[101.108757019043125,20.529083251953132],[101.161262512207145,20.485750198364276],[101.193756103515895,20.524917602539009],[101.192924499511832,20.60908317565913],[101.250427246093864,20.618249893188437],[101.253761291504105,20.667417526245128],[101.149589538574389,20.747415542602536],[101.159591674804844,20.773250579833928],[101.139595031738466,20.795749664306577],[101.140426635742443,20.832416534423807],[101.108757019043125,20.873249053955071],[101.145423889160355,20.90741539001462],[101.1437606811525,20.961582183837905],[101.195426940918196,20.978248596191399],[101.192924499511832,21.018249511718693],[101.219589233398608,21.064081192016552],[101.281257629394759,21.079916000366165],[101.285423278808793,21.12241554260255],[101.300422668457259,21.129915237426736],[101.269592285156449,21.147415161132791],[101.286262512207301,21.176582336425746],[101.385421752929844,21.22908210754391],[101.45292663574233,21.225748062133757],[101.482925415039347,21.248247146606406],[101.531257629394801,21.255746841430682],[101.608757019043111,21.236581802368097],[101.596260070800923,21.177413940429627],[101.671257019043239,21.20491409301755],[101.699592590332216,21.170747756958001],[101.697090148926037,21.148248672485352],[101.716255187988537,21.143247604370078],[101.761253356933835,21.144081115722638],[101.789588928222813,21.20658111572267],[101.838752746582145,21.208248138427702],[101.843757629394688,21.254081726074151],[101.811256408691676,21.258247375488274],[101.797920227051065,21.290746688842791],[101.757926940918125,21.291580200195263],[101.727088928222784,21.352413177490174],[101.754592895508068,21.441579818725568],[101.735420227050938,21.483247756957983],[101.777923583984503,21.516580581664972],[101.757926940918125,21.532413482665994],[101.748756408691548,21.585746765136719],[101.803756713867401,21.578247070312443],[101.825424194336165,21.590745925903313],[101.833755493164233,21.619079589843707],[101.810424804687614,21.628246307373015],[101.808753967285313,21.64574623107907],[101.781257629394659,21.638246536254883],[101.769592285156435,21.714912414550728],[101.746253967285369,21.727413177490188],[101.742919921875128,21.749078750610366],[101.784591674804901,21.825744628906211],[101.739593505859602,21.848245620727539],[101.736259460449361,21.878244400024375],[101.696258544922159,21.903245925903295],[101.698753356933707,21.945745468139592],[101.667922973633083,21.93241119384766],[101.654594421386832,21.953245162963867],[101.60125732421902,21.969911575317361],[101.631256103515852,22.014078140258778],[101.573760986328367,22.116577148437514],[101.602088928222898,22.131578445434567],[101.604591369629077,22.15824317932125],[101.548759460449446,22.243244171142521],[101.566261291504176,22.275743484497038],[101.625427246093878,22.275743484497038],[101.652923583984531,22.33657646179195],[101.644592285156463,22.359909057617159],[101.670425415039176,22.37324333190918],[101.647926330566619,22.414075851440444],[101.763521199564494,22.486445281456827],[101.824829821695104,22.442409515380749],[101.865425109863367,22.388242721557553],[101.898757934570355,22.382410049438398],[101.912086486816435,22.417718325267447],[102.001708123874891,22.44407653808587],[102.120844383620266,22.409561153147632],[102.185332320714878,22.298283068260098],[102.425086276823905,22.091221908399742],[102.505416870117259,21.971578598022393],[102.528063298496235,21.962411880493086],[102.645539401604907,21.813805168358783],[102.645416259765696,21.731578826904222],[102.667464912391679,21.674549295200855],[102.658752441406307,21.58658027648919],[102.670380569524298,21.587413787841662],[102.669586181640653,21.546579360961807],[102.648750305175852,21.530746459960874],[102.671763541202722,21.487413406371928],[102.66728178413095,21.394081115722589],[102.640419006347699,21.392414093017468],[102.626251220703196,21.365747451782106],[102.610420227050852,21.364913940429545],[102.60708618164071,21.339080810546744],[102.609588623046974,21.305747985839755],[102.639587402343807,21.297414779663008],[102.639587402343807,21.277414321899272],[102.677917480468807,21.268247604370053],[102.693756103515682,21.2882480621337],[102.747917175293026,21.284080505370987],[102.76958465576179,21.333248138427678],[102.762916564941492,21.353890405455815],[102.924583435058693,21.457412719726502],[102.940422058105568,21.453247070312379],[102.95291900634767,21.478246688842709],[103.034584045410199,21.495746612548764],[103.058753967285242,21.57289831612799],[103.102248096694339,21.585242336731184],[103.171566062010243,21.483486352523155],[103.172672360912955,21.384080886840721],[103.153747558593849,21.334081649780238],[103.173535885295351,21.306489701355428],[103.162086486816534,21.254081726074151],[103.098754882812628,21.210748672485295],[103.14353447742738,21.158248901367131],[103.132090025712273,21.033977038268862],[103.058753967285242,21.00241470336908],[103.079582214355597,20.971582412719684],[103.066885057516586,20.955613806795895],[103.112915039062585,20.897415161132752],[103.190124173479575,20.842416763305586],[103.300172523511833,20.670124254771864],[103.230473794738273,20.588251113891513],[103.20375061035169,20.590749740600515],[103.21111558971451,20.51408386230467],[103.158752441406392,20.467416763305572],[103.230415344238367,20.400217999937279],[103.215415954589901,20.379917144775298],[103.242919921875099,20.329917907714815],[103.228752136230611,20.30991744995108],[103.282307500890951,20.314085006713793],[103.315414428711051,20.241584777831982],[103.332916259765696,20.254465757697563],[103.361251831054773,20.228824850794783],[103.361251831054773,20.204917907714751],[103.392274639604381,20.200752258300717],[103.451220823339938,20.147411755862258],[103.472915649414134,20.052419662475533],[103.459587097168054,20.017419815063423],[103.529586791992273,19.969336626778492],[103.52458190917973,19.91741943359369],[103.70268066484357,19.893704136278249],[103.643003069224235,19.794086456298746],[103.616249084472727,19.788253784179592],[103.625319654347479,19.764568163112543],[103.463752746582088,19.735754013061428],[103.444580078125057,19.752420425414922],[103.397087097168026,19.75075340270989],[103.382919311523537,19.718547626044995],[103.342760758687433,19.710098067757723],[103.392434884180474,19.582420349120969],[103.330413818359418,19.4640884399413],[103.304580688476619,19.462421417236268],[103.299583435058622,19.41742134094229],[103.412086486816492,19.379922866821179],[103.45708465576179,19.381509581261817],[103.496246337890668,19.358695606980984],[103.502914428710966,19.314088821411083],[103.534584045410199,19.323255538940302],[103.555419921875085,19.295755386352468],[103.589202675084252,19.304088592529215],[103.712913513183622,19.219089508056534],[103.721862243931412,19.225755691528249],[103.762916564941463,19.158256530761623],[103.803817129597903,19.124090194702074],[103.821250915527372,19.052423477172734],[103.85291290283206,19.021589279174748],[103.937080383300867,19.005756378173725],[103.940414428711009,18.982423782348516],[103.986244201660199,18.974924087524329],[103.997077941894617,18.995756149291946],[104.044578552246193,18.998256683349538],[104.075416564941449,18.959091186523306],[104.112915039062557,19.013256072998001],[104.09375,19.032158790669399],[104.17947071947205,19.109922409057493],[104.212913513183707,19.111327946806526],[104.325015944957272,19.078929830854644],[104.738746643066492,18.800758361816342],[105.099151638721153,18.696887866137683],[105.14457702636723,18.600136464795462],[105.140411376953196,18.562425613403203],[105.115409851074276,18.538259506225522],[105.105407714843807,18.458259582519435],[105.061241149902401,18.433259963989194],[105.061241149902401,18.392425537109251],[105.102073669433665,18.374925613403196],[105.120407104492273,18.419925689697173],[105.136064014937659,18.416591644287021],[105.133478282520855,18.382576710411239],[105.256240844726591,18.259925842285089],[105.327911376953196,18.210482530836639],[105.337905883789119,18.183259963989155],[105.365409851074304,18.161594390869066],[105.383743286132841,18.170761108398374],[105.506942110972588,18.123000743568788],[105.60166533163931,17.993810915143808],[105.623363741538384,17.924095153808487],[105.611244201660227,17.884927749633754],[105.643335155950041,17.859928131103423],[105.733178825100765,17.687411649540511],[105.857987358576594,17.609530898561058],[105.925980588298486,17.512593314284523],[106.008743286132798,17.430763244628803],[105.994575500488395,17.409095764160124],[106.033737182617273,17.409095764160124],[106.063233992914135,17.388263702392507],[106.019569396972685,17.389097213745067],[106.022903442382841,17.375762939453047],[106.06957244873044,17.360763549804584],[106.114570617675824,17.311597824096573],[106.148742675781236,17.312429428100543],[106.238739013671918,17.24993133544919],[106.277032635708991,17.24522533482347],[106.28821257596806,17.22492980957027],[106.264572143554815,17.214097976684521],[106.271240234375028,17.187431335449158],[106.292068481445284,17.180763244628853],[106.28790283203125,17.156597137451083],[106.326313279917144,17.155763626098523],[106.402736498030194,17.017028595570775],[106.472068786621108,16.983264923095657],[106.553162568345314,16.97050404582923],[106.660588356432541,16.879821475974314],[106.625404357910156,16.864099502563427],[106.638740539550767,16.854932785034119],[106.608734130859389,16.814931869506736],[106.619567871093821,16.798265457153242],[106.607902526855511,16.741600036621044],[106.637901306152344,16.734098434448178],[106.662071228027386,16.687433242797759],[106.776237487793111,16.584838204579547],[106.768737792968835,16.559932708740192],[106.802902221679702,16.555767059326069],[106.83838845317176,16.517386788039449],[106.897071838378963,16.39160156249995],[106.923736572265739,16.358266830444283],[106.966232299804673,16.343130427791056],[106.968734741211037,16.302434921264556],[107.003121166633136,16.312435150146424],[107.0293443409399,16.290614810155638],[107.047065734863324,16.297998329281786],[107.040405273437557,16.260766983032141],[107.052902221679744,16.234100341796779],[107.025405883789091,16.18826866149892],[107.034568786621136,16.179101943969613],[106.966232299804673,16.119935989379822],[106.94457244873054,16.07993507385244],[106.921234130859375,16.082435607910121],[106.913734436035099,16.118268966674702],[106.898735046386818,16.123268127441296],[106.817901611328168,16.03326797485343],[106.798736572265582,15.97993564605709],[106.756233215332017,15.934935569763113],[106.73373413085946,15.94410228729242],[106.691238403320341,15.916602134704497],[106.659568786621207,15.925768852233805],[106.619567871093821,15.899935722351003],[106.617904663085881,15.879102706909091],[106.547073364257869,15.889936447143519],[106.575401306152315,15.827436447143487],[106.678733825683707,15.723270416259719],[106.693733215332074,15.665770530700577],[106.720405578613295,15.659103393554656],[106.739570617675881,15.588270187377876],[106.696235656738352,15.572437286376854],[106.686233520507798,15.554103851318327],[106.654571533203111,15.569104194641085],[106.599571228027443,15.559103965759217],[106.592071533203168,15.486604690551701],[106.546234130859361,15.494937896728448],[106.427902221679787,15.471604347228944],[106.401237487793011,15.415771484374922],[106.419570922851534,15.399937629699604],[106.385406494140668,15.335771560668835],[106.398735046386832,15.271605491638155],[106.362068176269602,15.2541055679321],[106.356239318847713,15.229938507080035],[106.319572448730568,15.22327232360832],[106.299568176269474,15.169105529785124],[106.233741760254006,15.143272399902234],[106.243736267089929,15.101605415344203],[106.238739013671832,15.075772285461312],[106.211242675781364,15.054939270019489],[106.204574584961051,14.935772895812875],[106.167076110839943,14.914939880371051],[106.119575500488281,14.848273277282601],[106.078742980957017,14.826606750488217],[106.020408630371108,14.831606864929107],[106.010406494140739,14.785774230956953],[106.036239624023452,14.700774192809977],[106.008743286132798,14.684941291809043],[106.027908325195384,14.658274650573681],[105.961242675781321,14.595774650573649],[105.987075805664119,14.570775032043407],[105.979576110839844,14.539108276367156],[105.951240539550867,14.514108657836825],[105.950408935546889,14.461608886718661],[106.002075195312585,14.376608848571685],[106.005409240722742,14.309108734130763],[105.999572753906222,14.272442817687917],[105.962905883789176,14.26327610015861],[105.983741760253878,14.185775756835909],[105.961242675781321,14.122443199157612],[106.015403747558565,14.113276481628304],[106.025405883789119,14.049942970275801],[106.102073669433636,13.981610298156703],[106.114570617675739,13.906610488891506],[106.082908630371051,13.851611137390044],[106.102905273437614,13.817444801330495],[106.09290313720706,13.785778045654244],[106.113739013671946,13.746611595153716],[106.097908020019602,13.729111671447662],[106.111236572265682,13.684111595153773],[106.078742980957017,13.66827869415275],[106.053741455078097,13.592445373535082],[106.078742980957017,13.559945106506269],[106.135406494140625,13.594944953918379],[106.133735656738324,13.549112319946225],[106.1895751953125,13.483279228210336],[106.148742675781236,13.457446098327534],[106.15290832519527,13.432445526122997],[106.197906494140568,13.422446250915424],[106.227905273437585,13.392446517944293],[106.265403747558693,13.39411258697503],[106.267074584960994,13.360779762267953],[106.308738708496051,13.342446327209426],[106.314575195312571,13.324112892150811],[106.356239318847713,13.333279609680119],[106.382072448730511,13.301612854003867],[106.418739318847742,13.304113388061459],[106.47123718261723,13.277446746826097]]],[[[99.565429687500156,22.545628686072842],[99.554006898852307,22.534076690673825],[99.558104537082187,22.540156108848567],[99.565429687500156,22.545628686072842]]],[[[99.56626892089858,22.545742034912045],[99.565581407112674,22.545742034912045],[99.56626892089858,22.546255672458141],[99.56626892089858,22.545742034912045]]],[[[99.567100524902457,22.546575546264606],[99.566697078172666,22.546575546264606],[99.567100524902457,22.546876958967136],[99.567100524902457,22.546575546264606]]],[[[99.56793212890652,22.547409057617166],[99.567812749232559,22.547409057617166],[99.56793212890652,22.547498245476397],[99.56793212890652,22.547409057617166]]],[[[99.690429687500227,22.760047912597607],[99.702934265136861,22.759075164794854],[99.718765258789205,22.714075088500966],[99.705429077148594,22.667407989501957],[99.717102050781534,22.625741958618132],[99.675430297851761,22.594076156616175],[99.618766784668153,22.581575393676715],[99.678293091697299,22.629948278166449],[99.690429687500227,22.760047912597607]]],[[[99.687934875488494,22.809907913207986],[99.687605162435716,22.805742263793952],[99.687533425761075,22.809907913207986],[99.687934875488494,22.809907913207986]]],[[[99.673360464794285,22.850740432739251],[99.676261901855639,22.848241806030249],[99.677101135254063,22.839963503347519],[99.673360464794285,22.850740432739251]]],[[[99.650509478213024,22.916574478149347],[99.660430908203296,22.906574249267567],[99.657096862793239,22.89824104309082],[99.650509478213024,22.916574478149347]]],[[[99.621269226074332,22.930740356445249],[99.622100830078395,22.929265443646422],[99.616264343261975,22.930740356445249],[99.621269226074332,22.930740356445249]]],[[[99.632095336914318,22.93324089050293],[99.644599914550952,22.925832292606344],[99.62334731861381,22.929075241088807],[99.632095336914318,22.93324089050293]]],[[[99.563766479492401,22.938240051269524],[99.563766479492401,22.938166723013079],[99.563285924278105,22.938240051269524],[99.563766479492401,22.938240051269524]]],[[[99.544601440429901,22.963380813598636],[99.554595947265909,22.959907531738292],[99.562934875488423,22.938293618049869],[99.551267717866892,22.940073917793672],[99.544601440429901,22.963380813598636]]],[[[99.535430908203324,22.975740432739226],[99.535430908203324,22.974518058752928],[99.534868882162954,22.975740432739226],[99.535430908203324,22.975740432739226]]],[[[99.534599304199446,22.976573944091786],[99.534599304199446,22.976326749148338],[99.534485648316078,22.976573944091786],[99.534599304199446,22.976573944091786]]],[[[99.351264953613466,23.13421249389647],[99.387931823730611,23.099906921386729],[99.523765563965014,23.07740783691408],[99.522102355957159,23.003506885549822],[99.503861952408514,23.043178703569026],[99.346033106912799,23.109194018766569],[99.351264953613466,23.13421249389647]]],[[[99.25876617431669,23.476572036743097],[99.258499869114985,23.476572036743097],[99.25876617431669,23.477224466250583],[99.25876617431669,23.476572036743097]]],[[[99.262100219726847,23.478239059448217],[99.258840087339777,23.477405548095657],[99.262100219726847,23.482703507154671],[99.262100219726847,23.478239059448217]]],[[[99.295433044433835,23.519071578979482],[99.278975725138935,23.50490570068358],[99.297103881836222,23.528755940038341],[99.295433044433835,23.519071578979482]]],[[[99.297935485840014,23.529071807861261],[99.297343967535284,23.529071807861261],[99.297935485840014,23.529850036634596],[99.297935485840014,23.529071807861261]]],[[[99.298767089843892,23.530738830566381],[99.2986110428198,23.530738830566381],[99.298767089843892,23.53094413323085],[99.298767089843892,23.530738830566381]]],[[[99.299598693847869,23.531572341918942],[99.299244580462059,23.531572341918942],[99.299598693847869,23.53203822982746],[99.299598693847869,23.531572341918942]]],[[[99.498764038086094,23.681571960449158],[99.493631872351131,23.680738449096687],[99.500434875488395,23.683764071807371],[99.498764038086094,23.681571960449158]]],[[[99.501266479492458,23.68407058715816],[99.501124064158532,23.68407058715816],[99.501266479492458,23.684133926107091],[99.501266479492458,23.68407058715816]]],[[[99.632934570312642,23.695625828154569],[99.622100830078395,23.684904098510721],[99.549598693847813,23.694070816040028],[99.632934570312642,23.695625828154569]]],[[[99.807929992675923,23.734714625568646],[99.789596557617401,23.704071044921807],[99.662426365118293,23.697404861450181],[99.807929992675923,23.734714625568646]]],[[[99.808761596679801,23.734905242919883],[99.808673377597373,23.734905242919883],[99.808761596679801,23.734927863889514],[99.808761596679801,23.734905242919883]]],[[[99.97646828741577,23.739904403686477],[99.976264953613523,23.739904403686477],[99.976264953613523,23.740037186533772],[99.97646828741577,23.739904403686477]]],[[[99.816261291504077,23.74323844909663],[99.81596964200007,23.74323844909663],[99.816261291504077,23.743667679968809],[99.816261291504077,23.74323844909663]]],[[[100.145431518554915,23.78920936584468],[100.111267089843864,23.682405471801719],[100.067932128906421,23.662405014038072],[100.00792694091821,23.670738220214819],[99.977096557617315,23.739494125093689],[100.062275835055615,23.683869596035926],[100.145431518554915,23.78920936584468]]],[[[99.855038441671667,23.800737380981388],[99.831268310546989,23.748237609863224],[99.816535987964954,23.74407196044919],[99.855038441671667,23.800737380981388]]],[[[99.945506181193679,23.800737380981388],[99.969538820488296,23.744903564453072],[99.954597473144759,23.757404327392532],[99.945506181193679,23.800737380981388]]],[[[100.167930603027472,23.850132837745534],[100.172927856445568,23.838237762451179],[100.160302362753271,23.829071044921871],[100.167930603027472,23.850132837745534]]],[[[100.184447581349687,23.895736694335938],[100.190429687500213,23.883237838745067],[100.178764343261903,23.879903793334915],[100.184447581349687,23.895736694335938]]],[[[100.190429687500213,24.080875396728455],[100.217094421386989,24.064069747924769],[100.231262207031477,23.985736846923803],[100.19960021972679,23.955736160278288],[100.190429687500213,24.080875396728455]]],[[[100.189199046376103,24.089902877807571],[100.190429687500213,24.086568832397418],[100.189521433530757,24.085737228393537],[100.189199046376103,24.089902877807571]]],[[[99.795001157125867,24.193235397338867],[99.782928466797003,24.188464676857894],[99.78209686279321,24.189903259277305],[99.795001157125867,24.193235397338867]]],[[[100.147926330566648,24.219068527221669],[100.147926330566648,24.217014411909425],[100.147244033915555,24.219068527221669],[100.147926330566648,24.219068527221669]]],[[[100.14709472656277,24.219902038574229],[100.14709472656277,24.21951803040923],[100.146967174091245,24.219902038574229],[100.14709472656277,24.219902038574229]]],[[[99.705429077148594,24.226568222045856],[99.70368977286347,24.228235244750977],[99.705429077148594,24.228235244750977],[99.705429077148594,24.226568222045856]]],[[[99.849594116211065,24.272401809692393],[99.923767089843949,24.270613562790015],[99.848762512207188,24.25138492774899],[99.845428466797031,24.259069442748963],[99.849594116211065,24.272401809692393]]],[[[99.726264953613395,24.278097152709947],[99.725918134249326,24.277402877807578],[99.726264953613395,24.278170018800619],[99.726264953613395,24.278097152709947]]],[[[100.016044173173995,24.29156875610348],[100.015434265136847,24.291420704882508],[100.015434265136847,24.29156875610348],[100.016044173173995,24.29156875610348]]],[[[100.060432434082145,24.325874328613221],[100.132095336914304,24.312402725219687],[100.11626434326196,24.253234863281218],[100.016265869140909,24.291622571361685],[100.060432434082145,24.325874328613221]]],[[[99.749595642090014,24.340606453322348],[99.757934570312713,24.324068069457997],[99.726294959213448,24.278236389160138],[99.749595642090014,24.340606453322348]]],[[[99.767097473144659,24.447540283203132],[99.804595947265767,24.428234100341765],[99.786262512207244,24.373235702514599],[99.764965127069928,24.382402420043906],[99.767097473144659,24.447540283203132]]],[[[99.714599609375171,24.592540740966754],[99.737930297851705,24.575735092163068],[99.755432128906435,24.480159764359669],[99.726672100938316,24.577483913495438],[99.714599609375171,24.592540740966754]]],[[[99.501266479492458,25.017538070678661],[99.564598083496278,24.979066848754886],[99.608764648437784,24.998231887817383],[99.620429992676009,24.924900054931602],[99.595428466797088,24.893232345581055],[99.501266479492458,25.017538070678661]]],[[[99.491625074647388,25.034898757934524],[99.493766784668182,25.033231735229492],[99.493766784668182,25.029101900818333],[99.491625074647388,25.034898757934524]]],[[[99.467917891119811,25.099065780639588],[99.486267089843992,25.083232879638654],[99.480430603027571,25.067399978637631],[99.467917891119811,25.099065780639588]]],[[[99.372100830078267,25.177476361075616],[99.423767089843963,25.14906501770016],[99.442932128906364,25.150732040405281],[99.46376800537125,25.126565933227511],[99.465431213379105,25.105796344262203],[99.456961422198518,25.128721095418708],[99.372100830078267,25.177476361075616]]],[[[99.365432739258054,25.181564331054677],[99.365432739258054,25.181307403627166],[99.364985546255866,25.181564331054677],[99.365432739258054,25.181564331054677]]],[[[99.345436096191676,25.192796147938171],[99.357933044433864,25.190731048583984],[99.364601135254077,25.181785188110254],[99.345436096191676,25.192796147938171]]],[[[99.272102355957301,25.275037765502887],[99.29376983642598,25.268232345581069],[99.292098999023679,25.254064559936488],[99.291267395019801,25.25332574748003],[99.272102355957301,25.275037765502887]]],[[[99.271263122558793,25.276565551757816],[99.271263122558793,25.275767472612291],[99.270551724813018,25.276565551757816],[99.271263122558793,25.276565551757816]]],[[[99.264609572431411,25.283231735229442],[99.267097473144759,25.281564712524411],[99.267097473144759,25.280440692262211],[99.264609572431411,25.283231735229442]]],[[[99.264602661133026,25.284065246582003],[99.264602661133026,25.283239488646018],[99.263866590860388,25.284065246582003],[99.264602661133026,25.284065246582003]]],[[[99.263763427734517,25.284898757934563],[99.263763427734517,25.284180979784402],[99.263123609289366,25.284898757934563],[99.263763427734517,25.284898757934563]]],[[[99.262931823730725,25.285732269287124],[99.262931823730725,25.285113911912219],[99.262380627718343,25.285732269287124],[99.262931823730725,25.285732269287124]]],[[[99.262100219726847,25.286565780639595],[99.262100219726847,25.286046844040126],[99.261637646147406,25.286565780639595],[99.262100219726847,25.286565780639595]]],[[[99.246781415099733,25.303232192993178],[99.255432128906449,25.298231124877905],[99.253768920898594,25.295730590820312],[99.246781415099733,25.303232192993178]]],[[[99.087470550181379,25.464063644409144],[99.088768005371236,25.463230133056584],[99.088768005371236,25.46022183793513],[99.087470550181379,25.464063644409144]]],[[[99.087097167968935,25.465730667114265],[99.087097167968935,25.465169241128564],[99.087027723625155,25.465730667114265],[99.087097167968935,25.465730667114265]]],[[[99.095436096191634,25.884201049804648],[99.150436401367301,25.754896163940447],[99.108764648437614,25.723230361938491],[99.100433349609546,25.6857299804687],[99.113769531250156,25.656562805175746],[99.092102050781392,25.642396926879844],[99.085384183478595,25.649360734323871],[99.115446818874418,25.746731169769092],[99.095436096191634,25.884201049804648]]],[[[99.094306595031654,25.889896392822202],[99.095436096191634,25.88906288146973],[99.095436096191634,25.887395858764609],[99.094675831698055,25.887395858764609],[99.094306595031654,25.889896392822202]]],[[[99.090579997801115,25.904895782470664],[99.093765258789333,25.899063110351509],[99.093765258789333,25.895729064941357],[99.090579997801115,25.904895782470664]]],[[[99.090431213379091,25.906562805175785],[99.090431213379091,25.905265262456204],[99.089908711075623,25.906562805175785],[99.090431213379091,25.906562805175785]]],[[[99.089599609375213,25.908229827880817],[99.089599609375213,25.907330404970622],[99.089237424350216,25.908229827880817],[99.089599609375213,25.908229827880817]]],[[[99.0764860488175,25.939895629882773],[99.089599609375213,25.918228149414006],[99.089599609375213,25.909061431884698],[99.0764860488175,25.939895629882773]]],[[[99.076271057129048,25.940729141235334],[99.076271057129048,25.940429523988588],[99.076150405454797,25.940729141235334],[99.076271057129048,25.940729141235334]]],[[[99.072937011718892,25.956562042236268],[99.071452166439457,25.952396392822234],[99.069774717688531,25.956562042236268],[99.072937011718892,25.956562042236268]]],[[[99.022671110733611,26.14989471435543],[99.02709960937527,26.139894485473651],[99.021926388528996,26.134895324706967],[99.022671110733611,26.14989471435543]]],[[[99.022933959961051,26.154893875122024],[99.02291931990176,26.154893875122024],[99.022933959961051,26.155188739369532],[99.022933959961051,26.154893875122024]]],[[[99.024604797363537,26.168228149414045],[99.022960703879775,26.155727386474585],[99.023581368850486,26.168228149414045],[99.024604797363537,26.168228149414045]]],[[[99.024604797363537,26.184894561767539],[99.024408859011231,26.184894561767539],[99.024604797363537,26.188840940262462],[99.024604797363537,26.184894561767539]]],[[[99.027499137753296,26.26906013488766],[99.041267395019759,26.259061813354471],[99.027346458551918,26.244060516357418],[99.027499137753296,26.26906013488766]]],[[[100.068608227039547,26.518226623535138],[100.050922858810907,26.465597112367959],[100.099043740704516,26.3603508183099],[100.105503259240578,26.226665013738785],[100.170387426934994,25.980181100868197],[100.287640133375135,25.89413643075034],[100.324057427652988,25.720306286080689],[100.405454102196373,25.652464135091883],[100.362363406193879,25.499102719325343],[100.287925720214915,25.504898071288999],[100.266265869140767,25.537397384643516],[100.279594421386932,25.550729751586857],[100.240432739258054,25.562397003173846],[100.209594726562713,25.597396850585955],[100.181266784668082,25.592397689819272],[100.127098083496207,25.620729446411076],[100.090431213379162,25.67322921752924],[100.081260681152585,25.715730667114215],[100.0429306030275,25.753229141235327],[100.017097473144787,25.836563110351566],[99.976264953613523,25.869895935058555],[99.972099304199489,25.890729904174762],[99.94626617431669,25.883228302001896],[99.908767700195483,25.944894790649368],[99.892097473144815,25.940729141235334],[99.860427856445497,26.004062652587837],[99.868766784668196,26.022396087646452],[99.847930908203395,26.05572891235353],[99.861267089844006,26.064062118530277],[99.846267700195455,26.073228836059585],[99.836265563965085,26.134895324706967],[99.854598999023608,26.15156173706055],[99.861267089844006,26.193227767944286],[99.912933349609517,26.220727920532209],[99.936264038086051,26.40072631835935],[100.00792694091821,26.387393951416009],[100.05459594726581,26.438226699829052],[100.027099609375156,26.484893798828061],[100.068608227039547,26.518226623535138]]],[[[100.078409424576947,26.547393798828093],[100.072097778320455,26.528611104973802],[100.069595336914276,26.545726776123061],[100.078409424576947,26.547393798828093]]],[[[99.021270751953381,26.60322570800782],[99.021184715051774,26.601558685302699],[99.021261781876703,26.60322570800782],[99.021270751953381,26.60322570800782]]],[[[100.096260070800952,26.619197845458945],[100.092107304008735,26.588157026893281],[100.078765869140852,26.548454534624625],[100.083763122558764,26.602392196655259],[100.096260070800952,26.619197845458945]]],[[[99.024998729292477,26.684059143066378],[99.034599304199361,26.650726318359389],[99.022379074484206,26.62739372253418],[99.024998729292477,26.684059143066378]]],[[[100.118697122326736,26.697393417358398],[100.114437371615992,26.679893493652344],[100.11042785644554,26.679893493652344],[100.107093811035384,26.68655967712397],[100.118697122326736,26.697393417358398]]],[[[100.118766784668139,26.707319817253786],[100.120319773959892,26.704059600830025],[100.119598388672117,26.704059600830025],[100.118766784668139,26.707319817253786]]],[[[99.023730574886642,26.718225479125927],[99.029602050781449,26.713226318359332],[99.025436401367415,26.709058761596619],[99.023730574886642,26.718225479125927]]],[[[99.916267395019673,26.724561517632676],[99.844596862793153,26.660726547241168],[99.782928466797003,26.664892196655291],[99.776268005371236,26.647392272949237],[99.726264953613395,26.623226165771467],[99.692932128906406,26.643226623535114],[99.741733754263038,26.648771272213882],[99.916267395019673,26.724561517632676]]],[[[100.026260375976733,26.740102656662849],[100.047927856445597,26.731559753417947],[100.047096252441534,26.70989227294918],[100.032096862793253,26.709058761596619],[100.026260375976733,26.740102656662849]]],[[[99.018510917014041,26.749893188476562],[99.025436401367415,26.749893188476562],[99.021270751953381,26.73489189147951],[99.018510917014041,26.749893188476562]]],[[[99.000434875488494,26.864196777343711],[99.032104492187628,26.8057250976562],[99.022933959961051,26.776557922363246],[99.014390333039032,26.774892807006804],[99.000434875488494,26.864196777343711]]],[[[99.496737783135515,26.96487539330246],[99.55031087779723,26.87255701446594],[99.551494808454294,26.866558074951111],[99.534599304199446,26.869892120361264],[99.496737783135515,26.96487539330246]]],[[[99.450872981312315,27.030723571777319],[99.450431823730639,27.030723571777319],[99.450431823730639,27.031356942510868],[99.450872981312315,27.030723571777319]]],[[[99.450292421091973,27.031557083129879],[99.449600219726761,27.031557083129879],[99.449600219726761,27.032550877874954],[99.450292421091973,27.031557083129879]]],[[[99.447970180210859,27.034891128540032],[99.447097778320583,27.034891128540032],[99.447097778320583,27.036143637502978],[99.447970180210859,27.034891128540032]]],[[[99.446809059770274,27.036558151245064],[99.44626617431652,27.036558151245064],[99.44626617431652,27.037337572867418],[99.446809059770274,27.036558151245064]]],[[[99.437934875488452,27.049298833580341],[99.446228499549932,27.037391662597624],[99.440429687500185,27.039890289306626],[99.437934875488452,27.049298833580341]]],[[[99.437522753271566,27.049890518188494],[99.437103271484659,27.049890518188494],[99.437103271484659,27.050492768944427],[99.437522753271566,27.049890518188494]]],[[[99.436942193051308,27.050724029540966],[99.436264038086151,27.050724029540966],[99.436264038086151,27.051697657844191],[99.436942193051308,27.050724029540966]]],[[[99.435781072610723,27.052391052246087],[99.435432434082273,27.052391052246087],[99.435432434082273,27.052891593208365],[99.435781072610723,27.052391052246087]]],[[[98.979366085965708,27.069057464599581],[98.985435485840028,27.059890747070273],[98.979221952263217,27.050724029540966],[98.979366085965708,27.069057464599581]]],[[[99.397102355957188,27.069057464599581],[99.427527380559027,27.108224868774403],[99.433458831729524,27.055725097656239],[99.397102355957188,27.069057464599581]]],[[[98.980438232422117,27.144889831542955],[98.979936067880345,27.141557693481392],[98.979962264465698,27.144889831542955],[98.980438232422117,27.144889831542955]]],[[[98.980132609748637,27.166557312011722],[98.983764648437642,27.157390594482415],[98.980021240521822,27.15239143371582],[98.980132609748637,27.166557312011722]]],[[[99.40301753753063,27.194890975952116],[99.402931213379162,27.194890975952116],[99.402931213379162,27.194989798808592],[99.40301753753063,27.194890975952116]]],[[[98.988193767648326,27.262390136718743],[98.99626922607446,27.236557006835941],[98.983354291282097,27.212390899658171],[98.988193767648326,27.262390136718743]]],[[[98.983764648437642,27.336696624755866],[99.007102966308707,27.303222656250007],[99.00627136230483,27.28155708312983],[98.989601135254063,27.274890899658203],[98.983764648437642,27.336696624755866]]],[[[99.284599304199403,27.358183703695364],[99.315008382978633,27.295642803913903],[99.402289445237599,27.195724487304677],[99.38626861572294,27.181556701660096],[99.274597167969034,27.340723037719709],[99.284599304199403,27.358183703695364]]],[[[99.282148561305632,27.363224029540948],[99.282096862793225,27.363224029540948],[99.282096862793225,27.363330355401864],[99.282148561305632,27.363224029540948]]],[[[99.269183445737724,27.38988876342772],[99.281744212923115,27.364055633544918],[99.270431518554915,27.376556396484379],[99.269183445737724,27.38988876342772]]],[[[99.236267089843864,27.457586260286252],[99.247708466045964,27.434055328369137],[99.229598999023651,27.430723190307575],[99.223770141601761,27.439056396484322],[99.236267089843864,27.457586260286252]]],[[[98.908767700195597,27.473361968994151],[98.914604187011932,27.453222274780224],[98.91543579101581,27.42488861083983],[98.913782521659286,27.42488861083983],[98.908767700195597,27.473361968994151]]],[[[98.90093784711344,27.546556472778331],[98.907936096191534,27.529056549072276],[98.9037704467775,27.523221969604442],[98.90093784711344,27.546556472778331]]],[[[99.194602966308807,27.551058448421188],[99.229069489459192,27.472389221191399],[99.202102661133083,27.460721969604499],[99.188766479492472,27.465723037719684],[99.194602966308807,27.551058448421188]]],[[[99.192932128906506,27.554944948091368],[99.194389222433585,27.551555633544925],[99.192932128906506,27.552389144897397],[99.192932128906506,27.554944948091368]]],[[[98.876266479492401,27.680027008056655],[98.917938232422088,27.635721206665046],[98.893768310547046,27.599889755248967],[98.892429481169103,27.599889755248967],[98.876266479492401,27.680027008056655]]],[[[99.133561042925194,27.764888763427734],[99.146768251256447,27.662325771034716],[99.151268005371364,27.649055480956978],[99.116264343261889,27.674055099487308],[99.132102966308864,27.71238899230957],[99.120437622070554,27.754888534545866],[99.133561042925194,27.764888763427734]]],[[[99.123597429694371,27.814054489135746],[99.130562994758492,27.788170654922343],[99.131414881088958,27.781555175781229],[99.119598388672046,27.799888610839844],[99.123597429694371,27.814054489135746]]],[[[98.842102050781534,27.848360061645486],[98.872100830078367,27.770721435546889],[98.862937927246236,27.740720748901374],[98.833221831856264,27.84155464172358],[98.842102050781534,27.848360061645486]]],[[[99.083770751953324,27.946280125162207],[99.095451011524958,27.918645748407304],[99.10094774144126,27.898220062255866],[99.082099914551023,27.923221588134698],[99.083770751953324,27.946280125162207]]],[[[99.080485008947292,27.954053878784183],[99.080436706543082,27.954053878784183],[99.080436706543082,27.95416815765153],[99.080485008947292,27.954053878784183]]],[[[99.032218790324279,28.068247134659877],[99.080132707571394,27.954887390136655],[99.012931823730597,28.006553649902347],[99.00793457031277,28.036554336547862],[99.032218790324279,28.068247134659877]]],[[[98.755432128906463,28.15085983276369],[98.765434265136918,28.12821960449217],[98.754600524902486,28.086553573608345],[98.797103881836051,28.029054641723587],[98.792098999023693,27.979053497314425],[98.731398424538824,28.136552810668917],[98.755432128906463,28.15085983276369]]],[[[98.992127326988978,28.190719604492202],[98.992103576660426,28.190719604492202],[98.992103576660426,28.190792157628234],[98.992127326988978,28.190719604492202]]],[[[98.995125086290031,28.373218536376935],[98.989309921022667,28.199326291265518],[98.991854476364921,28.191553115844673],[98.991264343261918,28.191553115844673],[98.974601745605696,28.204885482788104],[98.967933654785298,28.249885559081992],[98.973770141601719,28.325719833373956],[98.954605102539318,28.338218688964826],[98.962104797363409,28.358219146728473],[98.995125086290031,28.373218536376935]]],[[[98.647323542774913,28.489885330200163],[98.680435180664233,28.476551055908143],[98.720436096191619,28.375719070434528],[98.753768920898608,28.338218688964826],[98.732933044433722,28.319885253906211],[98.722788758570573,28.316553115844737],[98.724052467152262,28.364334825047081],[98.647323542774913,28.489885330200163]]],[[[98.633929416701491,28.543218612670888],[98.635437011718935,28.539051055908175],[98.634685305865105,28.539051055908175],[98.633929416701491,28.543218612670888]]],[[[98.633766174316548,28.54655265808104],[98.633766174316548,28.544118641323205],[98.633324705370612,28.54655265808104],[98.633766174316548,28.54655265808104]]],[[[98.631057729769154,28.559051513671822],[98.633766174316548,28.556550979614229],[98.632102966308878,28.553288654750823],[98.631057729769154,28.559051513671822]]],[[[98.630439758301023,28.565717697143537],[98.6277325093386,28.577384948730437],[98.632102966308878,28.578218460082997],[98.631271362304815,28.577384948730437],[98.630439758301023,28.565717697143537]]],[[[98.984847333302511,28.579051971435558],[98.992433608794585,28.486897441148699],[98.9925844988433,28.480718612670856],[98.972938537597841,28.494050979614197],[98.987098693847884,28.519052505493118],[98.984847333302511,28.579051971435558]]],[[[98.622932434082301,28.598218917846644],[98.622662747393235,28.596551895141612],[98.622137114201948,28.598218917846644],[98.622932434082301,28.598218917846644]]],[[[98.622100830078239,28.600717544555646],[98.622100830078239,28.598333991359763],[98.621349265825813,28.600717544555646],[98.622100830078239,28.600717544555646]]],[[[98.621269226074446,28.601551055908207],[98.621269226074446,28.600971387130606],[98.62108644923012,28.601551055908207],[98.621269226074446,28.601551055908207]]],[[[98.608999291473026,28.639884948730469],[98.619606018066591,28.625717163085888],[98.616271972656534,28.617383956909141],[98.608999291473026,28.639884948730469]]],[[[98.608772277832259,28.642385482788061],[98.608772277832259,28.640604912575455],[98.608210841686059,28.642385482788061],[98.608772277832259,28.642385482788061]]],[[[98.979598999023608,28.642806284176551],[98.984229949101604,28.586551666259744],[98.975433349609574,28.631551742553722],[98.979598999023608,28.642806284176551]]],[[[98.606371726927264,28.648218154907216],[98.607933044433835,28.647384643554656],[98.607933044433835,28.64326650463838],[98.606371726927264,28.648218154907216]]],[[[98.97881056565933,28.65238380432125],[98.978767395019815,28.65238380432125],[98.978767395019815,28.652908221080157],[98.97881056565933,28.65238380432125]]],[[[98.602955712594436,28.659051895141555],[98.607101440429958,28.656551361083963],[98.606269836425895,28.64854129618131],[98.602955712594436,28.659051895141555]]],[[[98.602935791015739,28.659885406494116],[98.602935791015739,28.659115075558365],[98.602692895998757,28.659885406494116],[98.602935791015739,28.659885406494116]]],[[[98.597099304199403,28.679050445556612],[98.597099304199403,28.677977421990434],[98.596774361803568,28.679050445556612],[98.597099304199403,28.679050445556612]]],[[[98.596267700195526,28.683218002319325],[98.596267700195526,28.680723541626922],[98.59551230575768,28.683218002319325],[98.596267700195526,28.683218002319325]]],[[[98.595436096191648,28.684051513671886],[98.595436096191648,28.683469661263675],[98.595259894548505,28.684051513671886],[98.595436096191648,28.684051513671886]]],[[[98.975586256257984,28.691551208496072],[98.975433349609574,28.691551208496072],[98.975433349609574,28.693408647021283],[98.975586256257984,28.691551208496072]]],[[[98.972939925024548,28.723697603924862],[98.975311793495251,28.694885253906225],[98.967933654785298,28.724884033203061],[98.972939925024548,28.723697603924862]]],[[[98.57543945312527,28.750717163085952],[98.575324029823065,28.749883651733391],[98.57507161861389,28.750717163085952],[98.57543945312527,28.750717163085952]]],[[[98.567501015138305,28.775716781616193],[98.571266174316605,28.770717620849599],[98.570434570312727,28.767383575439446],[98.567501015138305,28.775716781616193]]],[[[98.567100524902571,28.777383804321225],[98.567100524902571,28.777039278977238],[98.566996192719941,28.777383804321225],[98.567100524902571,28.777383804321225]]],[[[98.567100524902571,28.779050827026346],[98.566743781510766,28.778217315673785],[98.566491370301591,28.779050827026346],[98.567100524902571,28.779050827026346]]],[[[98.566268920898693,28.779884338378906],[98.566268920898693,28.779785398613903],[98.566238959092416,28.779884338378906],[98.566268920898693,28.779884338378906]]],[[[98.961265563965085,28.797178990838383],[98.96983870506034,28.743217468261676],[98.956268310546989,28.754051208496104],[98.961265563965085,28.797178990838383]]],[[[98.558203275690076,28.8082180023193],[98.566268920898693,28.79571723937984],[98.564605712890838,28.787384033203093],[98.558203275690076,28.8082180023193]]],[[[98.554187474089844,28.823217391967763],[98.556266784668139,28.821550369262642],[98.556266784668139,28.815450975030913],[98.554187474089844,28.823217391967763]]],[[[98.532322700804329,28.904884338378881],[98.554603576660384,28.899049758911136],[98.551269531250227,28.836549758911104],[98.532322700804329,28.904884338378881]]],[[[98.532104492187642,28.905717849731442],[98.532104492187642,28.905699367703445],[98.532099543975846,28.905717849731442],[98.532104492187642,28.905717849731442]]],[[[98.510816938486528,28.96238327026364],[98.517936706543239,28.954883575439453],[98.519599914550909,28.941790502527102],[98.510816938486528,28.96238327026364]]],[[[98.492935180664318,29.073302514212166],[98.498771667480653,29.051549911499034],[98.487979662668906,29.042383193969727],[98.492935180664318,29.073302514212166]]],[[[98.467933654785398,29.173355102539048],[98.503768920898565,29.114883422851538],[98.495437622070497,29.086549758911143],[98.498759421560194,29.109642119798544],[98.449049699650331,29.161548614501957],[98.467933654785398,29.173355102539048]]],[[[98.391047134168602,29.216548919677713],[98.398773193359602,29.215715408325153],[98.397102355957301,29.210867269083],[98.391047134168602,29.216548919677713]]],[[[98.369606018066648,29.23738288879392],[98.369606018066648,29.236667246355101],[98.368843321801563,29.23738288879392],[98.369606018066648,29.23738288879392]]],[[[98.275436401367386,29.319187164306641],[98.325439453125227,29.314048767089854],[98.313774108886918,29.286548614501932],[98.342102050781364,29.278215408325185],[98.354606628418182,29.251548767089822],[98.256271362304801,29.303413782988045],[98.275436401367386,29.319187164306641]]],[[[98.074712149221867,29.494880676269467],[98.077941894531463,29.489881515502873],[98.077941894531463,29.488214492797841],[98.077420634459997,29.488214492797841],[98.074712149221867,29.494880676269467]]],[[[98.067940548646476,29.51154708862305],[98.076271057129162,29.504880905151335],[98.074607849121307,29.495137381972118],[98.067940548646476,29.51154708862305]]],[[[98.067939758300909,29.512380599975522],[98.067939758300909,29.511549033839039],[98.067601891121697,29.512380599975522],[98.067939758300909,29.512380599975522]]],[[[98.056428517684296,29.539880752563445],[98.068771362304972,29.52238082885739],[98.067108154297031,29.51359579591362],[98.056428517684296,29.539880752563445]]],[[[98.038055050997258,29.589048385620135],[98.054603576660298,29.564880371093686],[98.049606323242386,29.556671687654571],[98.038055050997258,29.589048385620135]]],[[[98.037940979004077,29.589879989624016],[98.037940979004077,29.589663215596666],[98.037900760006437,29.589879989624016],[98.037940979004077,29.589879989624016]]],[[[98.472106933593878,29.891546249389659],[98.567620913102218,29.812501947330809],[98.64403886660412,29.692998773824456],[98.7871879999784,29.56483463879405],[98.862653374418713,29.414158253579718],[98.933449889812636,29.210688577783998],[98.947284686626048,29.093805651856112],[98.93477682605841,28.972005795801795],[98.960835678936974,28.799884796142553],[98.927932739258097,28.824050903320323],[98.912101745605753,28.803216934204116],[98.871269226074489,28.813217163085895],[98.850433349609602,28.802383422851555],[98.827934265136861,28.822383880615202],[98.814605712890881,28.952383041381772],[98.786270141601804,29.002382278442344],[98.75710296630885,29.007383346557617],[98.716270446777585,29.089050292968736],[98.740432739257997,29.130716323852472],[98.722938537597798,29.161548614501957],[98.731269836426051,29.184049606323196],[98.700439453125242,29.210716247558558],[98.710433959961165,29.251548767089822],[98.657936096191676,29.276548385620064],[98.631271362304815,29.354047775268558],[98.605438232422102,29.350715637206996],[98.585433959961094,29.374048233032205],[98.576271057129148,29.467380523681634],[98.485435485840043,29.551548004150344],[98.482933044433864,29.627380371093718],[98.461273193359631,29.661546707153267],[98.509605407715085,29.70154762268065],[98.462936401367301,29.78404617309565],[98.481269836426009,29.826545715332035],[98.456268310547088,29.874046325683604],[98.472106933593878,29.891546249389659]]],[[[98.467592950807386,29.911546707153306],[98.46710205078152,29.911546707153306],[98.46710205078152,29.913201748823241],[98.467592950807386,29.911546707153306]]],[[[97.828773498535298,29.990018844604464],[97.853775024414219,29.976545333862251],[97.842941284179972,29.95237922668457],[97.834659159438047,29.95237922668457],[97.828773498535298,29.990018844604464]]],[[[98.420440673828367,30.024185180664013],[98.447789682860403,29.997379302978459],[98.467098497100352,29.913213729858338],[98.424606323242401,29.970712661743097],[98.401268005371335,29.979879379272404],[98.420440673828367,30.024185180664013]]],[[[97.812103271484631,30.036544799804691],[97.812037682514912,30.035713195800721],[97.81128175919639,30.036544799804691],[97.812103271484631,30.036544799804691]]],[[[97.764602661132969,30.119184494018562],[97.792106628418253,30.104879379272468],[97.811271667480653,30.036555901871512],[97.748408357313437,30.10571289062494],[97.764602661132969,30.119184494018562]]],[[[98.484603881836165,30.205850601196275],[98.497215528122567,30.202379226684521],[98.476272583008097,30.098211288452163],[98.460433959961122,30.11821174621581],[98.474601745605611,30.13071250915527],[98.484603881836165,30.205850601196275]]],[[[97.582107543945597,30.245851516723569],[97.62544250488304,30.197378158569336],[97.620437622070497,30.185710906982436],[97.643775939941563,30.175712585449158],[97.634605407714986,30.157379150390632],[97.582107543945597,30.245851516723569]]],[[[97.57877349853544,30.251544952392532],[97.57877349853544,30.251077134486341],[97.578553056954092,30.251544952392532],[97.57877349853544,30.251544952392532]]],[[[97.5771102905275,30.254878997802685],[97.5771102905275,30.254606770242191],[97.576982013535272,30.254878997802685],[97.5771102905275,30.254878997802685]]],[[[98.503101940153186,30.255710601806655],[98.502937316894688,30.253069976702744],[98.502937316894688,30.255710601806655],[98.503101940153186,30.255710601806655]]],[[[97.537940979004176,30.33001708984369],[97.560440063476733,30.319044113159158],[97.583770751953267,30.298212051391541],[97.562110900879034,30.286438256000729],[97.537940979004176,30.33001708984369]]],[[[98.491271972656378,30.402519027488587],[98.510729774552942,30.378064218109472],[98.503361756199453,30.259878158569279],[98.484603881836165,30.314878463745124],[98.506271362304929,30.347377777099553],[98.491271972656378,30.402519027488587]]],[[[97.47798777303386,30.419044494628892],[97.50543975830098,30.410711288452145],[97.502105712890739,30.384044647216783],[97.47798777303386,30.419044494628892]]],[[[98.468178375273268,30.431543350219673],[98.467933654785398,30.431543350219673],[98.467933654785398,30.431850917996965],[98.468178375273268,30.431543350219673]]],[[[98.467515180622073,30.432376861572234],[98.46710205078152,30.432376861572234],[98.46710205078152,30.432896088335418],[98.467515180622073,30.432376861572234]]],[[[98.466851985970877,30.433210372924794],[98.466270446777457,30.433210372924794],[98.466270446777457,30.433941258674139],[98.466851985970877,30.433210372924794]]],[[[98.465525596668584,30.434877395629826],[98.465438842773665,30.434877395629826],[98.465438842773665,30.434986429012504],[98.465525596668584,30.434877395629826]]],[[[98.425437927246278,30.485260081165592],[98.458895167764439,30.443210601806573],[98.457939147949389,30.442377090454102],[98.434600830078409,30.453210830688441],[98.425437927246278,30.485260081165592]]],[[[97.353775024414233,30.578350067138608],[97.392105102539318,30.548210144042901],[97.392105102539318,30.52321052551266],[97.423774719238452,30.508211135864197],[97.44377136230483,30.463211059570309],[97.314549055460162,30.568210601806637],[97.353775024414233,30.578350067138608]]],[[[98.258515547171726,30.65404319763179],[98.257934570312742,30.65404319763179],[98.257934570312742,30.654781350144415],[98.258515547171726,30.65404319763179]]],[[[98.220436096191634,30.702424543616761],[98.257859516339039,30.65487670898435],[98.207107543945469,30.685708999633746],[98.220436096191634,30.702424543616761]]],[[[97.123093734987847,30.729042053222603],[97.227111816406406,30.672376632690405],[97.220443725586193,30.638210296630856],[97.123093734987847,30.729042053222603]]],[[[97.062110900879048,30.766375513824155],[97.075439453125213,30.766542434692393],[97.083778381347813,30.754433697106801],[97.062110900879048,30.766375513824155]]],[[[98.068771362304972,30.813142958322274],[98.09861542597092,30.79821014404294],[98.081268310547074,30.796543121337908],[98.068771362304972,30.813142958322274]]],[[[96.974609375000185,30.840015411376957],[97.000442504882983,30.804876327514656],[97.037109375000128,30.780154856564582],[96.947113037109531,30.832538479224961],[96.974609375000185,30.840015411376957]]],[[[97.954173117733191,30.860935939134396],[97.987116073320607,30.847375869750952],[97.957107543945426,30.849876403808544],[97.954173117733191,30.860935939134396]]],[[[96.900444030761932,30.863208770751886],[96.900444030761932,30.86303688586494],[96.900181010566442,30.863208770751886],[96.900444030761932,30.863208770751886]]],[[[97.953660305183874,30.862375259399414],[97.952941894531392,30.862375259399414],[97.952941894531392,30.864391635582415],[97.953660305183874,30.862375259399414]]],[[[97.951285223957427,30.86904144287104],[97.951271057129091,30.86904144287104],[97.951271057129091,30.869081205164676],[97.951285223957427,30.86904144287104]]],[[[97.918769836425895,30.960302969643475],[97.950988253858426,30.869874954223601],[97.908775329590071,30.94070816040038],[97.918769836425895,30.960302969643475]]],[[[96.616279602051023,30.962375640869148],[96.640441894531435,30.958882191062468],[96.610443115234602,30.95620532953323],[96.616279602051023,30.962375640869148]]],[[[97.915359317199218,30.969875335693335],[97.917140458227763,30.96487617492674],[97.914604187011861,30.966541290283182],[97.915359317199218,30.969875335693335]]],[[[96.768775939941563,30.977514266967713],[96.840446472168082,30.919876098632763],[96.857109069824489,30.89135647875603],[96.744931098728117,30.96487617492674],[96.768775939941563,30.977514266967713]]],[[[96.556274414062727,30.982376098632795],[96.556274414062727,30.981929614532969],[96.555579255319088,30.982376098632795],[96.556274414062727,30.982376098632795]]],[[[96.547943115234659,30.987375259399389],[96.55544281005875,30.983207702636676],[96.55544281005875,30.982463734212121],[96.547943115234659,30.987375259399389]]],[[[96.707946777343921,30.988348007202141],[96.736274719238452,30.967433579075813],[96.664611816406477,30.961038929954746],[96.68460845947294,30.978208541870082],[96.707946777343921,30.988348007202141]]],[[[97.887968073931972,31.0482082366943],[97.88793945312527,31.0482082366943],[97.88793945312527,31.048291329767611],[97.887968073931972,31.0482082366943]]],[[[97.867942810058807,31.106346385532294],[97.887680976989486,31.049041748046861],[97.861274719238409,31.067375183105476],[97.867942810058807,31.106346385532294]]],[[[96.457946777343878,31.134180068969734],[96.512947082519815,31.080707550048817],[96.480445861816619,31.046807239379874],[96.443835043750838,31.124874114990234],[96.457946777343878,31.134180068969734]]],[[[97.856269836425952,31.140235830522837],[97.857542367747612,31.136541366577134],[97.856269836425952,31.137374877929695],[97.856269836425952,31.140235830522837]]],[[[96.282112121582273,31.217374801635692],[96.282112121582273,31.216838742020329],[96.280892506052993,31.217374801635692],[96.282112121582273,31.217374801635692]]],[[[96.279609680175909,31.218208312988253],[96.279609680175909,31.217938644198821],[96.27899614348344,31.218208312988253],[96.279609680175909,31.218208312988253]]],[[[96.282788868622191,31.216541290283221],[96.347114562988395,31.207374572753913],[96.375442504883026,31.174041748046836],[96.282788868622191,31.216541290283221]]],[[[96.26003685729178,31.226541519165],[96.277114868164176,31.22570800781244],[96.278778076172031,31.218304160471448],[96.26003685729178,31.226541519165]]],[[[96.245445251465043,31.234041213989276],[96.245445251465043,31.232954991622467],[96.242973933669575,31.234041213989276],[96.245445251465043,31.234041213989276]]],[[[96.241279602051009,31.235708236694308],[96.242942810058864,31.23405489380087],[96.239181208530823,31.235708236694308],[96.241279602051009,31.235708236694308]]],[[[96.19235129603517,31.259040832519517],[96.195442199707202,31.258207321166957],[96.19628143310571,31.256732652021849],[96.19235129603517,31.259040832519517]]],[[[97.720650521838209,31.259040832519517],[97.720436096191548,31.259040832519517],[97.720436096191548,31.259741610345419],[97.720650521838209,31.259040832519517]]],[[[96.191276550293168,31.259874343872077],[96.191276550293168,31.259672033700706],[96.19093207692778,31.259874343872077],[96.191276550293168,31.259874343872077]]],[[[96.189613342285313,31.26237487792967],[96.19044494628929,31.260160437058907],[96.186674419605879,31.26237487792967],[96.189613342285313,31.26237487792967]]],[[[96.175445556640824,31.269041061401385],[96.175445556640824,31.268969620566004],[96.175323914388201,31.269041061401385],[96.175445556640824,31.269041061401385]]],[[[97.706580068371863,31.305025358812436],[97.720395482074949,31.259874343872077],[97.702110290527472,31.270708084106417],[97.706580068371863,31.305025358812436]]],[[[95.954612731933736,31.395706176757802],[96.037117004394688,31.370706558227472],[96.057945251465128,31.339040756225604],[95.954612731933736,31.395706176757802]]],[[[97.710828121826822,31.409476169934706],[97.708539618829576,31.353206634521417],[97.707939147949361,31.353206634521417],[97.690437316894716,31.395706176757802],[97.710828121826822,31.409476169934706]]],[[[95.928861563592761,31.409873962402294],[95.957946777343892,31.416540145874009],[95.948783874511946,31.398758127306174],[95.928861563592761,31.409873962402294]]],[[[97.709678513975234,31.478206634521481],[97.709609985351747,31.478206634521481],[97.709609985351747,31.482303687379169],[97.709678513975234,31.478206634521481]]],[[[95.807113647461208,31.503206253051722],[95.807113647461208,31.503195369060858],[95.807079597065908,31.503206253051722],[95.807113647461208,31.503206253051722]]],[[[97.70909309527292,31.51320648193359],[97.709594896404766,31.483205795288075],[97.707939147949361,31.483205795288075],[97.692939758300895,31.50070571899413],[97.70909309527292,31.51320648193359]]],[[[97.847938537597798,31.521539688110337],[97.853556241563012,31.514039993286151],[97.847938537597798,31.515707015991183],[97.847938537597798,31.521539688110337]]],[[[95.686279296875171,31.54181929530067],[95.697944641113395,31.541540145873984],[95.699615478515781,31.53755647025536],[95.686279296875171,31.54181929530067]]],[[[95.792945861816534,31.547512054443331],[95.840446472168196,31.519872665405217],[95.806282043457145,31.50346118595451],[95.710615289739621,31.534040451049798],[95.792945861816534,31.547512054443331]]],[[[95.586013543083723,31.573868601313574],[95.59961700439473,31.577373504638654],[95.603782653808764,31.56818881887871],[95.586013543083723,31.573868601313574]]],[[[95.580451965332145,31.583206176757809],[95.580451965332145,31.582626713775856],[95.580083994671625,31.583206176757809],[95.580451965332145,31.583206176757809]]],[[[97.870424282112694,31.592372894287116],[97.858772277832315,31.538262560898204],[97.846275329590128,31.554039001464854],[97.870424282112694,31.592372894287116]]],[[[97.870603768677228,31.593206405639588],[97.87043762207054,31.592434843248721],[97.87043762207054,31.593206405639588],[97.870603768677228,31.593206405639588]]],[[[97.871680277340246,31.598205566406182],[97.871269226074418,31.596296699871388],[97.871269226074418,31.598205566406182],[97.871680277340246,31.598205566406182]]],[[[97.868774414062685,31.681223889496927],[97.870147882945574,31.669872283935522],[97.86293792724635,31.672372817993114],[97.868774414062685,31.681223889496927]]],[[[97.863090044720352,31.728204727172841],[97.86293792724635,31.728204727172841],[97.86293792724635,31.729461965385756],[97.863090044720352,31.728204727172841]]],[[[97.861274719238409,31.743208240607771],[97.862888346044357,31.729871749877873],[97.857109069824375,31.732372283935554],[97.861274719238409,31.743208240607771]]],[[[97.828773498535298,31.802371978759773],[97.851192361376661,31.826538085937454],[97.86077097149915,31.747371673583928],[97.828773498535298,31.802371978759773]]],[[[95.419616699218906,31.874038696289023],[95.419616699218906,31.873970977063241],[95.419539223176173,31.874038696289023],[95.419616699218906,31.874038696289023]]],[[[95.174613952636875,31.964038848876889],[95.179618835449418,31.963205337524418],[95.179618835449418,31.96252684063499],[95.174613952636875,31.964038848876889]]],[[[95.207946777343864,31.975843429565391],[95.301284790039333,31.926538467407187],[95.359619140625242,31.940704345703089],[95.405448913574418,31.914037704467727],[95.42211914062527,31.879037857055618],[95.180646214930732,31.962371826171857],[95.207946777343864,31.975843429565391]]],[[[95.093317867909519,31.984037399291946],[95.122116088867301,31.97737121582032],[95.129615783691577,31.970071468855203],[95.093317867909519,31.984037399291946]]],[[[97.859603881836108,32.064174652099545],[97.89152641021289,32.057369232177727],[97.854606628418196,31.866779378492541],[97.818771362304844,31.919872283935561],[97.860435485839986,31.944871902465803],[97.835441589355696,32.026538848876925],[97.859603881836108,32.064174652099545]]],[[[94.941870055027039,32.075702667236342],[95.001281738281449,32.066535949707038],[94.997116088867415,32.034870147705078],[95.010452270508026,32.025703430175774],[95.009052079977579,32.024871826171889],[94.941870055027039,32.075702667236342]]],[[[94.923782348632955,32.094871520996108],[94.921287536621222,32.091275682824353],[94.916534994961282,32.094871520996108],[94.923782348632955,32.094871520996108]]],[[[94.891281127929844,32.104038238525327],[94.891281127929844,32.103955136075875],[94.890735282255321,32.104038238525327],[94.891281127929844,32.104038238525327]]],[[[94.739616394043097,32.127368927001946],[94.75212097167983,32.125141618592153],[94.726724794571879,32.129035949706982],[94.739616394043097,32.127368927001946]]],[[[94.819618225097869,32.159175872802685],[94.827949523926023,32.142372131347592],[94.901283264160398,32.140705108642557],[94.898780822754034,32.109870910644482],[94.79770141461664,32.118202209472642],[94.800453186035369,32.147369384765597],[94.819618225097869,32.159175872802685]]],[[[94.638786315918253,32.204174041747983],[94.656288146972898,32.187370300292976],[94.652954101562656,32.151538848876896],[94.581374768121819,32.173202514648395],[94.638786315918253,32.204174041747983]]],[[[97.881271362304872,32.207462000629675],[97.916385312149913,32.189138106313656],[97.914793835151286,32.18070220947267],[97.897102355957216,32.185703277587855],[97.881271362304872,32.207462000629675]]],[[[97.811271667480653,32.243990702634754],[97.859091992659557,32.219036102294936],[97.858772277832315,32.218204498290966],[97.834602355957188,32.21570205688478],[97.811271667480653,32.243990702634754]]],[[[97.737106323242315,32.279405029039502],[97.764060808873992,32.268627258405054],[97.811181744400216,32.244037628173764],[97.763771057129176,32.242370605468736],[97.732109069824489,32.262371063232379],[97.737106323242315,32.279405029039502]]],[[[97.729687324682288,32.28237152099603],[97.728775024414247,32.28237152099603],[97.728775024414247,32.282736304919986],[97.729687324682288,32.28237152099603]]],[[[97.727607538524595,32.283203125],[97.727104187011946,32.283203125],[97.727104187011946,32.283404390467403],[97.727607538524595,32.283203125]]],[[[97.725518212063605,32.284038543701151],[97.724609375000213,32.284038543701151],[97.724609375000213,32.284401942860271],[97.725518212063605,32.284038543701151]]],[[[97.723438425906167,32.284870147705028],[97.722106933594034,32.284870147705028],[97.722106933594034,32.285402545871918],[97.723438425906167,32.284870147705028]]],[[[97.721358639748573,32.285701751708999],[97.720436096191548,32.285701751708999],[97.720436096191548,32.286070631419513],[97.721358639748573,32.285701751708999]]],[[[97.719269313287484,32.286537170410149],[97.718772888183878,32.286537170410149],[97.718772888183878,32.28673566634788],[97.719269313287484,32.286537170410149]]],[[[97.71718952713006,32.287368774414034],[97.717109680175938,32.287368774414034],[97.717109680175938,32.287400701276518],[97.71718952713006,32.287368774414034]]],[[[97.632942199707315,32.320926690178105],[97.710441589355725,32.290066942228449],[97.710441589355725,32.279869079589844],[97.674606323242372,32.280704498290994],[97.632942199707315,32.320926690178105]]],[[[94.46378326416044,32.325095807026386],[94.527122497558707,32.274036407470689],[94.532951354980597,32.223220147133709],[94.46378326416044,32.325095807026386]]],[[[97.617665926132318,32.326538085937443],[97.614608764648608,32.325702667236293],[97.61377716064473,32.327966536538185],[97.617665926132318,32.326538085937443]]],[[[94.448783874511975,32.331535339355447],[94.448783874511975,32.33130989858202],[94.448239712268531,32.331535339355447],[94.448783874511975,32.331535339355447]]],[[[97.478775024414205,32.381236042783627],[97.492319564548922,32.372581254671047],[97.492900505997738,32.372367858886712],[97.483772277832301,32.372367858886712],[97.478775024414205,32.381236042783627]]],[[[94.349679389283352,32.372367858886712],[94.432952880859631,32.372367858886712],[94.429618835449389,32.349868774414062],[94.447952270508097,32.33165442349533],[94.349679389283352,32.372367858886712]]],[[[97.474609375000171,32.383897839542371],[97.478307826290646,32.381534576416023],[97.475440979004148,32.381534576416023],[97.474609375000171,32.383897839542371]]],[[[94.211200400001132,32.428975638619136],[94.299621582031406,32.414871215820277],[94.31545257568375,32.387371063232358],[94.211200400001132,32.428975638619136]]],[[[97.35021963745659,32.463381292735257],[97.467872420759832,32.388202667236328],[97.399604797363409,32.404037475585938],[97.385444641113551,32.431537628173771],[97.34710693359402,32.434036254882777],[97.35021963745659,32.463381292735257]]],[[[94.380455017090057,32.555839538574197],[94.366287231445568,32.523200988769489],[94.350456237793225,32.53820419311522],[94.316284179687727,32.53320312499995],[94.286285400390796,32.494037628173807],[94.249618530273565,32.519035339355455],[94.20074609170058,32.515701293945305],[94.380455017090057,32.555839538574197]]],[[[97.220443725586193,32.566535949707024],[97.226272583007983,32.567858476462959],[97.226272583007983,32.567367553710909],[97.220443725586193,32.566535949707024]]],[[[97.209697992612178,32.572368621826179],[97.208778381347884,32.572368621826179],[97.208778381347884,32.572618859109873],[97.209697992612178,32.572368621826179]]],[[[97.206627864785816,32.57320404052733],[97.20627593994152,32.57320404052733],[97.20627593994152,32.573299803509499],[97.206627864785816,32.57320404052733]]],[[[94.462120056152585,32.589653611776377],[94.439620971679844,32.564868927001903],[94.425453186035355,32.57320404052733],[94.462120056152585,32.589653611776377]]],[[[97.123779296875199,32.595246015961628],[97.204605102539219,32.573754458459184],[97.204605102539219,32.57320404052733],[97.149612426757997,32.58070373535152],[97.123779296875199,32.595246015961628]]],[[[97.101816354476668,32.600700378417983],[97.099609375000156,32.600700378417983],[97.099609375000156,32.601248468276729],[97.101816354476668,32.600700378417983]]],[[[96.969612121582273,32.644829555220774],[96.988435491626888,32.62885782245997],[97.098452395267785,32.601535797119134],[97.062110900879048,32.588203430175795],[97.012107849121207,32.60486984252929],[96.969612121582273,32.644829555220774]]],[[[96.885444641113466,32.716246124199259],[96.969568058062322,32.644866943359311],[96.897941589355753,32.677368164062507],[96.881278991699347,32.692367553710881],[96.885444641113466,32.716246124199259]]],[[[94.569618225097827,32.752506256103516],[94.608787536621236,32.734867095947266],[94.611282348632969,32.715702056884773],[94.573783874511861,32.702369689941342],[94.615455627441634,32.671535491943352],[94.597122192382926,32.659034729003892],[94.595451354980625,32.632369995117124],[94.566284179687671,32.632369995117124],[94.531288146972926,32.599868774414013],[94.484619140625142,32.600700378417983],[94.56777086588778,32.702312291488326],[94.49128723144554,32.728202819824233],[94.569618225097827,32.752506256103516]]],[[[96.836018995464599,32.759868621826186],[96.835441589355625,32.759868621826186],[96.835441589355625,32.760412324586959],[96.836018995464599,32.759868621826186]]],[[[96.835135841530615,32.760700225830071],[96.834609985351747,32.760700225830071],[96.834609985351747,32.761195387643845],[96.835135841530615,32.760700225830071]]],[[[96.834248636431894,32.761535644531222],[96.833778381347869,32.761535644531222],[96.833778381347869,32.761978450700816],[96.834248636431894,32.761535644531222]]],[[[96.824607849121378,32.770613696522148],[96.833365482497996,32.762367248535099],[96.827941894531534,32.760700225830071],[96.824607849121378,32.770613696522148]]],[[[96.799613952636903,32.794148692621235],[96.81035486623793,32.784034729003871],[96.797943115234517,32.784866333007749],[96.799613952636903,32.794148692621235]]],[[[96.697113037109489,32.904959155610584],[96.736203165660015,32.853858175096569],[96.746634094555759,32.844036102294901],[96.707946777343921,32.857368469238239],[96.697113037109489,32.904959155610584]]],[[[96.565444946289304,32.972988879033686],[96.540443420410384,32.959033966064418],[96.504608154297031,32.968200683593722],[96.565444946289304,32.972988879033686]]],[[[96.616279602051023,32.976723625934497],[96.607109069824446,32.968200683593722],[96.578781127929915,32.973968668555294],[96.616279602051023,32.976723625934497]]],[[[96.435447692871321,33.002230151945795],[96.492942810058722,32.967662254420297],[96.492942810058722,32.965702056884723],[96.447113037109631,32.970699310302727],[96.435447692871321,33.002230151945795]]],[[[94.268783569336065,33.004867553710952],[94.268783569336065,33.004372738833794],[94.267698687654871,33.004867553710952],[94.268783569336065,33.004867553710952]]],[[[94.331283569336094,33.009170532226499],[94.395454406738523,32.974868774414027],[94.378784179687756,32.919868469238274],[94.364803342449974,32.960578090024846],[94.269530343264179,33.004032135009716],[94.314620971679872,32.997367858886676],[94.331283569336094,33.009170532226499]]],[[[96.422455141142521,33.010700225830021],[96.433959193443073,33.003200531005831],[96.425445556640867,33.005699157714837],[96.422455141142521,33.010700225830021]]],[[[94.22879028320331,33.016532897949176],[94.260452270507997,33.008172646857673],[94.22473656379934,33.01403427124017],[94.22879028320331,33.016532897949176]]],[[[96.399612426757969,33.022365570068331],[96.398272302301322,33.026465445471857],[96.404561249008367,33.022365570068331],[96.399612426757969,33.022365570068331]]],[[[96.395276899163974,33.027366638183601],[96.394615173340057,33.027366638183601],[96.394615173340057,33.027565724070222],[96.395276899163974,33.027366638183601]]],[[[94.095451354980639,33.057502746582038],[94.134620666504048,33.042366027831974],[94.147117614746335,33.026014015633372],[94.069618225097926,33.041302373576812],[94.095451354980639,33.057502746582038]]],[[[94.002120971679801,33.055188489825412],[94.011291503906378,33.054035186767557],[94.017120361328352,33.052102686214553],[94.002120971679801,33.055188489825412]]],[[[96.262115478515895,33.067429393098109],[96.350962499753265,33.040699005126946],[96.332946777343906,33.02569961547848],[96.274612426757997,33.044868469238246],[96.262115478515895,33.067429393098109]]],[[[96.22711181640652,33.086694068178083],[96.230680497696198,33.083198547363239],[96.229614257812699,33.083198547363239],[96.22711181640652,33.086694068178083]]],[[[96.226423767626613,33.087368011474545],[96.226280212402457,33.087368011474545],[96.226280212402457,33.087508623715593],[96.226423767626613,33.087368011474545]]],[[[96.225574758335469,33.088199615478516],[96.225448608398665,33.088199615478516],[96.225448608398665,33.088323179252839],[96.225574758335469,33.088199615478516]]],[[[96.224721854506399,33.089035034179666],[96.224609375000156,33.089035034179666],[96.224609375000156,33.089145207776845],[96.224721854506399,33.089035034179666]]],[[[96.201278686523622,33.111997600741468],[96.217918096563409,33.095699310302699],[96.20960998535169,33.094867706298821],[96.201278686523622,33.111997600741468]]],[[[93.953695781063345,33.119865417480469],[93.958786010742443,33.115699768066349],[93.963790893554901,33.104034423828125],[93.953695781063345,33.119865417480469]]],[[[96.147949218750171,33.164233776942361],[96.186438545645785,33.126533508300774],[96.149612426758026,33.148200988769545],[96.147949218750171,33.164233776942361]]],[[[96.147302332956173,33.16486740112304],[96.147109985351747,33.16486740112304],[96.147109985351747,33.165055805466366],[96.147302332956173,33.16486740112304]]],[[[96.146341759250802,33.165699005126918],[96.146278381347869,33.165699005126918],[96.146278381347869,33.165749523322326],[96.146341759250802,33.165699005126918]]],[[[93.927955627441548,33.190837860107443],[93.942123413086222,33.173198699951108],[93.94461822509777,33.134864807128842],[93.913877424938946,33.184032440185533],[93.927955627441548,33.190837860107443]]],[[[96.105567159330946,33.198200225830028],[96.105445861816605,33.198200225830028],[96.105445861816605,33.198296911445276],[96.105567159330946,33.198200225830028]]],[[[96.104523865576979,33.199031829833999],[96.10378265380875,33.199031829833999],[96.10378265380875,33.199622645864409],[96.104523865576979,33.199031829833999]]],[[[96.103475786072025,33.199867248535149],[96.102943420410426,33.199867248535149],[96.102943420410426,33.200291594424328],[96.103475786072025,33.199867248535149]]],[[[96.102432492318229,33.200698852539027],[96.102111816406364,33.200698852539027],[96.102111816406364,33.200954461633984],[96.102432492318229,33.200698852539027]]],[[[96.10138441281336,33.201534271240178],[96.101280212402571,33.201534271240178],[96.101280212402571,33.201617328843462],[96.10138441281336,33.201534271240178]]],[[[95.950447082519702,33.203201293945298],[95.949706323960328,33.203201293945298],[95.950447082519702,33.203366945964866],[95.950447082519702,33.203201293945298]]],[[[95.95877838134777,33.204032897949183],[95.953425069950669,33.204032897949183],[95.95877838134777,33.205230031392226],[95.95877838134777,33.204032897949183]]],[[[96.05127716064473,33.225700378417947],[96.050317167321055,33.225700378417947],[96.05127716064473,33.225915056778192],[96.05127716064473,33.225700378417947]]],[[[95.797111511230653,33.266446478391039],[95.948783874511946,33.202995011328269],[95.935447692871335,33.173198699951108],[95.864616394043139,33.210700988769489],[95.841278076172074,33.206531524658182],[95.791282653808864,33.249031066894482],[95.797111511230653,33.266446478391039]]],[[[95.740447998047046,33.286381319982546],[95.760550016641915,33.281532287597678],[95.743782043457202,33.281532287597678],[95.740447998047046,33.286381319982546]]],[[[93.91962432861348,33.290699005126896],[93.919411998945947,33.290699005126896],[93.91962432861348,33.291148107871223],[93.91962432861348,33.290699005126896]]],[[[93.925453186035369,33.303476841274822],[93.929618835449489,33.292366027832017],[93.91980697354208,33.291534423828132],[93.925453186035369,33.303476841274822]]],[[[95.656280517578338,33.304031372070327],[95.659614562988494,33.305880055521449],[95.659614562988494,33.305698394775355],[95.656280517578338,33.304031372070327]]],[[[95.653456886291337,33.307365417480476],[95.652946472168097,33.307365417480476],[95.652946472168097,33.307488540170922],[95.653456886291337,33.307365417480476]]],[[[93.989624023437699,33.316428020678408],[94.023788452148565,33.311187233364329],[94.023788452148565,33.310699462890632],[94.013786315918111,33.293197631835895],[93.989624023437699,33.316428020678408]]],[[[93.988945307352239,33.316532135009787],[93.987953186035398,33.316532135009787],[93.987953186035398,33.316684325372854],[93.988945307352239,33.316532135009787]]],[[[95.554618835449432,33.320244046343554],[95.620445251464986,33.313320884974125],[95.621284484863409,33.308200836181626],[95.556282043457287,33.30069732666017],[95.554618835449432,33.320244046343554]]],[[[94.054618835449375,33.320697784423821],[94.054110716648566,33.320697784423821],[94.054618835449375,33.320874049915176],[94.054618835449375,33.320697784423821]]],[[[94.082122802734659,33.330415126339744],[94.075454711914261,33.321533203124972],[94.062118530273651,33.323200225830092],[94.082122802734659,33.330415126339744]]],[[[95.382118225097798,33.402775120920232],[95.409587874907729,33.383197784423764],[95.389617919922074,33.392364501953068],[95.382118225097798,33.402775120920232]]],[[[95.378013265153399,33.405700683593771],[95.377952575683764,33.405700683593771],[95.377952575683764,33.40574393635363],[95.378013265153399,33.405700683593771]]],[[[95.252113342285369,33.439388510756103],[95.30045318603527,33.427199001492717],[95.299613952636847,33.414031982421839],[95.282951354980625,33.416530609130838],[95.252113342285369,33.439388510756103]]],[[[95.246284484863395,33.439865112304638],[95.251281738281492,33.439598210331496],[95.251281738281492,33.438198089599609],[95.246284484863395,33.439865112304638]]],[[[95.193786621093906,33.471801349524725],[95.232132741709705,33.447364807128913],[95.230453491211051,33.441532135009759],[95.211280822754105,33.438198089599609],[95.193786621093906,33.471801349524725]]],[[[94.247955322265895,33.528335571289077],[94.259620666504119,33.516532897949162],[94.254623413086108,33.419864654540994],[94.282119750976676,33.397365570068345],[94.240455627441619,33.392364501953068],[94.245452880859531,33.35403060913081],[94.227119445801009,33.314033508300781],[94.197120666504176,33.342365264892585],[94.127120971679958,33.327365875244126],[94.117118835449403,33.339719225438728],[94.22626147505909,33.360400422887267],[94.247955322265895,33.528335571289077]]],[[[94.249329228014531,33.539031982421811],[94.251289367676051,33.536533355712898],[94.248145475401444,33.529865264892592],[94.249329228014531,33.539031982421811]]],[[[94.345451354980682,33.619865417480462],[94.345252320810474,33.619865417480462],[94.345451354980682,33.619997861501808],[94.345451354980682,33.619865417480462]]],[[[94.807121276855582,33.648303366334268],[94.83075129558479,33.627661628927903],[95.075447082519702,33.544864654540966],[95.025451660156492,33.531532287597628],[94.982948303222926,33.575698852539041],[94.956283569336151,33.559864044189432],[94.885452270508054,33.580699920654318],[94.866287231445554,33.565696716308587],[94.830451965332202,33.575698852539041],[94.814620971679858,33.564029693603466],[94.800453186035369,33.618198394775341],[94.818786621093892,33.631530761718771],[94.807121276855582,33.648303366334268]]],[[[94.385452270507969,33.648334503173778],[94.393783569336222,33.62819671630853],[94.366287231445568,33.611530303955035],[94.349007205994582,33.62236404418946],[94.385452270507969,33.648334503173778]]],[[[94.387954711914333,33.65402984619142],[94.387796128296628,33.65402984619142],[94.387954711914333,33.654227662053955],[94.387954711914333,33.65402984619142]]],[[[94.403785705566676,33.673975109556771],[94.395454406738523,33.65402984619142],[94.388786315918125,33.65402984619142],[94.403785705566676,33.673975109556771]]],[[[94.421287536621321,33.695806745494757],[94.420455932617443,33.68902969360353],[94.414518150789704,33.687362670898409],[94.421287536621321,33.695806745494757]]],[[[94.707115173340085,33.735662574612853],[94.755725971784926,33.69319915771483],[94.711288452148565,33.714862823486328],[94.707115173340085,33.735662574612853]]]]}},
{"type":"Feature","properties":{},"geometry":{"type":"MultiPolygon","coordinates":[[[[107.742065429687599,20.142419815063398],[107.715400695800824,20.130752563476499],[107.742065429687599,20.148252487182553],[107.742065429687599,20.142419815063398]]],[[[106.58299895843038,20.244085311889574],[106.584571838378977,20.221584320068246],[106.564228066136096,20.207418441772344],[106.58299895843038,20.244085311889574]]],[[[106.597900390625057,20.255752563476474],[106.588737487793011,20.252799987792972],[106.602905273437599,20.266967773437553],[106.597900390625057,20.255752563476474]]],[[[106.600659961941929,20.294084548950057],[106.609573364257898,20.289918899536023],[106.606239318847756,20.27408409118641],[106.600659961941929,20.294084548950057]]],[[[106.59123992919929,20.332279205322127],[106.600402832031321,20.319917678832947],[106.600402832031321,20.299919128417891],[106.59903514234334,20.299919128417891],[106.59123992919929,20.332279205322127]]],[[[106.597940708209265,20.443250656127802],[106.61040496826179,20.4290847778319],[106.596358606104914,20.417417526245],[106.597940708209265,20.443250656127802]]],[[[106.602073669433622,20.468348587615463],[106.606239318847756,20.470750808715724],[106.602905273437599,20.467416763305572],[106.602073669433622,20.468348587615463]]],[[[107.146232604980497,20.616582870483317],[107.152069091796918,20.613250732421754],[107.145401000976619,20.613250732421754],[107.146232604980497,20.616582870483317]]],[[[107.167068481445384,20.618249893188349],[107.171234130859418,20.614917755126875],[107.167068481445384,20.613250732421754],[107.167068481445384,20.618249893188349]]],[[[107.202903747558636,20.618249893188349],[107.21289825439456,20.614917755126875],[107.201232910156335,20.614917755126875],[107.202903747558636,20.618249893188349]]],[[[107.129570007324276,20.619083404540909],[107.132064819336009,20.615749359130756],[107.128738403320384,20.614917755126875],[107.129570007324276,20.619083404540909]]],[[[107.132904052734418,20.621583938598501],[107.142898559570341,20.62075042724603],[107.142066955566463,20.615749359130756],[107.132904052734418,20.621583938598501]]],[[[107.152900695800795,20.624084472656182],[107.162071228027372,20.629083633422777],[107.159568786621193,20.619083404540909],[107.152900695800795,20.624084472656182]]],[[[107.130401611328153,20.652416229247986],[107.132904052734418,20.649917602538984],[107.130401611328153,20.650751113891545],[107.130401611328153,20.652416229247986]]],[[[106.812904357910256,20.669082641601481],[106.81707000732429,20.664916992187358],[106.812072753906278,20.667417526245039],[106.812904357910256,20.669082641601481]]],[[[107.068733215332088,20.699083328246996],[107.066238403320355,20.695749282836843],[107.067070007324233,20.699083328246996],[107.068733215332088,20.699083328246996]]],[[[107.072067260742244,20.705749511718622],[107.077072143554787,20.702417373657148],[107.072898864746122,20.699916839599467],[107.072067260742244,20.705749511718622]]],[[[107.070404052734474,20.720750808715763],[107.073738098144631,20.719083786010643],[107.070404052734474,20.718250274658082],[107.070404052734474,20.720750808715763]]],[[[107.010398864746179,20.726444244384638],[107.02957153320321,20.710750579833896],[107.028732299804702,20.705749511718622],[107.016235351562599,20.709083557128775],[107.010398864746179,20.726444244384638]]],[[[106.788734436035213,20.728944778442319],[106.802070617675824,20.723249435424677],[106.792068481445369,20.701583862304588],[106.809570312500099,20.676584243774347],[106.804573059082102,20.672416687011633],[106.768737792968835,20.708250045776303],[106.788734436035213,20.728944778442319]]],[[[107.076232910156278,20.730749130248952],[107.087905883789119,20.72825050353995],[107.081237792968821,20.718250274658082],[107.076232910156278,20.730749130248952]]],[[[107.470397949218793,20.729084014892511],[107.44456481933598,20.719083786010643],[107.473731994628935,20.742416381835852],[107.470397949218793,20.729084014892511]]],[[[107.191238403320327,20.749082565307479],[107.194564819336037,20.746583938598565],[107.192070007324304,20.745750427246005],[107.191238403320327,20.749082565307479]]],[[[107.375404357910185,20.752416610717631],[107.378730773925795,20.749082565307479],[107.375404357910185,20.748249053955007],[107.375404357910185,20.752416610717631]]],[[[107.188735961914148,20.757415771484315],[107.186233520507884,20.754083633422752],[107.186233520507884,20.757415771484315],[107.188735961914148,20.757415771484315]]],[[[107.386230468750071,20.754083633422752],[107.400398254394574,20.75158309936516],[107.385398864746193,20.744916915893445],[107.386230468750071,20.754083633422752]]],[[[107.189567565918026,20.76325035095206],[107.192901611328182,20.760749816894467],[107.189567565918026,20.760749816894467],[107.189567565918026,20.76325035095206]]],[[[107.155403137207074,20.76408386230462],[107.15123748779304,20.761583328246939],[107.15123748779304,20.764915466308501],[107.155403137207074,20.76408386230462]]],[[[107.104568481445355,20.768249511718654],[107.106231689453196,20.772417068481367],[107.107070922851619,20.767416000366094],[107.104568481445355,20.768249511718654]]],[[[107.194564819336037,20.777416229247962],[107.197067260742216,20.775749206542841],[107.194564819336037,20.774915695190369],[107.194564819336037,20.777416229247962]]],[[[107.180404663085994,20.773250579833928],[107.188735961914148,20.776582717895401],[107.187065124511761,20.771583557128807],[107.180404663085994,20.773250579833928]]],[[[107.492897033691435,20.778944015502802],[107.488731384277401,20.762416839599499],[107.473731994628935,20.758249282836786],[107.472900390625057,20.766582489013533],[107.492897033691435,20.778944015502802]]],[[[107.169570922851648,20.779916763305554],[107.175399780273537,20.774082183837809],[107.168731689453139,20.774915695190369],[107.169570922851648,20.779916763305554]]],[[[107.186233520507884,20.787416458129741],[107.187904357910185,20.784915924072148],[107.186233520507884,20.785749435424709],[107.186233520507884,20.787416458129741]]],[[[107.192901611328182,20.789083480834861],[107.190399169921918,20.786582946777269],[107.190399169921918,20.789083480834861],[107.192901611328182,20.789083480834861]]],[[[107.335403442382898,20.790750503539982],[107.337898254394631,20.786582946777269],[107.335403442382898,20.786582946777269],[107.335403442382898,20.790750503539982]]],[[[107.382064819336037,20.789083480834861],[107.387069702148494,20.790750503539982],[107.386230468750071,20.784915924072148],[107.382064819336037,20.789083480834861]]],[[[107.430397033691492,20.786582946777269],[107.43289947509767,20.792415618896424],[107.435401916503949,20.787416458129741],[107.430397033691492,20.786582946777269]]],[[[106.905403137207117,20.789083480834861],[106.92123413085946,20.773250579833928],[106.920402526855497,20.770750045776246],[106.905403137207117,20.789083480834861]]],[[[107.200401306152372,20.797416687011609],[107.203735351562528,20.795749664306577],[107.202064514160227,20.794082641601456],[107.200401306152372,20.797416687011609]]],[[[107.173736572265682,20.803249359130763],[107.179565429687571,20.794916152954016],[107.171234130859418,20.794082641601456],[107.173736572265682,20.803249359130763]]],[[[107.479568481445369,20.804082870483324],[107.482902526855511,20.800748825073171],[107.480400085449247,20.800748825073171],[107.479568481445369,20.804082870483324]]],[[[107.137069702148452,20.805749893188356],[107.13373565673831,20.803249359130763],[107.13373565673831,20.804916381835795],[107.137069702148452,20.805749893188356]]],[[[107.111236572265653,20.808250427246037],[107.109565734863352,20.806583404540916],[107.109565734863352,20.808250427246037],[107.111236572265653,20.808250427246037]]],[[[107.407897949218849,20.809776306152287],[107.422897338867216,20.799083709716729],[107.410400390625028,20.767416000366094],[107.399566650390682,20.778249740600522],[107.407897949218849,20.809776306152287]]],[[[107.192901611328182,20.81074905395495],[107.19540405273446,20.808250427246037],[107.192901611328182,20.808250427246037],[107.192901611328182,20.81074905395495]]],[[[107.182899475097727,20.811582565307511],[107.189567565918026,20.806583404540916],[107.180404663085994,20.796583175659048],[107.182899475097727,20.811582565307511]]],[[[107.331237792968764,20.813249588012631],[107.335403442382898,20.809082031249918],[107.332069396972742,20.809082031249918],[107.331237792968764,20.813249588012631]]],[[[107.266235351562557,20.813249588012631],[107.269569396972713,20.814083099365103],[107.269569396972713,20.812416076660071],[107.266235351562557,20.813249588012631]]],[[[107.145401000976619,20.76325035095206],[107.15873718261723,20.736583709716697],[107.128738403320384,20.740749359130731],[107.112899780273509,20.817415237426665],[107.129570007324276,20.816583633422784],[107.124565124511818,20.808250427246037],[107.142898559570341,20.785749435424709],[107.127067565917997,20.767416000366094],[107.145401000976619,20.774082183837809],[107.145401000976619,20.76325035095206]]],[[[107.259567260742244,20.818248748779226],[107.25706481933598,20.815750122070224],[107.25706481933598,20.818248748779226],[107.259567260742244,20.818248748779226]]],[[[107.092903137207131,20.819915771484258],[107.097900390625043,20.819082260131697],[107.097900390625043,20.817415237426665],[107.092903137207131,20.819915771484258]]],[[[107.134567260742273,20.821582794189379],[107.137069702148452,20.819082260131697],[107.135398864746151,20.819082260131697],[107.134567260742273,20.821582794189379]]],[[[107.210403442382912,20.818248748779226],[107.214569091796946,20.819915771484258],[107.214569091796946,20.816583633422784],[107.210403442382912,20.818248748779226]]],[[[107.234565734863324,20.819915771484258],[107.227905273437557,20.820749282836818],[107.235404968261747,20.82241630554185],[107.234565734863324,20.819915771484258]]],[[[107.216232299804716,20.82241630554185],[107.225402832031293,20.818248748779226],[107.215400695800838,20.819082260131697],[107.216232299804716,20.82241630554185]]],[[[107.123733520507841,20.824916839599531],[107.128738403320384,20.82241630554185],[107.123733520507841,20.82324981689441],[107.123733520507841,20.824916839599531]]],[[[107.165405273437528,20.824916839599531],[107.162902832031349,20.82324981689441],[107.162902832031349,20.824916839599531],[107.165405273437528,20.824916839599531]]],[[[107.140403747558693,20.826581954955973],[107.145401000976619,20.82241630554185],[107.143737792968849,20.821582794189379],[107.140403747558693,20.826581954955973]]],[[[107.210403442382912,20.826581954955973],[107.215400695800838,20.82241630554185],[107.211235046386804,20.82241630554185],[107.210403442382912,20.826581954955973]]],[[[107.252067565918068,20.82324981689441],[107.260398864746136,20.821582794189379],[107.266235351562557,20.818248748779226],[107.252067565918068,20.82324981689441]]],[[[107.296234130859474,20.827415466308533],[107.29373168945321,20.825750350952092],[107.29373168945321,20.827415466308533],[107.296234130859474,20.827415466308533]]],[[[107.225402832031293,20.826581954955973],[107.227905273437557,20.828248977661005],[107.227905273437557,20.826581954955973],[107.225402832031293,20.826581954955973]]],[[[107.270401000976591,20.829916000366126],[107.267066955566435,20.827415466308533],[107.267066955566435,20.829916000366126],[107.270401000976591,20.829916000366126]]],[[[107.27456665039071,20.816583633422784],[107.273735046386747,20.829916000366126],[107.282066345214901,20.829916000366126],[107.27456665039071,20.816583633422784]]],[[[107.287071228027443,20.831583023071158],[107.290397644043054,20.832416534423718],[107.290397644043054,20.830749511718686],[107.287071228027443,20.831583023071158]]],[[[107.196235656738338,20.83491516113272],[107.199569702148494,20.832416534423718],[107.196235656738338,20.834083557128839],[107.196235656738338,20.83491516113272]]],[[[107.137901306152429,20.835748672485281],[107.143737792968849,20.832416534423718],[107.137901306152429,20.828248977661005],[107.137901306152429,20.835748672485281]]],[[[107.244567871093793,20.832416534423718],[107.247901916503935,20.83491516113272],[107.247070312500057,20.831583023071158],[107.244567871093793,20.832416534423718]]],[[[107.309570312500085,20.829916000366126],[107.314567565918011,20.833250045776278],[107.312065124511818,20.828248977661005],[107.309570312500085,20.829916000366126]]],[[[107.329566955566463,20.836582183837752],[107.327064514160199,20.834083557128839],[107.327064514160199,20.835748672485281],[107.329566955566463,20.836582183837752]]],[[[107.222068786621136,20.837415695190312],[107.219566345214872,20.830749511718686],[107.217071533203224,20.837415695190312],[107.222068786621136,20.837415695190312]]],[[[107.062904357910199,20.839916229247905],[107.066238403320355,20.836582183837752],[107.062904357910199,20.836582183837752],[107.062904357910199,20.839916229247905]]],[[[107.252899169921946,20.833250045776278],[107.263732910156278,20.838249206542873],[107.260398864746136,20.830749511718686],[107.252899169921946,20.833250045776278]]],[[[107.116233825683665,20.834083557128839],[107.124565124511818,20.840749740600465],[107.127899169921974,20.833250045776278],[107.116233825683665,20.834083557128839]]],[[[107.06790161132821,20.839916229247905],[107.065399169921932,20.843250274658146],[107.06790161132821,20.844081878662028],[107.06790161132821,20.839916229247905]]],[[[107.328735351562585,20.844081878662028],[107.332901000976619,20.840749740600465],[107.328735351562585,20.840749740600465],[107.328735351562585,20.844081878662028]]],[[[107.202903747558636,20.841583251953026],[107.215400695800838,20.833250045776278],[107.20706939697267,20.829916000366126],[107.202903747558636,20.841583251953026]]],[[[107.311233520507855,20.84574890136706],[107.300399780273509,20.836582183837752],[107.299568176269631,20.843250274658146],[107.311233520507855,20.84574890136706]]],[[[107.32123565673831,20.84741592407218],[107.325401306152429,20.843250274658146],[107.320404052734432,20.844915390014588],[107.32123565673831,20.84741592407218]]],[[[107.112068176269631,20.849082946777212],[107.116233825683665,20.84658241271962],[107.112068176269631,20.84741592407218],[107.112068176269631,20.849082946777212]]],[[[107.38456726074223,20.848249435424741],[107.392066955566506,20.844915390014588],[107.387901306152372,20.843250274658146],[107.38456726074223,20.848249435424741]]],[[[107.299568176269631,20.848249435424741],[107.297065734863367,20.849082946777212],[107.299568176269631,20.849916458129773],[107.299568176269631,20.848249435424741]]],[[[107.264564514160256,20.850749969482333],[107.262069702148523,20.848249435424741],[107.262069702148523,20.850749969482333],[107.264564514160256,20.850749969482333]]],[[[107.121238708496108,20.851583480834893],[107.123733520507841,20.844081878662028],[107.119567871093807,20.843250274658146],[107.121238708496108,20.851583480834893]]],[[[107.157905578613338,20.851444244384702],[107.187065124511761,20.833250045776278],[107.171234130859418,20.800748825073171],[107.175399780273537,20.827415466308533],[107.15123748779304,20.841583251953026],[107.157905578613338,20.851444244384702]]],[[[107.060401916503935,20.850749969482333],[107.064567565918054,20.850749969482333],[107.064567565918054,20.84741592407218],[107.060401916503935,20.850749969482333]]],[[[107.06790161132821,20.850749969482333],[107.079566955566435,20.849082946777212],[107.080398559570398,20.844915390014588],[107.06790161132821,20.850749969482333]]],[[[107.242904663086023,20.849082946777212],[107.253738403320369,20.842416763305586],[107.244567871093793,20.841583251953026],[107.242904663086023,20.849082946777212]]],[[[107.161231994628963,20.854082107543807],[107.165405273437528,20.851583480834893],[107.161231994628963,20.853248596191335],[107.161231994628963,20.854082107543807]]],[[[107.172904968261804,20.84574890136706],[107.19540405273446,20.843250274658146],[107.19373321533206,20.836582183837752],[107.172904968261804,20.84574890136706]]],[[[107.310401916503977,20.856582641601488],[107.314567565918011,20.854082107543807],[107.310401916503977,20.854082107543807],[107.310401916503977,20.856582641601488]]],[[[107.344566345214929,20.856443405151296],[107.347900390625085,20.83491516113272],[107.358734130859418,20.849916458129773],[107.364570617675852,20.827415466308533],[107.383735656738338,20.829916000366126],[107.385398864746193,20.794916152954016],[107.342903137207074,20.804082870483324],[107.332901000976619,20.854915618896367],[107.344566345214929,20.856443405151296]]],[[[107.183738708496151,20.857416152953959],[107.187065124511761,20.854082107543807],[107.183738708496151,20.855749130248928],[107.183738708496151,20.857416152953959]]],[[[107.410400390625028,20.854082107543807],[107.416236877441449,20.849916458129773],[107.411231994628992,20.848249435424741],[107.410400390625028,20.854082107543807]]],[[[107.11457061767581,20.849916458129773],[107.117065429687543,20.856582641601488],[107.119567871093807,20.849916458129773],[107.11457061767581,20.849916458129773]]],[[[107.044570922851591,20.851583480834893],[107.056236267089901,20.856582641601488],[107.057899475097756,20.84741592407218],[107.054565429687599,20.84574890136706],[107.044570922851591,20.851583480834893]]],[[[107.191238403320327,20.85908317565908],[107.187904357910185,20.856582641601488],[107.187904357910185,20.85824966430652],[107.191238403320327,20.85908317565908]]],[[[107.081237792968821,20.859916687011641],[107.078735351562543,20.85824966430652],[107.078735351562543,20.859916687011641],[107.081237792968821,20.859916687011641]]],[[[106.913734436035185,20.857416152953959],[106.919570922851619,20.854082107543807],[106.90790557861331,20.839082717895433],[106.913734436035185,20.857416152953959]]],[[[107.180404663085994,20.859916687011641],[107.183738708496151,20.861581802368082],[107.183738708496151,20.85908317565908],[107.180404663085994,20.859916687011641]]],[[[107.047904968261747,20.861581802368082],[107.055404663086023,20.861581802368082],[107.055404663086023,20.859916687011641],[107.047904968261747,20.861581802368082]]],[[[107.127899169921974,20.85908317565908],[107.136238098144574,20.860750198364201],[107.141235351562585,20.862415313720643],[107.141235351562585,20.860750198364201],[107.127899169921974,20.85908317565908]]],[[[107.155403137207074,20.864915847778235],[107.157905578613338,20.863248825073114],[107.155403137207074,20.863248825073114],[107.155403137207074,20.864915847778235]]],[[[107.173736572265682,20.865749359130795],[107.177902221679716,20.863248825073114],[107.174568176269574,20.862415313720643],[107.173736572265682,20.865749359130795]]],[[[107.313735961914119,20.865749359130795],[107.316230773925852,20.864082336425675],[107.313735961914119,20.864082336425675],[107.313735961914119,20.865749359130795]]],[[[107.135398864746151,20.867416381835827],[107.137901306152429,20.864915847778235],[107.135398864746151,20.864082336425675],[107.135398864746151,20.867416381835827]]],[[[107.085403442382855,20.868944168090756],[107.103736877441463,20.857416152953959],[107.112899780273509,20.824916839599531],[107.096237182617287,20.844081878662028],[107.088737487793011,20.825750350952092],[107.072067260742244,20.836582183837752],[107.090400695800852,20.84574890136706],[107.085403442382855,20.868944168090756]]],[[[107.160400390625071,20.867416381835827],[107.168731689453139,20.862415313720643],[107.160400390625071,20.864082336425675],[107.160400390625071,20.867416381835827]]],[[[107.054565429687599,20.87074851989739],[107.056236267089901,20.868249893188388],[107.055404663086023,20.868249893188388],[107.054565429687599,20.87074851989739]]],[[[107.322898864746165,20.863248825073114],[107.317070007324276,20.87074851989739],[107.322898864746165,20.867416381835827],[107.322898864746165,20.863248825073114]]],[[[106.882072448730497,20.87074851989739],[106.877899169921932,20.865749359130795],[106.876235961914162,20.87074851989739],[106.882072448730497,20.87074851989739]]],[[[107.156234741211037,20.874082565307543],[107.15873718261723,20.871582031249861],[107.157066345214929,20.871582031249861],[107.156234741211037,20.874082565307543]]],[[[107.297065734863367,20.84658241271962],[107.270401000976591,20.833250045776278],[107.266235351562557,20.857416152953959],[107.252067565918068,20.87074851989739],[107.267898559570412,20.872415542602422],[107.275398254394588,20.854082107543807],[107.296234130859474,20.860750198364201],[107.297065734863367,20.84658241271962]]],[[[106.876235961914162,20.849916458129773],[106.894569396972699,20.871582031249861],[106.899566650390696,20.844915390014588],[106.876235961914162,20.849916458129773]]],[[[107.276237487793011,20.866582870483267],[107.287071228027443,20.867416381835827],[107.283737182617287,20.861581802368082],[107.276237487793011,20.866582870483267]]],[[[107.458732604980568,20.875749588012575],[107.468734741211023,20.863248825073114],[107.458732604980568,20.862415313720643],[107.458732604980568,20.875749588012575]]],[[[107.248733520507912,20.876583099365135],[107.252067565918068,20.873249053954982],[107.24956512451179,20.872415542602422],[107.248733520507912,20.876583099365135]]],[[[107.225402832031293,20.877416610717695],[107.223731994628992,20.874916076660014],[107.223731994628992,20.877416610717695],[107.225402832031293,20.877416610717695]]],[[[107.262901306152401,20.877416610717695],[107.264564514160256,20.875749588012575],[107.262069702148523,20.875749588012575],[107.262901306152401,20.877416610717695]]],[[[107.287071228027443,20.874916076660014],[107.291236877441477,20.875749588012575],[107.291236877441477,20.873249053954982],[107.287071228027443,20.874916076660014]]],[[[107.059570312500057,20.878110885619975],[107.073738098144631,20.866582870483267],[107.072898864746122,20.856582641601488],[107.062904357910199,20.859916687011641],[107.059570312500057,20.878110885619975]]],[[[106.997901916503992,20.879081726074137],[106.999572753906293,20.876583099365135],[106.998733520507869,20.876583099365135],[106.997901916503992,20.879081726074137]]],[[[107.234565734863324,20.878942489623945],[107.248733520507912,20.867416381835827],[107.252067565918068,20.856582641601488],[107.236236572265724,20.867416381835827],[107.234565734863324,20.878942489623945]]],[[[106.934570312500071,20.879081726074137],[106.94039916992196,20.875749588012575],[106.928733825683651,20.867416381835827],[106.934570312500071,20.879081726074137]]],[[[107.110404968261776,20.86991500854483],[107.124565124511818,20.871582031249861],[107.123733520507841,20.866582870483267],[107.110404968261776,20.86991500854483]]],[[[107.245399475097756,20.879915237426697],[107.247901916503935,20.876583099365135],[107.246231079101634,20.875749588012575],[107.245399475097756,20.879915237426697]]],[[[107.277900695800867,20.879915237426697],[107.283737182617287,20.875749588012575],[107.277900695800867,20.877416610717695],[107.277900695800867,20.879915237426697]]],[[[107.115402221679773,20.879081726074137],[107.112899780273509,20.880748748779169],[107.115402221679773,20.880748748779169],[107.115402221679773,20.879081726074137]]],[[[107.292068481445355,20.880748748779169],[107.294570922851634,20.878250122070256],[107.291236877441477,20.878250122070256],[107.292068481445355,20.880748748779169]]],[[[107.150398254394617,20.854915618896367],[107.136238098144574,20.873249053954982],[107.122901916503963,20.879081726074137],[107.147071838379006,20.874082565307543],[107.153732299804773,20.864082336425675],[107.150398254394617,20.854915618896367]]],[[[107.15873718261723,20.88241577148429],[107.161231994628963,20.879915237426697],[107.157905578613338,20.880748748779169],[107.15873718261723,20.88241577148429]]],[[[107.140403747558693,20.884082794189322],[107.138732910156307,20.88241577148429],[107.138732910156307,20.884082794189322],[107.140403747558693,20.884082794189322]]],[[[107.234565734863324,20.884082794189322],[107.232902526855568,20.88241577148429],[107.232902526855568,20.884082794189322],[107.234565734863324,20.884082794189322]]],[[[107.247901916503935,20.884916305541882],[107.251235961914091,20.881582260131729],[107.24956512451179,20.880748748779169],[107.247901916503935,20.884916305541882]]],[[[107.165405273437528,20.886583328247003],[107.162902832031349,20.884916305541882],[107.162902832031349,20.886583328247003],[107.165405273437528,20.886583328247003]]],[[[107.167900085449261,20.884916305541882],[107.176231384277415,20.877416610717695],[107.169570922851648,20.874916076660014],[107.167900085449261,20.884916305541882]]],[[[107.021232604980526,20.885749816894442],[107.024566650390668,20.886583328247003],[107.024566650390668,20.88324928283685],[107.021232604980526,20.885749816894442]]],[[[107.137901306152429,20.889081954955916],[107.136238098144574,20.886583328247003],[107.136238098144574,20.889081954955916],[107.137901306152429,20.889081954955916]]],[[[107.167900085449261,20.889081954955916],[107.166236877441506,20.887414932250884],[107.166236877441506,20.889081954955916],[107.167900085449261,20.889081954955916]]],[[[107.177902221679716,20.889915466308477],[107.180404663085994,20.888248443603445],[107.177070617675838,20.888248443603445],[107.177902221679716,20.889915466308477]]],[[[107.018737792968793,20.890748977661037],[107.015403747558636,20.888248443603445],[107.016235351562599,20.890748977661037],[107.018737792968793,20.890748977661037]]],[[[106.947898864746151,20.889081954955916],[106.961235046386761,20.885749816894442],[106.951232910156307,20.88241577148429],[106.947898864746151,20.889081954955916]]],[[[107.173736572265682,20.893249511718629],[107.176231384277415,20.889915466308477],[107.174568176269574,20.889915466308477],[107.173736572265682,20.893249511718629]]],[[[106.971237182617216,20.893249511718629],[106.975402832031335,20.891582489013597],[106.975402832031335,20.888248443603445],[106.971237182617216,20.893249511718629]]],[[[106.962066650390724,20.888248443603445],[106.96790313720706,20.884916305541882],[106.963737487793026,20.884082794189322],[106.962066650390724,20.888248443603445]]],[[[107.104568481445355,20.89491653442375],[107.110404968261776,20.89491653442375],[107.110404968261776,20.890748977661037],[107.104568481445355,20.89491653442375]]],[[[107.148735046386761,20.892416000366069],[107.162902832031349,20.89575004577631],[107.164566040039105,20.891582489013597],[107.148735046386761,20.892416000366069]]],[[[107.462066650390724,20.89575004577631],[107.471237182617202,20.893249511718629],[107.471237182617202,20.889081954955916],[107.462066650390724,20.89575004577631]]],[[[107.115402221679773,20.889915466308477],[107.134567260742273,20.89408302307119],[107.126235961914119,20.884916305541882],[107.115402221679773,20.889915466308477]]],[[[107.027069091796946,20.902416229247937],[107.025405883789091,20.900749206542905],[107.025405883789091,20.902416229247937],[107.027069091796946,20.902416229247937]]],[[[107.100402832031321,20.902416229247937],[107.09873199462892,20.899082183837784],[107.099571228027429,20.902416229247937],[107.100402832031321,20.902416229247937]]],[[[107.174568176269574,20.900749206542905],[107.172065734863381,20.901582717895376],[107.174568176269574,20.902416229247937],[107.174568176269574,20.900749206542905]]],[[[107.380401611328196,20.900749206542905],[107.37706756591804,20.902416229247937],[107.380401611328196,20.901582717895376],[107.380401611328196,20.900749206542905]]],[[[106.966232299804759,20.902416229247937],[106.970405578613338,20.897415161132752],[106.967071533203182,20.897415161132752],[106.966232299804759,20.902416229247937]]],[[[107.137901306152429,20.904083251953057],[107.143737792968849,20.901582717895376],[107.137901306152429,20.901582717895376],[107.137901306152429,20.904083251953057]]],[[[107.161231994628963,20.897415161132752],[107.17040252685554,20.898248672485224],[107.168731689453139,20.891582489013597],[107.161231994628963,20.897415161132752]]],[[[107.329566955566463,20.903249740600497],[107.333732604980497,20.902416229247937],[107.332901000976619,20.899915695190344],[107.329566955566463,20.903249740600497]]],[[[107.147903442382884,20.904916763305529],[107.152069091796918,20.900749206542905],[107.150398254394617,20.900749206542905],[107.147903442382884,20.904916763305529]]],[[[107.318733215332131,20.908248901367092],[107.327064514160199,20.903249740600497],[107.328735351562585,20.899082183837784],[107.318733215332131,20.908248901367092]]],[[[107.138732910156307,20.912416458129805],[107.142898559570341,20.908248901367092],[107.13957214355473,20.906581878661971],[107.138732910156307,20.912416458129805]]],[[[107.121238708496108,20.914915084838807],[107.123733520507841,20.912416458129805],[107.121238708496108,20.913249969482365],[107.121238708496108,20.914915084838807]]],[[[107.122901916503963,20.910749435424684],[107.129570007324276,20.909915924072124],[107.125404357910242,20.907415390014531],[107.122901916503963,20.910749435424684]]],[[[107.25706481933598,20.911582946777244],[107.264564514160256,20.912416458129805],[107.265403747558679,20.908248901367092],[107.25706481933598,20.911582946777244]]],[[[107.361236572265696,20.916582107543839],[107.372901916504006,20.913249969482365],[107.361236572265696,20.914915084838807],[107.361236572265696,20.916582107543839]]],[[[107.146232604980497,20.912416458129805],[107.155403137207074,20.910749435424684],[107.155403137207074,20.907415390014531],[107.146232604980497,20.912416458129805]]],[[[107.159568786621193,20.920749664306552],[107.154571533203196,20.918249130248959],[107.154571533203196,20.919916152953991],[107.159568786621193,20.920749664306552]]],[[[107.307899475097699,20.92061042785636],[107.325401306152429,20.873249053954982],[107.313735961914119,20.875749588012575],[107.30207061767581,20.859916687011641],[107.295402526855511,20.878250122070256],[107.312065124511818,20.879081726074137],[107.283737182617287,20.906581878661971],[107.307899475097699,20.92061042785636]]],[[[107.101234436035199,20.911582946777244],[107.119567871093807,20.918249130248959],[107.119567871093807,20.904083251953057],[107.101234436035199,20.911582946777244]]],[[[107.164566040039105,20.924081802368026],[107.167068481445384,20.919916152953991],[107.163734436035227,20.919916152953991],[107.164566040039105,20.924081802368026]]],[[[107.102066040039162,20.924915313720586],[107.099571228027429,20.915748596191278],[107.09540557861331,20.916582107543839],[107.102066040039162,20.924915313720586]]],[[[107.183738708496151,20.924915313720586],[107.179565429687571,20.922416687011584],[107.179565429687571,20.924915313720586],[107.183738708496151,20.924915313720586]]],[[[107.091232299804744,20.924081802368026],[107.093734741211009,20.920749664306552],[107.092071533203153,20.920749664306552],[107.091232299804744,20.924081802368026]]],[[[107.146232604980497,20.920749664306552],[107.147903442382884,20.924915313720586],[107.148735046386761,20.920749664306552],[107.146232604980497,20.920749664306552]]],[[[107.121238708496108,20.926582336425707],[107.119567871093807,20.923248291015554],[107.119567871093807,20.926582336425707],[107.121238708496108,20.926582336425707]]],[[[107.084571838378977,20.923248291015554],[107.088737487793011,20.924081802368026],[107.088737487793011,20.922416687011584],[107.084571838378977,20.923248291015554]]],[[[107.187065124511761,20.927415847778178],[107.189567565918026,20.925748825073146],[107.187065124511761,20.924915313720586],[107.187065124511761,20.927415847778178]]],[[[107.394569396972685,20.928249359130739],[107.399566650390682,20.925748825073146],[107.395401000976648,20.924081802368026],[107.394569396972685,20.928249359130739]]],[[[107.080398559570398,20.929916381835859],[107.083732604980554,20.927415847778178],[107.080398559570398,20.929082870483299],[107.080398559570398,20.929916381835859]]],[[[107.116233825683665,20.929916381835859],[107.118736267089929,20.928249359130739],[107.117065429687543,20.927415847778178],[107.116233825683665,20.929916381835859]]],[[[107.280403137207131,20.929082870483299],[107.284568786621165,20.928249359130739],[107.284568786621165,20.927415847778178],[107.280403137207131,20.929082870483299]]],[[[107.124565124511818,20.927415847778178],[107.138732910156307,20.927415847778178],[107.125404357910242,20.922416687011584],[107.124565124511818,20.927415847778178]]],[[[107.441230773925838,20.934082031249893],[107.438735961914105,20.931581497192301],[107.439567565918068,20.934082031249893],[107.441230773925838,20.934082031249893]]],[[[107.393737792968807,20.934915542602454],[107.39623260498054,20.933248519897333],[107.393737792968807,20.933248519897333],[107.393737792968807,20.934915542602454]]],[[[107.386230468750071,20.936582565307486],[107.38456726074223,20.933248519897333],[107.385398864746193,20.936582565307486],[107.386230468750071,20.936582565307486]]],[[[107.110404968261776,20.937416076660046],[107.113739013671932,20.934915542602454],[107.110404968261776,20.935749053955014],[107.110404968261776,20.937416076660046]]],[[[106.972900390625071,20.936582565307486],[106.995399475097713,20.931581497192301],[106.986236572265682,20.918249130248959],[106.972900390625071,20.936582565307486]]],[[[107.09540557861331,20.929916381835859],[107.107902526855497,20.934082031249893],[107.109565734863352,20.927415847778178],[107.09540557861331,20.929916381835859]]],[[[107.027069091796946,20.944082260131761],[107.02373504638679,20.939916610717638],[107.02373504638679,20.944082260131761],[107.027069091796946,20.944082260131761]]],[[[107.270401000976591,20.940748214721609],[107.278732299804744,20.938249588012606],[107.277900695800867,20.935749053955014],[107.270401000976591,20.940748214721609]]],[[[107.283737182617287,20.939083099365167],[107.298736572265668,20.940748214721609],[107.292068481445355,20.934915542602454],[107.283737182617287,20.939083099365167]]],[[[107.415397644043026,20.949914932250916],[107.413734436035185,20.948249816894474],[107.413734436035185,20.949914932250916],[107.415397644043026,20.949914932250916]]],[[[107.25540161132821,20.949081420898356],[107.275398254394588,20.950748443603388],[107.275398254394588,20.946582794189354],[107.25540161132821,20.949081420898356]]],[[[107.328735351562585,20.954916000366101],[107.335403442382898,20.947416305541914],[107.323738098144588,20.949081420898356],[107.328735351562585,20.954916000366101]]],[[[107.242065429687599,20.949914932250916],[107.251235961914091,20.954916000366101],[107.251235961914091,20.953248977661069],[107.242065429687599,20.949914932250916]]],[[[107.231231689453182,20.956583023071222],[107.23789978027348,20.956583023071222],[107.233734130859446,20.950748443603388],[107.231231689453182,20.956583023071222]]],[[[107.353736877441506,20.955749511718661],[107.349571228027386,20.955749511718661],[107.353736877441506,20.958248138427663],[107.353736877441506,20.955749511718661]]],[[[107.337898254394631,20.956583023071222],[107.332069396972742,20.959081649780135],[107.337066650390653,20.959081649780135],[107.337898254394631,20.956583023071222]]],[[[107.238731384277358,20.962415695190288],[107.236236572265724,20.959915161132695],[107.236236572265724,20.962415695190288],[107.238731384277358,20.962415695190288]]],[[[107.349571228027386,20.96658134460441],[107.347068786621108,20.964916229247969],[107.347068786621108,20.96658134460441],[107.349571228027386,20.96658134460441]]],[[[107.387069702148494,20.964916229247969],[107.398735046386804,20.937416076660046],[107.378730773925795,20.944915771484233],[107.352897644042997,20.924915313720586],[107.325401306152429,20.929082870483299],[107.349571228027386,20.914081573486246],[107.310401916503977,20.922416687011584],[107.312065124511818,20.943248748779201],[107.34623718261723,20.940748214721609],[107.387069702148494,20.964916229247969]]],[[[107.435401916503949,20.964082717895408],[107.428733825683636,20.964082717895408],[107.436233520507912,20.967414855956971],[107.435401916503949,20.964082717895408]]],[[[107.221237182617259,20.96658134460441],[107.219566345214872,20.969081878662003],[107.221237182617259,20.969081878662003],[107.221237182617259,20.96658134460441]]],[[[107.262069702148523,20.967414855956971],[107.264564514160256,20.969081878662003],[107.264564514160256,20.96658134460441],[107.262069702148523,20.967414855956971]]],[[[107.363731384277429,20.967414855956971],[107.372070312500028,20.963249206542848],[107.366233825683693,20.961582183837816],[107.363731384277429,20.967414855956971]]],[[[107.308731079101577,20.971443176269403],[107.310401916503977,20.951581954955948],[107.281234741211023,20.954916000366101],[107.307067871093821,20.95408248901354],[107.308731079101577,20.971443176269403]]],[[[107.357070922851662,20.971582412719595],[107.361236572265696,20.968248367309442],[107.357070922851662,20.969081878662003],[107.357070922851662,20.971582412719595]]],[[[107.437904357910213,20.972415924072155],[107.440399169921946,20.969915390014563],[107.437904357910213,20.970748901367124],[107.437904357910213,20.972415924072155]]],[[[107.269569396972713,20.974082946777276],[107.267066955566435,20.972415924072155],[107.266235351562557,20.974082946777276],[107.269569396972713,20.974082946777276]]],[[[107.326232910156321,20.974916458129748],[107.322067260742287,20.970748901367124],[107.322067260742287,20.974916458129748],[107.326232910156321,20.974916458129748]]],[[[107.39623260498054,20.974916458129748],[107.399566650390682,20.972415924072155],[107.397064208984418,20.971582412719595],[107.39623260498054,20.974916458129748]]],[[[107.238731384277358,20.969081878662003],[107.242065429687599,20.974082946777276],[107.242904663086023,20.969081878662003],[107.238731384277358,20.969081878662003]]],[[[107.308731079101577,20.975748062133718],[107.312065124511818,20.972415924072155],[107.308731079101577,20.972415924072155],[107.308731079101577,20.975748062133718]]],[[[107.434570312500071,20.973249435424716],[107.429565429687528,20.974082946777276],[107.434570312500071,20.975748062133718],[107.434570312500071,20.973249435424716]]],[[[107.260398864746136,20.97741508483875],[107.262901306152401,20.975748062133718],[107.260398864746136,20.975748062133718],[107.260398864746136,20.97741508483875]]],[[[107.373733520507884,20.979082107543871],[107.377899169921918,20.974916458129748],[107.373733520507884,20.97658157348619],[107.373733520507884,20.979082107543871]]],[[[107.783729553222742,20.979915618896342],[107.792068481445341,20.973249435424716],[107.783729553222742,20.973249435424716],[107.783729553222742,20.979915618896342]]],[[[107.282066345214901,20.980749130248903],[107.286231994628935,20.972415924072155],[107.281234741211023,20.974082946777276],[107.282066345214901,20.980749130248903]]],[[[107.297065734863367,20.97824859619131],[107.288734436035199,20.980749130248903],[107.297065734863367,20.980749130248903],[107.297065734863367,20.97824859619131]]],[[[107.380401611328196,20.981582641601463],[107.387069702148494,20.983249664306584],[107.386230468750071,20.979915618896342],[107.380401611328196,20.981582641601463]]],[[[107.404563903808693,20.984081268310465],[107.407897949218849,20.97658157348619],[107.401237487792983,20.97658157348619],[107.404563903808693,20.984081268310465]]],[[[107.413734436035185,20.97741508483875],[107.416236877441449,20.979915618896342],[107.420402526855568,20.974916458129748],[107.413734436035185,20.97741508483875]]],[[[107.314567565918011,20.980749130248903],[107.324569702148466,20.982416152954023],[107.324569702148466,20.979915618896342],[107.314567565918011,20.980749130248903]]],[[[107.434570312500071,20.97658157348619],[107.442901611328224,20.983249664306584],[107.443733215332102,20.974916458129748],[107.434570312500071,20.97658157348619]]],[[[107.279571533203168,20.987276077270426],[107.275398254394588,20.975748062133718],[107.265403747558679,20.97741508483875],[107.264564514160256,20.983249664306584],[107.279571533203168,20.987276077270426]]],[[[107.309570312500085,20.986581802368057],[107.312904357910242,20.983249664306584],[107.308731079101577,20.980749130248903],[107.309570312500085,20.986581802368057]]],[[[107.348731994628963,20.987415313720618],[107.352066040039119,20.984081268310465],[107.348731994628963,20.984081268310465],[107.348731994628963,20.987415313720618]]],[[[107.387901306152372,20.98908233642565],[107.390403747558651,20.984914779663026],[107.386230468750071,20.986581802368057],[107.387901306152372,20.98908233642565]]],[[[107.797065734863352,20.987415313720618],[107.803733825683651,20.983249664306584],[107.79789733886723,20.983249664306584],[107.797065734863352,20.987415313720618]]],[[[107.409568786621151,20.988248825073178],[107.417068481445327,20.986581802368057],[107.410400390625028,20.984914779663026],[107.409568786621151,20.988248825073178]]],[[[106.749572753906335,20.993942260742052],[106.766235351562571,20.959081649780135],[106.750404357910227,20.885749816894442],[106.754570007324261,20.863248825073114],[106.777900695800881,20.833250045776278],[106.809570312500099,20.817415237426665],[106.759567260742259,20.82324981689441],[106.74871826171875,20.805053710937486],[106.737487792968778,20.858276367187493],[106.756652832031278,20.940368652343725],[106.749572753906335,20.993942260742052]]],[[[107.303733825683665,20.992416381835802],[107.312904357910242,20.990749359130771],[107.303733825683665,20.98991584777821],[107.303733825683665,20.992416381835802]]],[[[107.394569396972685,20.994915008544805],[107.392898559570384,20.993247985839773],[107.392898559570384,20.994915008544805],[107.394569396972685,20.994915008544805]]],[[[107.397064208984418,20.993247985839773],[107.405403137207117,20.991582870483331],[107.397903442382841,20.98991584777821],[107.397064208984418,20.993247985839773]]],[[[107.351234436035242,20.997276306152205],[107.362899780273452,20.98908233642565],[107.349571228027386,20.991582870483331],[107.342071533203196,20.983249664306584],[107.351234436035242,20.997276306152205]]],[[[107.38290405273446,20.998249053954957],[107.378730773925795,20.994081497192244],[107.376235961914162,20.998249053954957],[107.38290405273446,20.998249053954957]]],[[[107.388732910156349,20.998249053954957],[107.394569396972685,20.999916076660078],[107.394569396972685,20.996582031249925],[107.388732910156349,20.998249053954957]]],[[[107.405403137207117,21.000749588012638],[107.402900695800838,20.999082565307518],[107.402900695800838,21.000749588012638],[107.405403137207117,21.000749588012638]]],[[[107.406234741210994,20.999082565307518],[107.409568786621151,20.995748519897365],[107.406234741210994,20.996582031249925],[107.406234741210994,20.999082565307518]]],[[[107.42123413085946,20.996582031249925],[107.428733825683636,20.996582031249925],[107.427902221679759,20.993247985839773],[107.42123413085946,20.996582031249925]]],[[[107.360397338867273,20.999082565307518],[107.368736267089886,20.999082565307518],[107.362899780273452,20.994081497192244],[107.360397338867273,20.999082565307518]]],[[[107.408737182617259,21.006582260131704],[107.406234741210994,21.004081726074112],[107.406234741210994,21.006582260131704],[107.408737182617259,21.006582260131704]]],[[[107.379570007324304,21.008249282836825],[107.383735656738338,21.00158119201652],[107.377899169921918,21.003248214721552],[107.379570007324304,21.008249282836825]]],[[[107.549568176269588,21.012414932250859],[107.55290222167973,21.009082794189386],[107.548736572265696,21.009916305541857],[107.549568176269588,21.012414932250859]]],[[[107.419570922851605,21.01408195495598],[107.423736572265724,21.010747909545827],[107.417068481445327,21.009916305541857],[107.419570922851605,21.01408195495598]]],[[[107.408737182617259,21.010747909545827],[107.403732299804716,21.012414932250859],[107.409568786621151,21.015748977661012],[107.408737182617259,21.010747909545827]]],[[[107.474563598632912,21.019914627075135],[107.48123168945321,21.018249511718693],[107.476234436035213,21.012414932250859],[107.474563598632912,21.019914627075135]]],[[[107.424568176269602,21.024082183837759],[107.422065734863338,21.021581649780167],[107.422897338867216,21.024082183837759],[107.424568176269602,21.024082183837759]]],[[[107.497901916503977,21.024082183837759],[107.50039672851571,21.021581649780167],[107.497901916503977,21.021581649780167],[107.497901916503977,21.024082183837759]]],[[[107.417068481445327,21.02491569519032],[107.412902832031293,21.019081115722575],[107.410400390625028,21.020748138427606],[107.417068481445327,21.02491569519032]]],[[[107.748733520507898,21.022415161132727],[107.787902832031307,20.98908233642565],[107.77873229980473,20.980749130248903],[107.781234741211009,20.969081878662003],[107.737068176269588,20.943248748779201],[107.762069702148509,20.968248367309442],[107.73040008544929,21.004081726074112],[107.748733520507898,21.022415161132727]]],[[[107.432067871093793,21.027416229247912],[107.429565429687528,21.019081115722575],[107.427070617675881,21.019081115722575],[107.432067871093793,21.027416229247912]]],[[[107.476234436035213,21.028247833251882],[107.474563598632912,21.024082183837759],[107.474563598632912,21.028247833251882],[107.476234436035213,21.028247833251882]]],[[[107.43289947509767,21.011581420898299],[107.462898254394602,21.027416229247912],[107.457069396972713,21.009916305541857],[107.458732604980568,21.019914627075135],[107.448730468750014,21.004081726074112],[107.43289947509767,21.011581420898299]]],[[[107.412071228027415,21.032415390014506],[107.407066345214872,21.02658271789544],[107.405403137207117,21.029081344604354],[107.412071228027415,21.032415390014506]]],[[[107.416236877441449,21.031581878662035],[107.419570922851605,21.029081344604354],[107.416236877441449,21.028247833251882],[107.416236877441449,21.031581878662035]]],[[[107.511230468750057,21.033248901367067],[107.514564514160199,21.029081344604354],[107.512901306152443,21.029081344604354],[107.511230468750057,21.033248901367067]]],[[[107.40206909179696,21.034915924072187],[107.406234741210994,21.031581878662035],[107.402900695800838,21.031581878662035],[107.40206909179696,21.034915924072187]]],[[[107.796234130859474,21.036581039428629],[107.792900085449318,21.033248901367067],[107.793731689453196,21.036581039428629],[107.796234130859474,21.036581039428629]]],[[[107.422897338867216,21.035749435424748],[107.428733825683636,21.032415390014506],[107.42123413085946,21.030748367309474],[107.422897338867216,21.035749435424748]]],[[[107.431236267089915,21.036581039428629],[107.437065124511804,21.034082412719627],[107.432067871093793,21.033248901367067],[107.431236267089915,21.036581039428629]]],[[[107.519569396972742,21.039081573486222],[107.518730163574233,21.035749435424748],[107.516235351562599,21.036581039428629],[107.519569396972742,21.039081573486222]]],[[[107.418731689453182,21.040748596191342],[107.415397644043026,21.039081573486222],[107.415397644043026,21.040748596191342],[107.418731689453182,21.040748596191342]]],[[[107.480400085449247,21.032415390014506],[107.494567871093821,21.031581878662035],[107.485397338867244,21.020748138427606],[107.480400085449247,21.032415390014506]]],[[[107.410400390625028,21.039915084838782],[107.409568786621151,21.041582107543814],[107.412071228027415,21.041582107543814],[107.410400390625028,21.039915084838782]]],[[[107.563735961914162,21.042415618896374],[107.565399169921932,21.038248062133661],[107.563735961914162,21.03741455078119],[107.563735961914162,21.042415618896374]]],[[[107.373733520507884,20.903249740600497],[107.388732910156349,20.891582489013597],[107.432067871093793,20.917415618896399],[107.467063903808636,20.96658134460441],[107.466232299804759,20.981582641601463],[107.480400085449247,20.97741508483875],[107.532897949218821,21.039915084838782],[107.54706573486331,21.044082641601495],[107.547897338867287,21.028247833251882],[107.559570312500043,21.044082641601495],[107.545402526855554,21.016582489013572],[107.552070617675852,20.984914779663026],[107.509567260742287,20.914915084838807],[107.531234741210966,20.918249130248959],[107.555397033691463,20.969915390014563],[107.562065124511776,20.933248519897333],[107.496231079101591,20.867416381835827],[107.478736877441477,20.816583633422784],[107.46790313720706,20.819915771484258],[107.487899780273523,20.867416381835827],[107.474563598632912,20.888248443603445],[107.507904052734432,20.887414932250884],[107.512069702148466,20.899082183837784],[107.50457000732429,20.892416000366069],[107.476234436035213,20.897415161132752],[107.507064819336023,20.914915084838807],[107.449569702148523,20.905748367309499],[107.431236267089915,20.88324928283685],[107.414566040039148,20.89408302307119],[107.437065124511804,20.907415390014531],[107.413734436035185,20.901582717895376],[107.373733520507884,20.85824966430652],[107.327903747558622,20.878250122070256],[107.330398559570355,20.896581649780192],[107.352066040039119,20.899915695190344],[107.337898254394631,20.906581878661971],[107.352897644042997,20.906581878661971],[107.406234741210994,20.920749664306552],[107.449569702148523,20.974916458129748],[107.436233520507912,20.929082870483299],[107.373733520507884,20.903249740600497]]],[[[107.483734130859403,21.044916152953967],[107.48123168945321,21.045747756957937],[107.483734130859403,21.046581268310408],[107.483734130859403,21.044916152953967]]],[[[107.856231689453239,21.046442031860217],[107.863731384277415,21.023248672485288],[107.804565429687543,20.97658157348619],[107.818733215332117,21.038248062133661],[107.856231689453239,21.046442031860217]]],[[[107.779563903808622,21.05060958862293],[107.783729553222742,21.036581039428629],[107.762069702148509,21.033248901367067],[107.762901306152386,21.044916152953967],[107.779563903808622,21.05060958862293]]],[[[107.427902221679759,21.051582336425682],[107.418731689453182,21.042415618896374],[107.415397644043026,21.049915313720561],[107.427902221679759,21.051582336425682]]],[[[107.850395202636804,21.053249359130803],[107.85372924804696,21.049915313720561],[107.849563598632841,21.050748825073121],[107.850395202636804,21.053249359130803]]],[[[107.424568176269602,21.054080963134684],[107.42123413085946,21.054080963134684],[107.424568176269602,21.054914474487244],[107.424568176269602,21.054080963134684]]],[[[107.460403442382869,21.054914474487244],[107.457901000976591,21.053249359130803],[107.457901000976591,21.054914474487244],[107.460403442382869,21.054914474487244]]],[[[107.757064819335966,21.049081802368089],[107.751235961914077,21.049915313720561],[107.757896423339943,21.054914474487244],[107.757064819335966,21.049081802368089]]],[[[107.435401916503949,21.049081802368089],[107.446235656738381,21.046581268310408],[107.438735961914105,21.043249130248935],[107.435401916503949,21.049081802368089]]],[[[107.46790313720706,21.051582336425682],[107.472900390625057,21.053249359130803],[107.470397949218793,21.050748825073121],[107.46790313720706,21.051582336425682]]],[[[107.493736267089943,21.058248519897397],[107.495399475097713,21.054080963134684],[107.490402221679787,21.055747985839716],[107.493736267089943,21.058248519897397]]],[[[107.462898254394602,21.059082031249869],[107.458732604980568,21.055747985839716],[107.458732604980568,21.058248519897397],[107.462898254394602,21.059082031249869]]],[[[107.467063903808636,21.06158256530755],[107.463737487793026,21.058248519897397],[107.463737487793026,21.060749053954989],[107.467063903808636,21.06158256530755]]],[[[107.503730773925867,21.06158256530755],[107.505401611328168,21.057415008544837],[107.498733520507855,21.059082031249869],[107.503730773925867,21.06158256530755]]],[[[107.86206817626956,21.06158256530755],[107.867065429687571,21.055747985839716],[107.860397338867273,21.052415847778242],[107.86206817626956,21.06158256530755]]],[[[107.424568176269602,21.057415008544837],[107.438735961914105,21.058248519897397],[107.436233520507912,21.053249359130803],[107.424568176269602,21.057415008544837]]],[[[107.487899780273523,21.066581726074144],[107.492897033691435,21.063247680663991],[107.487068176269545,21.062416076660021],[107.487899780273523,21.066581726074144]]],[[[107.477066040039091,21.066581726074144],[107.473731994628935,21.065748214721584],[107.477897644043068,21.068248748779176],[107.477066040039091,21.066581726074144]]],[[[107.440399169921946,21.067415237426616],[107.448730468750014,21.06158256530755],[107.440399169921946,21.064081192016463],[107.440399169921946,21.067415237426616]]],[[[107.558731079101619,21.070749282836857],[107.561233520507898,21.049915313720561],[107.537063598632855,21.054080963134684],[107.558731079101619,21.070749282836857]]],[[[107.457901000976591,21.072414398193299],[107.455398559570412,21.070749282836857],[107.455398559570412,21.072414398193299],[107.457901000976591,21.072414398193299]]],[[[107.437904357910213,21.073247909545771],[107.440399169921946,21.070749282836857],[107.436233520507912,21.071580886840739],[107.437904357910213,21.073247909545771]]],[[[107.567070007324318,21.063247680663991],[107.575401306152386,21.068248748779176],[107.576232910156349,21.062416076660021],[107.567070007324318,21.063247680663991]]],[[[107.450401306152415,21.074914932250891],[107.453735351562557,21.073247909545771],[107.449569702148523,21.070749282836857],[107.450401306152415,21.074914932250891]]],[[[107.514564514160199,21.07560920715326],[107.516235351562599,21.06158256530755],[107.496231079101591,21.070749282836857],[107.498733520507855,21.074081420898331],[107.514564514160199,21.07560920715326]]],[[[107.768730163574276,21.070749282836857],[107.776229858398466,21.069082260131736],[107.771232604980554,21.065748214721584],[107.768730163574276,21.070749282836857]]],[[[107.45623016357429,21.079082489013604],[107.453735351562557,21.076581954955923],[107.454566955566449,21.079082489013604],[107.45623016357429,21.079082489013604]]],[[[107.50039672851571,21.079082489013604],[107.497901916503977,21.077415466308484],[107.497901916503977,21.079082489013604],[107.50039672851571,21.079082489013604]]],[[[107.48123168945321,21.083248138427638],[107.479568481445369,21.079916000366076],[107.480400085449247,21.083248138427638],[107.48123168945321,21.083248138427638]]],[[[107.510398864746165,21.083248138427638],[107.508735656738324,21.081581115722518],[107.508735656738324,21.083248138427638],[107.510398864746165,21.083248138427638]]],[[[107.514564514160199,21.089080810546793],[107.517066955566477,21.085748672485231],[107.512901306152443,21.087415695190352],[107.514564514160199,21.089080810546793]]],[[[107.484565734863367,21.08491516113267],[107.496231079101591,21.088249206542912],[107.484565734863367,21.082414627075078],[107.484565734863367,21.08491516113267]]],[[[107.502899169921889,21.093248367309506],[107.497901916503977,21.093248367309506],[107.502899169921889,21.095748901367099],[107.502899169921889,21.093248367309506]]],[[[107.824562072754006,21.104082107543846],[107.827896118164162,21.102415084838725],[107.822898864746151,21.100748062133693],[107.824562072754006,21.104082107543846]]],[[[107.536231994628977,21.10908126831044],[107.540397644043011,21.106580734252848],[107.540397644043011,21.104082107543846],[107.536231994628977,21.10908126831044]]],[[[107.517898559570355,21.112415313720593],[107.521232604980511,21.110748291015561],[107.517898559570355,21.109914779663001],[107.517898559570355,21.112415313720593]]],[[[107.600402832031307,21.109914779663001],[107.597068786621151,21.112415313720593],[107.600402832031307,21.113248825073153],[107.600402832031307,21.109914779663001]]],[[[107.612068176269617,21.113248825073153],[107.615402221679773,21.110748291015561],[107.612899780273494,21.110748291015561],[107.612068176269617,21.113248825073153]]],[[[107.527069091796932,21.116580963134627],[107.523735046386776,21.114915847778185],[107.523735046386776,21.116580963134627],[107.527069091796932,21.116580963134627]]],[[[107.540397644043011,21.116580963134627],[107.542900085449276,21.113248825073153],[107.54123687744142,21.113248825073153],[107.540397644043011,21.116580963134627]]],[[[107.801231384277386,21.106580734252848],[107.821235656738295,21.10908126831044],[107.801231384277386,21.103248596191285],[107.801231384277386,21.106580734252848]]],[[[107.619567871093807,21.119081497192308],[107.617065429687528,21.12074851989734],[107.620399475097685,21.124080657958903],[107.619567871093807,21.119081497192308]]],[[[107.631233215332117,21.126441955566303],[107.577064514160242,20.97824859619131],[107.56456756591804,20.969081878662003],[107.587066650390696,21.073247909545771],[107.631233215332117,21.126441955566303]]],[[[107.602066040039162,21.122415542602461],[107.612899780273494,21.124914169311463],[107.606231689453196,21.117414474487187],[107.602066040039162,21.122415542602461]]],[[[107.857902526855526,21.130748748779208],[107.861228942871151,21.131582260131768],[107.861228942871151,21.127414703369055],[107.857902526855526,21.130748748779208]]],[[[107.592903137207117,21.131582260131768],[107.587898254394574,21.131582260131768],[107.592903137207117,21.13324737548821],[107.592903137207117,21.131582260131768]]],[[[107.617065429687528,21.134914398193242],[107.614562988281349,21.131582260131768],[107.614562988281349,21.134914398193242],[107.617065429687528,21.134914398193242]]],[[[107.795402526855497,21.134914398193242],[107.803733825683651,21.128248214721616],[107.791229248046932,21.129081726074087],[107.795402526855497,21.134914398193242]]],[[[107.581230163574276,21.140609741210795],[107.557067871093764,21.114915847778185],[107.58373260498054,21.125747680663935],[107.571235656738352,21.083248138427638],[107.587898254394574,21.102415084838725],[107.586235046386818,21.085748672485231],[107.573730468750085,21.074914932250891],[107.562896728515653,21.084081649780199],[107.496231079101591,21.034082412719627],[107.529563903808665,21.073247909545771],[107.525398254394631,21.091581344604386],[107.544563293457131,21.099914550781133],[107.563735961914162,21.138248443603395],[107.581230163574276,21.140609741210795]]],[[[107.649566650390724,21.137414932250834],[107.642898559570327,21.139081954955955],[107.651229858398494,21.142414093017518],[107.649566650390724,21.137414932250834]]],[[[107.844566345214929,21.138248443603395],[107.852897644042997,21.134914398193242],[107.848731994628963,21.13324737548821],[107.844566345214929,21.138248443603395]]],[[[107.845397949218807,21.149082183837823],[107.842895507812528,21.14574813842767],[107.841232299804773,21.148248672485263],[107.845397949218807,21.149082183837823]]],[[[107.863731384277415,21.14574813842767],[107.871231079101605,21.146581649780142],[107.869567871093835,21.138248443603395],[107.863731384277415,21.14574813842767]]],[[[107.590400695800852,21.15658187866201],[107.585403442382841,21.143247604369989],[107.581230163574276,21.141580581664957],[107.590400695800852,21.15658187866201]]],[[[107.864562988281307,21.15741539001457],[107.852897644042997,21.158248901367131],[107.868728637695341,21.16824722290032],[107.864562988281307,21.15741539001457]]],[[[107.62789916992196,21.19324874877924],[107.625396728515682,21.179080963134659],[107.616233825683651,21.172414779662944],[107.622070312500071,21.187414169311406],[107.62789916992196,21.19324874877924]]],[[[108.014564514160199,21.197414398193274],[108.020401000976619,21.188247680663967],[108.008728027343778,21.190748214721559],[108.014564514160199,21.197414398193274]]],[[[107.419570922851605,21.199914932250866],[107.422065734863338,21.197414398193274],[107.417900085449304,21.195747375488153],[107.419570922851605,21.199914932250866]]],[[[108.011230468750043,21.208248138427614],[108.013732910156307,21.200748443603427],[108.007064819336009,21.204080581664901],[108.011230468750043,21.208248138427614]]],[[[107.434570312500071,21.210748672485295],[107.431236267089915,21.213247299194208],[107.437065124511804,21.216581344604361],[107.434570312500071,21.210748672485295]]],[[[107.681236267089858,21.216442108154169],[107.666236877441492,21.14408111572255],[107.65540313720706,21.137414932250834],[107.661231994628949,21.191581726074119],[107.681236267089858,21.216442108154169]]],[[[107.618736267089915,21.229082107543821],[107.612899780273494,21.229082107543821],[107.618736267089915,21.231580734252823],[107.618736267089915,21.229082107543821]]],[[[107.599563598632884,21.233942031860224],[107.592903137207117,21.225748062133668],[107.578735351562543,21.223247528076076],[107.580398559570384,21.227415084838789],[107.599563598632884,21.233942031860224]]],[[[107.69207000732429,21.225748062133668],[107.680397033691449,21.221580505370955],[107.696235656738324,21.234914779662976],[107.69207000732429,21.225748062133668]]],[[[107.640396118164148,21.240747451782131],[107.62789916992196,21.234081268310415],[107.640396118164148,21.244081497192283],[107.640396118164148,21.240747451782131]]],[[[107.974563598632898,21.250608444213807],[107.978729248046932,21.229913711547791],[107.947067260742244,21.234914779662976],[107.95623016357429,21.249080657958878],[107.974563598632898,21.250608444213807]]],[[[107.680397033691449,21.259914398193217],[107.673736572265682,21.259914398193217],[107.680397033691449,21.261581420898338],[107.680397033691449,21.259914398193217]]],[[[107.639564514160185,21.262275695800707],[107.615402221679773,21.233247756957944],[107.587898254394574,21.237415313720568],[107.619567871093807,21.255746841430593],[107.639564514160185,21.262275695800707]]],[[[107.682899475097713,21.268247604370053],[107.692901611328168,21.265747070312372],[107.680397033691449,21.26408195495593],[107.682899475097713,21.268247604370053]]],[[[107.435401916503949,21.272415161132677],[107.432067871093793,21.274080276489119],[107.435401916503949,21.27491378784168],[107.435401916503949,21.272415161132677]]],[[[107.395401000976648,21.278247833251832],[107.395401000976648,21.274080276489119],[107.392898559570384,21.274080276489119],[107.393737792968807,21.278247833251832],[107.395401000976648,21.278247833251832]]],[[[107.494567871093821,21.279081344604393],[107.498733520507855,21.27574729919424],[107.494567871093821,21.277414321899272],[107.494567871093821,21.279081344604393]]],[[[107.702896118164091,21.279914855956953],[107.703735351562599,21.27574729919424],[107.69956970214848,21.27491378784168],[107.702896118164091,21.279914855956953]]],[[[107.613731384277372,21.283246994018427],[107.620399475097685,21.280748367309513],[107.613731384277372,21.279914855956953],[107.613731384277372,21.283246994018427]]],[[[107.521232604980511,21.2765808105468],[107.554565429687585,21.284914016723548],[107.549568176269588,21.274080276489119],[107.569564819335966,21.278247833251832],[107.588729858398452,21.261581420898338],[107.538734436035242,21.254081726074151],[107.521232604980511,21.2765808105468]]],[[[107.502899169921889,21.282413482665955],[107.521232604980511,21.28741455078114],[107.524566650390668,21.284914016723548],[107.502899169921889,21.282413482665955]]],[[[107.626235961914105,21.289915084838732],[107.629570007324261,21.284914016723548],[107.62789916992196,21.284914016723548],[107.626235961914105,21.289915084838732]]],[[[107.766235351562543,21.297414779663008],[107.796234130859474,21.294914245605327],[107.749565124511776,21.285747528076108],[107.766235351562543,21.297414779663008]]],[[[107.701232910156335,21.30144119262685],[107.667068481445369,21.272415161132677],[107.639564514160185,21.268247604370053],[107.672065734863381,21.291580200195174],[107.701232910156335,21.30144119262685]]],[[[107.65872955322267,21.307415008544787],[107.664566040039105,21.304914474487195],[107.65872955322267,21.305747985839755],[107.65872955322267,21.307415008544787]]],[[[107.654563903808636,21.310747146606349],[107.657897949218793,21.305747985839755],[107.65540313720706,21.305747985839755],[107.654563903808636,21.310747146606349]]],[[[107.811233520507841,21.315748214721623],[107.81539916992196,21.316581726074094],[107.81539916992196,21.315748214721623],[107.811233520507841,21.315748214721623]]],[[[107.803733825683651,21.318246841430536],[107.806236267089929,21.315748214721623],[107.802902221679773,21.315748214721623],[107.803733825683651,21.318246841430536]]],[[[107.686233520507869,21.333248138427678],[107.689567565918026,21.330747604369996],[107.687896728515724,21.329914093017436],[107.686233520507869,21.333248138427678]]],[[[107.691230773925867,21.343246459960866],[107.687065124511747,21.339914321899304],[107.687065124511747,21.343246459960866],[107.691230773925867,21.343246459960866]]],[[[107.675399780273523,21.344913482665898],[107.678733825683679,21.345746994018459],[107.678733825683679,21.343246459960866],[107.675399780273523,21.344913482665898]]],[[[107.722900390625099,21.350748062133732],[107.728729248046889,21.350748062133732],[107.723731994628977,21.345746994018459],[107.722900390625099,21.350748062133732]]],[[[107.689567565918026,21.352413177490174],[107.694564819336023,21.349914550781172],[107.689567565918026,21.348247528076051],[107.689567565918026,21.352413177490174]]],[[[107.724563598632855,21.356580734252798],[107.727897644043011,21.354913711547766],[107.725402832031278,21.354080200195206],[107.724563598632855,21.356580734252798]]],[[[107.702896118164091,21.300746917724481],[107.823730468750028,21.351581573486204],[107.77873229980473,21.322414398193249],[107.702896118164091,21.300746917724481]]],[[[107.742065429687599,21.369913101196229],[107.762069702148509,21.363246917724513],[107.742897033691477,21.363246917724513],[107.742065429687599,21.369913101196229]]],[[[107.760398864746122,21.389080047607315],[107.769569396972699,21.388246536254755],[107.763732910156278,21.381580352783129],[107.760398864746122,21.389080047607315]]],[[[108.004562377929744,21.398941040038991],[107.94456481933598,21.354913711547766],[107.88123321533206,21.358247756957919],[107.844566345214929,21.338247299194272],[107.858734130859418,21.367414474487227],[107.827064514160185,21.364913940429545],[108.004562377929744,21.398941040038991]]],[[[107.898735046386804,21.414913177490117],[107.902069091796946,21.417413711547709],[107.901229858398523,21.414079666137557],[107.898735046386804,21.414913177490117]]],[[[107.949562072753977,21.439912796020447],[107.952064514160256,21.441579818725479],[107.952064514160256,21.439081192016477],[107.949562072753977,21.439912796020447]]],[[[107.226234436035256,20.857416152953959],[107.180404663085994,20.871582031249861],[107.178733825683693,20.884916305541882],[107.201232910156335,20.890748977661037],[107.235404968261747,20.864915847778235],[107.226234436035256,20.857416152953959]],[[107.217071533203224,20.861581802368082],[107.219566345214872,20.864082336425675],[107.217071533203224,20.864082336425675],[107.217071533203224,20.861581802368082]]],[[[107.037902832031278,20.867277145385636],[107.045402526855554,20.83491516113272],[107.100402832031321,20.814916610717663],[107.110404968261776,20.797416687011609],[107.089569091796974,20.756582260131754],[107.073738098144631,20.770750045776246],[107.049568176269588,20.774082183837809],[107.08706665039071,20.745750427246005],[107.062904357910199,20.754083633422752],[107.080398559570398,20.740749359130731],[107.047065734863324,20.698249816894435],[107.035400390625099,20.707416534423743],[107.047065734863324,20.725749969482358],[107.028732299804702,20.717416763305522],[107.013732910156335,20.733249664306545],[107.033737182617244,20.737417221069258],[107.002067565918026,20.749916076660039],[106.997901916503992,20.72741699218739],[106.960403442382884,20.783248901367116],[106.917900085449318,20.797416687011609],[106.904571533203153,20.825750350952092],[106.922904968261761,20.851583480834893],[106.950401306152415,20.851583480834893],[106.946235656738381,20.880748748779169],[106.959571838378992,20.872415542602422],[106.972068786621193,20.884916305541882],[106.978736877441492,20.87074851989739],[106.977905273437528,20.889081954955916],[106.996238708496136,20.89491653442375],[106.997901916503992,20.862415313720643],[107.007904052734446,20.853248596191335],[107.002067565918026,20.891582489013597],[107.017066955566492,20.914915084838807],[107.012901306152358,20.884082794189322],[107.02957153320321,20.874916076660014],[107.037071228027401,20.885749816894442],[107.05039978027348,20.865749359130795],[107.037902832031278,20.867277145385636]],[[107.034568786621136,20.867416381835827],[107.037902832031278,20.872415542602422],[107.034568786621136,20.873249053954982],[107.034568786621136,20.867416381835827]]],[[[106.161239624023523,21.810745239257749],[106.150405883789176,21.669912338256751],[106.192909240722742,21.684911727905213],[106.198738098144631,21.670745849609311],[106.232902526855582,21.667411804199158],[106.306236267089957,21.701580047607386],[106.331237792968878,21.694078445434521],[106.383735656738367,21.765745162963771],[106.406234741211009,21.747411727905245],[106.389572143554787,21.720745086669883],[106.404571533203253,21.694911956787081],[106.412902832031321,21.702411651611268],[106.426239013671932,21.678245544433498],[106.442901611328239,21.679912567138619],[106.458740234375128,21.720745086669883],[106.449569702148551,21.733245849609343],[106.479568481445384,21.754913330078022],[106.514572143554759,21.739912033080969],[106.546234130859446,21.751579284667869],[106.567901611328224,21.785745620727507],[106.592071533203253,21.78907966613766],[106.595405578613409,21.816577911376903],[106.62790679931652,21.824079513549769],[106.625404357910242,21.781578063964794],[106.660400390625085,21.738245010375937],[106.707901000976662,21.771579742431605],[106.740402221679759,21.755744934081992],[106.720405578613381,21.707412719726452],[106.725402832031307,21.670745849609311],[106.747901916504034,21.653245925903256],[106.788734436035213,21.653245925903256],[106.795402526855526,21.671579360961871],[106.843734741211065,21.664913177490156],[106.868736267089886,21.698246002197234],[106.892906188964929,21.683246612548771],[106.926239013672003,21.619913101196179],[106.881233215332088,21.604913711547805],[106.877899169921932,21.569080352783136],[106.969566345214915,21.519912719726534],[106.977905273437614,21.554912567138643],[107.021232604980526,21.580745697021445],[107.00457000732429,21.653245925903256],[107.034568786621222,21.628246307373015],[107.103736877441463,21.616579055786026],[107.107070922851619,21.582412719726477],[107.138732910156307,21.554912567138643],[107.162902832031349,21.564912796020423],[107.174568176269659,21.543247222900334],[107.246231079101634,21.54991340637196],[107.280403137207131,21.565746307372983],[107.295402526855597,21.594079971313377],[107.340400695800895,21.589078903198192],[107.356231689453239,21.606578826904158],[107.383735656738338,21.596580505370969],[107.428733825683636,21.649911880493104],[107.499565124511747,21.664079666137596],[107.493736267089943,21.67991256713853],[107.540397644043011,21.724079132079947],[107.621231079101648,21.756578445434464],[107.646232604980568,21.745746612548714],[107.696235656738324,21.756578445434464],[107.71123504638679,21.764911651611211],[107.706230163574247,21.790744781494013],[107.757896423339943,21.817411422729375],[107.820396423339886,21.81241226196278],[107.890396118164105,21.83574485778799],[107.908729553222713,21.796579360961847],[107.898735046386804,21.768245697021364],[107.942062377929801,21.749078750610277],[107.947898864746122,21.724079132079947],[107.927902221679744,21.713245391845607],[107.992065429687543,21.675746917724496],[107.992065429687543,21.653245925903256],[108.018730163574318,21.637413024902234],[108.017898559570341,21.589912414550664],[108.052894592285185,21.571578979492049],[108.048728942871151,21.524913787841719],[108.035400390625085,21.531579971313345],[108.032066345214929,21.529079437255753],[108.057067871093849,21.509912490844666],[108.019561767578196,21.489080429077049],[108.063728332519617,21.496580123901236],[108.078727722167997,21.484079360961776],[108.020401000976619,21.477413177490149],[107.967895507812599,21.433246612548732],[107.987068176269631,21.467412948608281],[107.973731994628935,21.476579666137589],[107.945396423339943,21.438247680664006],[107.928733825683636,21.439081192016477],[107.94456481933598,21.421581268310423],[107.926231384277457,21.414079666137557],[107.910400390625114,21.41908073425283],[107.923728942871179,21.4432468414306],[107.908729553222713,21.467412948608281],[107.929565429687599,21.484912872314336],[107.902900695800838,21.495746612548764],[107.909568786621136,21.509080886840696],[107.894561767578224,21.514913558959851],[107.873733520507869,21.489913940429609],[107.851234436035227,21.519079208373885],[107.835395812988338,21.474912643432557],[107.829566955566463,21.515747070312411],[107.81706237792973,21.482414245605334],[107.788734436035199,21.506580352783104],[107.803733825683651,21.472414016723555],[107.762901306152386,21.433246612548732],[107.75540161132821,21.404081344604368],[107.710395812988367,21.386581420898313],[107.695396423339901,21.39491462707506],[107.686233520507869,21.380746841430568],[107.673736572265682,21.393247604370028],[107.664566040039105,21.366580963134666],[107.644569396972727,21.373247146606381],[107.647903442382869,21.347414016723491],[107.60289764404304,21.289915084838732],[107.565399169921932,21.286581039428579],[107.54706573486331,21.314914703369062],[107.532066345214943,21.308246612548757],[107.547897338867287,21.289915084838732],[107.513732910156321,21.29991340637201],[107.487068176269545,21.2882480621337],[107.465400695800867,21.305747985839755],[107.443733215332102,21.301580429077042],[107.453735351562557,21.283246994018427],[107.428733825683636,21.278247833251832],[107.419570922851605,21.268247604370053],[107.39623260498054,21.2765808105468],[107.407066345214872,21.294080734252855],[107.383735656738338,21.306581497192315],[107.392066955566506,21.273246765136648],[107.36540222167973,21.280748367309513],[107.39623260498054,21.269914627075085],[107.387901306152372,21.262414932250898],[107.37706756591804,21.230747222900263],[107.392898559570384,21.255746841430593],[107.434570312500071,21.260747909545778],[107.439567565918068,21.240747451782131],[107.380401611328196,21.183248519897372],[107.407897949218849,21.182415008544812],[107.411231994628992,21.138248443603395],[107.391235351562528,21.13324737548821],[107.372070312500028,21.094915390014538],[107.378730773925795,21.082414627075078],[107.39623260498054,21.104082107543846],[107.389564514160227,21.124080657958903],[107.398735046386804,21.109914779663001],[107.417900085449304,21.138248443603395],[107.413734436035185,21.184915542602404],[107.397064208984418,21.187414169311406],[107.446235656738381,21.203247070312429],[107.455398559570412,21.27491378784168],[107.475402832031335,21.272415161132677],[107.540397644043011,21.197414398193274],[107.596237182617273,21.219915390014513],[107.609565734863338,21.209915161132734],[107.467063903808636,21.084081649780199],[107.452064514160256,21.090747833251825],[107.410400390625028,21.049915313720561],[107.377899169921918,21.043249130248935],[107.348731994628963,20.998249053954957],[107.300399780273509,21.000749588012638],[107.289566040039091,20.981582641601463],[107.285400390625057,20.997415542602397],[107.25706481933598,20.994915008544805],[107.257904052734403,20.981582641601463],[107.247901916503935,20.979082107543871],[107.236236572265724,20.987415313720618],[107.232070922851591,20.964082717895408],[107.217903137207102,20.971582412719595],[107.220397949218835,20.951581954955948],[107.198738098144602,20.953248977661069],[107.203735351562528,20.933248519897333],[107.15123748779304,20.923248291015554],[107.146232604980497,20.942415237426641],[107.096237182617287,20.939916610717638],[107.092071533203153,20.950748443603388],[107.077903747558665,20.934082031249893],[107.06790161132821,20.980749130248903],[107.101234436035199,20.999082565307518],[107.109565734863352,21.015748977661012],[107.057899475097756,20.984914779663026],[107.041236877441435,21.018249511718693],[107.017898559570369,21.003248214721552],[107.038734436035256,20.999916076660078],[107.064567565918054,20.962415695190288],[107.03123474121098,20.944915771484233],[106.99290466308598,20.959915161132695],[106.939567565917997,20.933248519897333],[106.918739318847727,20.967414855956971],[106.894569396972699,20.969915390014563],[106.917900085449318,20.962415695190288],[106.932067871093807,20.919082641601431],[106.952072143554716,20.918249130248959],[106.950401306152415,20.906581878661971],[106.89623260498054,20.902416229247937],[106.895401000976662,20.916582107543839],[106.882904052734474,20.925748825073146],[106.888732910156264,20.902416229247937],[106.857070922851577,20.869083404540948],[106.844566345214943,20.89408302307119],[106.869567871093778,20.832416534423718],[106.905403137207117,20.805749893188356],[106.885406494140653,20.792415618896424],[106.851234436035242,20.789916992187422],[106.831237792968778,20.841583251953026],[106.782905578613324,20.839916229247905],[106.763732910156293,20.85824966430652],[106.757072448730526,20.884916305541882],[106.78040313720706,20.932415008544861],[106.772071838378992,20.970748901367124],[106.790405273437599,20.982416152954023],[106.770401000976605,20.97658157348619],[106.749572753906335,21.000749588012638],[106.67633056640625,21.014282226562479],[106.550903320312571,21.009399414062461],[106.467102050781264,20.961242675781214],[106.492858886718764,20.895263671874979],[106.480102539062543,20.861389160156211],[106.51068115234375,20.846862792968682],[106.475219726562514,20.797119140624968],[106.421997070312514,20.814758300781214],[106.425292968750057,20.829223632812436],[106.377136230468821,20.864685058593761],[106.372314453125014,20.88555908203125],[106.333557128906321,20.90161132812494],[106.348083496093764,20.940368652343725],[106.274169921875,20.954650878906204],[106.280578613281278,20.980407714843711],[106.259643554687571,20.990051269531222],[106.302978515625014,21.059387207031225],[106.280578613281278,21.12359619140625],[106.246643066406293,21.159057617187486],[106.20330810546875,21.147827148437507],[106.195434570312543,21.173522949218707],[106.17431640625,21.171813964843714],[106.135803222656264,21.208740234374982],[106.123046875000043,21.189636230468704],[106.013488769531307,21.25561523437494],[105.986206054687543,21.252319335937479],[105.997436523437528,21.231384277343682],[105.978027343750071,21.216918945312461],[105.902587890625071,21.231384277343682],[105.904113769531321,21.178405761718725],[105.859008789062571,21.191162109374954],[105.629150390625043,21.136352539062479],[105.696655273437528,20.977294921874993],[105.72723388671875,20.961242675781214],[105.757812500000057,20.838928222656254],[105.720642089843736,20.795349121093757],[105.72723388671875,20.771362304687461],[105.712707519531307,20.747192382812511],[105.77215576171875,20.732666015624982],[105.754516601562514,20.686035156249986],[105.797851562500043,20.653930664062429],[105.820556640625057,20.597595214843704],[105.841430664062543,20.607238769531214],[105.872009277343764,20.567016601562486],[105.889587402343793,20.576660156249996],[105.900817871093764,20.547668457031246],[105.913818359375043,20.570312499999947],[105.921752929687557,20.539733886718729],[105.98291015625,20.571838378906197],[105.978027343750071,20.610595703124982],[106.004028320312543,20.629699707031261],[106.023132324218821,20.613647460937482],[106.048889160156321,20.6442260742187],[106.061889648437514,20.616943359374943],[106.092468261718821,20.615173339843732],[106.12939453125,20.639404296874989],[106.183959960937514,20.5252075195312],[106.180908203125014,20.496154785156232],[106.229064941406264,20.475280761718743],[106.216308593750028,20.419189453124979],[106.237182617187514,20.402893066406239],[106.2772216796875,20.4061889648437],[106.29351806640625,20.390136718750011],[106.2772216796875,20.353149414062436],[106.32232666015625,20.332031249999986],[106.315979003906293,20.30804443359369],[106.335327148437528,20.280761718749932],[106.314453125000043,20.245361328125004],[106.264465332031278,20.239013671874954],[106.204895019531307,20.201782226562507],[106.179138183593807,20.155151367187511],[106.222717285156293,20.07000732421869],[106.202903747558665,20.004085540771403],[106.178741455078168,19.973253250122006],[106.132072448730568,19.952419281005799],[106.128738403320412,19.939086914062369],[106.149574279785213,19.936586380004776],[106.143737792968778,19.921586990356314],[106.105407714843793,19.909086227416854],[106.096237182617216,19.965753555297731],[106.113739013671946,20.031585693359236],[106.078742980957102,20.043252944946225],[106.06373596191419,20.087419509887642],[106.022071838378963,20.102418899536104],[106.004570007324318,20.130752563476499],[105.96540832519544,20.122419357299751],[105.949569702148565,20.136585235595653],[105.92874145507821,20.127418518066346],[105.933738708496222,20.094919204711829],[105.920410156250057,20.089086532592674],[105.915405273437599,20.110752105712852],[105.872070312500071,20.117418289184478],[105.771240234375128,20.177419662475508],[105.773742675781307,20.199918746948157],[105.735404968261776,20.233251571655234],[105.680404663086023,20.232418060302674],[105.676239013671989,20.268251419067344],[105.655410766601648,20.286584854125959],[105.632911682128992,20.279085159301683],[105.632072448730568,20.306585311889606],[105.586242675781307,20.349084854125902],[105.602073669433651,20.362417221069244],[105.578742980957117,20.372417449951111],[105.597908020019617,20.415750503539968],[105.557907104492315,20.447418212890604],[105.563743591308651,20.468250274658132],[105.539573669433707,20.473251342773406],[105.597908020019617,20.482418060302713],[105.614578247070384,20.513250350952109],[105.555404663086051,20.558250427245998],[105.537910461425852,20.554916381835845],[105.504577636718864,20.606584548950128],[105.448745727539134,20.619083404540998],[105.413742065429759,20.603250503539975],[105.398742675781392,20.634082794189371],[105.36290740966804,20.623250961303622],[105.350410461425852,20.603250503539975],[105.318740844726619,20.60908317565913],[105.27790832519544,20.686582565307535],[105.267074584961023,20.675750732421786],[105.256240844726676,20.688249588012656],[105.193740844726648,20.690750122070249],[105.153739929199347,20.727416992187479],[105.121246337890696,20.721582412719645],[105.113746643066506,20.697416305541964],[105.066246032714943,20.724082946777326],[105.042076110839901,20.697416305541964],[104.999580383300867,20.697416305541964],[104.885414123535242,20.781583786010675],[104.866241455078196,20.780750274658114],[104.877075195312628,20.765748977661062],[104.872077941894631,20.755750656127873],[104.741241455078224,20.768249511718654],[104.716247558593849,20.789083480834861],[104.686248779297003,20.771583557128807],[104.634574890136776,20.78824996948239],[104.631248474121165,20.76408386230462],[104.616249084472784,20.767416000366183],[104.603744506836065,20.74074935913082],[104.572914123535256,20.734916687011665],[104.565414428711065,20.717416763305611],[104.535415649414148,20.717416763305611],[104.524581909179801,20.701583862304588],[104.497909545898494,20.711584091186456],[104.482910156250114,20.769916534423775],[104.327911376953224,20.856582641601488],[104.332077026367259,20.88241577148429],[104.296249389648537,20.922416687011673],[104.278747558593892,20.927415847778267],[104.24874877929696,20.900749206542905],[104.243743896484503,20.931581497192301],[104.142913818359489,20.977415084838839],[104.117912292480568,21.005748748779233],[104.117080688476676,21.042415618896463],[104.033744812011847,21.115747451782156],[104.005416870117315,21.129081726074176],[103.987915039062585,21.114915847778274],[103.787918090820384,21.214914321899329],[103.789581298828239,21.306581497192315],[103.72541809082044,21.386581420898402],[103.670417785644602,21.360746383666921],[103.595413208007926,21.377414703369094],[103.59375,21.395746231079031],[103.635414123535213,21.429914474487259],[103.603752136230526,21.461580276489215],[103.627082824707145,21.502412796020479],[103.597084045410227,21.532413482665994],[103.649581909179801,21.534914016723587],[103.676246643066477,21.482414245605423],[103.717918395996165,21.506580352783104],[103.671249389648565,21.547412872314368],[103.622085571289148,21.624078750610302],[103.607917785644659,21.609079360961839],[103.552917480468807,21.644912719726509],[103.552917480468807,21.6215801239013],[103.507080078125085,21.604913711547805],[103.516250610351662,21.587413787841751],[103.511253356933665,21.576580047607322],[103.472084045410256,21.594913482665937],[103.463752746582088,21.629079818725486],[103.408752441406335,21.653245925903256],[103.319587707519617,21.654912948608377],[103.256248474121165,21.681579589843651],[103.257919311523565,21.657413482665969],[103.151252746582117,21.640747070312475],[103.090415954589929,21.614912033080994],[103.058753967285242,21.57289831612799],[102.996561452884322,21.555247527629454],[102.895690188168714,21.438616690072369],[102.805419921875057,21.395746231079031],[102.786740166922868,21.363353814248502],[102.663454650716503,21.314381318863965],[102.686256408691506,21.464914321899279],[102.671763541202722,21.487413406371928],[102.677917480468807,21.654912948608288],[102.652084350586009,21.772236121507319],[102.662086486816463,21.794078826904165],[102.647918701171974,21.807413101196186],[102.645416259765696,21.85907936096179],[102.60708618164071,21.873245239257692],[102.612922668457131,21.919078826904229],[102.528063298496235,21.962411880493086],[102.490873586034198,22.009078979492095],[102.518753051757869,22.032411575317305],[102.442085266113352,22.07407760620104],[102.427917480468849,22.115743637084865],[102.384869258291872,22.129077911376886],[102.383750915527443,22.149909973144414],[102.348572025028488,22.163244247436435],[102.321250915527401,22.204076766967699],[102.304588317871179,22.202348509006601],[102.182922363281264,22.304077148437432],[102.19042205810554,22.331577301025266],[102.128753662109389,22.414075851440355],[102.129585266113367,22.434076309204002],[102.023757934570341,22.457408905029212],[101.962037824738744,22.432409286498881],[101.912925720214943,22.440742492675717],[101.912086486816435,22.417718325267447],[101.874568441766883,22.406684063359265],[101.824829821695104,22.442409515380749],[101.812088012695384,22.482408523559453],[101.783760070800838,22.501575469970629],[101.728759765625085,22.498243331909066],[101.707092285156321,22.473243713378825],[101.670425415039176,22.475742340087827],[101.579589843750156,22.547409057617166],[101.512924194336094,22.619075775146417],[101.536254882812628,22.658241271972649],[101.495422363281364,22.686574935913043],[101.464591979980639,22.671575546264581],[101.444587707519645,22.685741424560483],[101.354591369629048,22.839908599853501],[101.352376658210517,22.982382239441183],[101.259590148925909,23.070739746093686],[101.225425720215028,23.129074096679684],[101.194595336914233,23.132406234741158],[101.191261291504077,23.09837304502889],[101.109596252441548,23.17459635164392],[101.101843164208702,23.289905548095561],[101.117927551269702,23.323240280151317],[101.095241294989492,23.349073410034119],[101.044345816754756,23.494102144658061],[101.00682088724723,23.656572341918828],[101.028762817382983,23.679904937744126],[101.01209259033223,23.711570739746083],[101.017929077148565,23.744903564453072],[100.991256713867344,23.7674045562744],[101.017089843750142,23.8615703582763],[100.954589843750114,23.904903411865245],[100.962928771972798,23.941570281982386],[100.941261291504034,23.956569671630849],[100.945426940918153,24.048236846923835],[100.917633835406178,24.069068908691275],[100.887924194336136,24.16073608398435],[100.865611105848672,24.176568984985284],[100.875427246093935,24.188236236572273],[100.82875823974625,24.239926179632668],[100.819595336914219,24.286569595336886],[100.792930603027528,24.295736312866193],[100.800430297851719,24.336568832397457],[100.776260375976676,24.359901428222667],[100.753383443855299,24.34906768798815],[100.664596557617315,24.517400741577159],[100.511260986328267,24.727399826049815],[100.483764648437614,24.794900894165032],[100.297927856445455,24.918329477359972],[100.287925720215,24.960733413696271],[100.309593200683764,24.964899063110305],[100.328765869140796,24.997400283813413],[100.287094116211122,24.999065399169854],[100.257281319892101,25.021566390991094],[100.224073731482974,25.140731811523324],[100.245429992675966,25.165731430053654],[100.217094421386903,25.214065551757784],[100.216262817382926,25.249065399169893],[100.200884813475497,25.24406433105462],[100.19346855325152,25.271564483642454],[100.207931518554858,25.29156494140619],[100.179595947265781,25.31739807128908],[100.182929992675938,25.35239791870119],[100.154820002362897,25.372701004037527],[100.139131542853534,25.502324386904455],[100.309593200683679,25.499864295462785],[100.317092895507869,25.466564178466736],[100.354598999023509,25.431564331054627],[100.372932434082131,25.454063415527276],[100.368759155273466,25.48239707946767],[100.395431518554773,25.48156356811511],[100.432929992675795,25.544063568115142],[100.419593811035185,25.588230133056559],[100.440429687500071,25.593231201171744],[100.449592590332117,25.579063415527251],[100.480430603027372,25.595729827880746],[100.525428771972756,25.585729598998967],[100.542091369628977,25.595729827880746],[100.530426025390668,25.546564102172734],[100.54875946044929,25.526563644409087],[100.543762207031278,25.443231582641527],[100.567092895507898,25.43489837646478],[100.611259460449318,25.37489700317375],[100.580429077148509,25.319898605346584],[100.599594116211009,25.302398681640529],[100.63959503173831,25.306564331054563],[100.652091979980497,25.348230361938388],[100.705429077148494,25.36323165893544],[100.740425109863324,25.353231430053572],[100.759597778320369,25.381565093994055],[100.794593811035199,25.392396926879805],[100.845428466796932,25.389064788818242],[100.86542510986331,25.314064025878839],[100.935424804687528,25.279064178466729],[100.933761596679759,25.246564865112212],[100.992095947265668,25.209064483642511],[101.007926940918011,25.159898757934499],[101.064590454101619,25.175731658935433],[101.092094421386818,25.200731277465763],[101.109596252441463,25.188232421874893],[101.154594421386761,25.196565628051641],[101.272094726562543,25.051565170288018],[101.316261291503963,25.059898376464766],[101.322090148925852,25.036565780639556],[101.371261596679716,25.009065628051633],[101.392089843750071,25.020732879638533],[101.414588928222713,25.008232116699162],[101.412925720214858,24.978233337402237],[101.439590454101634,24.953233718871996],[101.474594116211009,24.869066238403196],[101.502090454101662,24.849899291992109],[101.502922058105554,24.824899673461779],[101.558753967285185,24.823232650756747],[101.561256408691463,24.846567153930547],[101.575424194336037,24.836566925048768],[101.608757019043026,24.869899749755756],[101.600425720214872,24.897399902343679],[101.627922058105526,24.912399291992052],[101.619590759277372,24.93406677246082],[101.642921447753992,24.964899063110217],[101.647087097168026,25.010732650756754],[101.697921752929744,25.022399902343654],[101.711257934570355,25.047399520873896],[101.734588623046974,25.051565170288018],[101.749588012695341,25.115732192993082],[101.799591064453182,25.146564483642479],[101.813758850097685,25.24406433105462],[101.865425109863367,25.249898910522365],[101.887092590332045,25.270730972289982],[101.896255493164091,25.364898681640561],[101.950424194335966,25.426565170287944],[101.96459197998054,25.423231124877791],[101.962089538574276,25.509063720703033],[101.97209167480473,25.512397766113185],[101.999588012695384,25.456563949584869],[102.025421142578182,25.474063873290923],[102.073753356933636,25.437397003173693],[102.132919311523523,25.437397003173693],[102.137084960937557,25.415731430053604],[102.121253967285213,25.403230667114144],[102.146255493164134,25.348230361938388],[102.185424804687543,25.368230819702035],[102.200424194336009,25.417398452758725],[102.176254272460966,25.454063415527276],[102.231254577636804,25.475730895995955],[102.25375366210946,25.507396697997912],[102.286254882812571,25.513231277465746],[102.320419311523523,25.423231124877791],[102.359588623046932,25.380731582641495],[102.346252441406321,25.35073089599598],[102.365417480468821,25.337398529052638],[102.362922668457088,25.309064865112244],[102.340423583984446,25.284898757934474],[102.35625457763679,25.245731353759652],[102.334587097168011,25.190731048583896],[102.295417785644602,25.176565170287994],[102.259590148925881,25.13656616210929],[102.205421447754006,25.120731353759677],[102.205421447754006,25.060731887817326],[102.131256103515668,24.974065780639524],[102.137924194335966,24.959899902343622],[102.177925109863352,24.959066390991151],[102.165420532226619,24.935733795165941],[102.207923889160185,24.905733108520426],[102.242919921875028,24.934900283813381],[102.261253356933651,24.927398681640515],[102.314590454101634,24.949899673461843],[102.350418090820355,24.923233032226481],[102.341255187988324,24.889066696166932],[102.352920532226634,24.857398986816296],[102.310424804687599,24.798233032226506],[102.294586181640724,24.702400207519396],[102.279586791992259,24.692399978637617],[102.302085876464915,24.590734481811442],[102.273757934570369,24.55323410034174],[102.292922973632869,24.523235321044815],[102.347084045410213,24.520734786987223],[102.361251831054787,24.491567611694268],[102.347923278808622,24.462402343749904],[102.364585876464943,24.450735092163004],[102.352920532226634,24.413234710693303],[102.322090148925824,24.405735015869027],[102.299591064453182,24.376567840576072],[102.322090148925824,24.350734710693271],[102.307090759277358,24.323234558105348],[102.321250915527401,24.240736007690348],[102.241256713867273,24.163236618041854],[102.283752441406293,24.176568984985284],[102.258758544921918,24.12323570251456],[102.315422058105526,24.106569290161065],[102.315422058105526,24.07573699951158],[102.334587097168011,24.057403564453054],[102.310424804687599,24.036569595336847],[102.358757019043054,24.006570816039922],[102.377090454101577,23.937402725219584],[102.473754882812571,23.950736999511605],[102.503753662109403,24.000736236572177],[102.522918701171903,23.961570739746033],[102.602920532226577,23.93240356445299],[102.635421752929773,23.894903182983288],[102.651252746582117,23.896570205688409],[102.65625,23.882404327392507],[102.63459014892581,23.874904632568231],[102.654586791992273,23.836570739745969],[102.680419921875071,23.823236465454038],[102.681251525878963,23.790737152099521],[102.627922058105497,23.779903411865092],[102.609588623046974,23.757404327392443],[102.489585876464915,23.748237609863224],[102.477088928222727,23.760738372802596],[102.458755493164105,23.750738143920817],[102.455421447753963,23.763236999511598],[102.422088623046974,23.752405166625849],[102.357086181640668,23.796571731567266],[102.330421447753977,23.756570816039972],[102.365417480468821,23.729904174804609],[102.365417480468821,23.698238372802653],[102.542083740234403,23.640737533569215],[102.549583435058679,23.602405548095632],[102.592918395996122,23.602405548095632],[102.597084045410242,23.585739135742049],[102.621253967285199,23.579071044921744],[102.611251831054744,23.561571121215689],[102.635421752929773,23.559072494506776],[102.632087707519631,23.534070968627855],[102.590423583984474,23.50407218933093],[102.639587402343807,23.469905853271381],[102.627922058105497,23.449071884155174],[102.642089843750085,23.41990661621081],[102.677917480468807,23.429071426391527],[102.697921752929716,23.452405929565327],[102.740417480468835,23.464071273803636],[102.763755798339901,23.449905395507734],[102.815422058105511,23.479072570800689],[102.830421447753977,23.440738677978427],[102.817916870117244,23.409906387329031],[102.839584350586009,23.394905090331889],[102.855415344238352,23.416572570800657],[102.903755187988338,23.430738449096559],[102.94125366210946,23.482404708862163],[103.027084350586023,23.477405548095568],[103.019584655761747,23.450738906860295],[103.042083740234474,23.425739288329964],[103.019584655761747,23.389905929565295],[103.094581604003963,23.394071578979418],[103.127914428711037,23.371572494506768],[103.133750915527372,23.314905166625891],[103.196250915527415,23.284906387328967],[103.203750610351591,23.248239517211825],[103.173751831054759,23.22990608215321],[103.207084655761747,23.224906921386616],[103.191253662109403,23.215740203857308],[103.205421447753992,23.194906234741101],[103.276252746582088,23.196573257446222],[103.294586181640696,23.226573944091736],[103.360420227050881,23.199073791503814],[103.370414733886804,23.219072341918871],[103.422080993652415,23.238239288329957],[103.428749084472713,23.197406768798693],[103.481246948242287,23.180740356445199],[103.510414123535242,23.202405929565288],[103.523750305175852,23.224906921386616],[103.517082214355554,23.261573791503846],[103.484580993652443,23.269073486328033],[103.466247558593821,23.329906463622944],[103.505416870117244,23.319906234741076],[103.513748168945398,23.347406387328999],[103.469581604003977,23.386571884155142],[103.478752136230554,23.414905548095625],[103.452919006347756,23.479072570800689],[103.47624969482429,23.467405319213789],[103.489585876464901,23.483238220214723],[103.506248474121122,23.471572875976502],[103.516250610351662,23.482404708862163],[103.534584045410199,23.439905166625866],[103.565414428710994,23.455738067626889],[103.582916259765639,23.441572189330987],[103.613746643066449,23.450738906860295],[103.622917175293026,23.435739517211832],[103.608749389648537,23.424905776977404],[103.640419006347756,23.426572799682525],[103.667915344238324,23.381572723388548],[103.721252441406321,23.403238296508725],[103.758750915527429,23.39657211303701],[103.780418395996193,23.371572494506768],[103.804580688476605,23.379072189330955],[103.808746337890639,23.401573181152283],[103.767082214355497,23.427406311035085],[103.767913818359474,23.445739746093611],[103.70791625976571,23.470739364623942],[103.71875,23.502405166625898],[103.667083740234446,23.50407218933093],[103.597084045410227,23.53907203674304],[103.59375,23.562404632568249],[103.555419921875085,23.581571578979425],[103.547080993652386,23.606571197509666],[103.558746337890696,23.633237838745028],[103.579582214355497,23.639904022216655],[103.579582214355497,23.663238525390543],[103.611251831054716,23.648237228393491],[103.658752441406293,23.662405014037983],[103.651252746582102,23.678237915039006],[103.682083129882912,23.699071884155213],[103.681251525878935,23.726572036743047],[103.726249694824318,23.767404556274311],[103.697082519531278,23.842403411865124],[103.783752441406349,23.819070816039915],[103.854583740234446,23.852403640746992],[103.873748779296946,23.836570739745969],[103.947914123535199,23.832403182983256],[103.938751220703168,23.853237152099553],[103.972915649414119,23.87407112121576],[103.983749389648466,23.925737380981364],[104.037918090820341,23.92073631286609],[104.100410461425824,23.890737533569254],[104.098747253418068,23.865737915038924],[104.117080688476591,23.854070663452024],[104.102912902832102,23.841569900512564],[104.122077941894602,23.820737838745035],[104.088745117187514,23.815736770629762],[104.108749389648523,23.792404174804552],[104.082084655761747,23.778238296508651],[104.083747863769602,23.752405166625849],[104.062080383300838,23.756570816039972],[104.043746948242216,23.729904174804609],[104.075416564941449,23.717405319213739],[104.09375,23.680738449096598],[104.106246948242259,23.684904098510632],[104.097915649414091,23.663238525390543],[104.125411987304744,23.647405624389521],[104.161247253418011,23.574071884155149],[104.182083129882898,23.593238830566325],[104.198745727539119,23.573238372802678],[104.22541046142581,23.584905624389577],[104.26207733154304,23.560737609863217],[104.264579772949304,23.587404251098491],[104.28707885742196,23.585739135742049],[104.292915344238381,23.602405548095632],[104.34707641601571,23.579071044921744],[104.374580383300824,23.604904174804545],[104.432914733886818,23.588237762451051],[104.459579467773494,23.61157226562494],[104.465415954589929,23.579071044921744],[104.512077331543068,23.571571350097557],[104.536247253418026,23.607404708862227],[104.592079162597756,23.613237380981381],[104.608741760253977,23.632404327392468],[104.601242065429787,23.657403945922709],[104.554580688476634,23.685737609863192],[104.601242065429787,23.713237762451115],[104.513748168945369,23.774070739746026],[104.485412597656307,23.767404556274311],[104.467910766601662,23.794071197509673],[104.472915649414105,23.852403640746992],[104.488746643066449,23.8615703582763],[104.488746643066449,23.844070434570245],[104.502914428711037,23.848237991332869],[104.517913818359403,23.870737075805607],[104.544578552246179,23.786571502685486],[104.562911987304702,23.811571121215728],[104.590415954589901,23.794071197509673],[104.60208129882821,23.81407165527332],[104.625411987304744,23.808237075805575],[104.647079467773509,23.82657051086419],[104.730415344238338,23.787405014037958],[104.796241760253977,23.842403411865124],[104.914581298828196,23.7890701293944],[104.942077636718849,23.806570053100454],[104.962074279785227,23.787405014037958],[105.038742065429744,23.78990364074696],[105.052909851074233,23.771570205688345],[105.027908325195412,23.767404556274311],[105.030410766601591,23.738237380981356],[105.047912597656321,23.729904174804609],[105.048744201660199,23.705738067626839],[105.085411071777429,23.698238372802653],[105.072074890136818,23.686571121215753],[105.087913513183622,23.67157173156729],[105.13707733154304,23.7065715789794],[105.201240539550838,23.710737228393434],[105.321243286132898,23.562404632568249],[105.333740234375085,23.562404632568249],[105.322074890136776,23.569904327392436],[105.33207702636723,23.584905624389577],[105.317077636718764,23.585739135742049],[105.317077636718764,23.589904785156172],[105.337074279785242,23.590738296508732],[105.347076416015696,23.571571350097557],[105.374572753906349,23.568239212035994],[105.413742065429759,23.514905929565359],[105.422073364257912,23.533239364623885],[105.475410461425824,23.533239364623885],[105.503738403320355,23.5165710449218],[105.504577636718778,23.498239517211776],[105.55040740966804,23.5165710449218],[105.559577941894617,23.487405776977436],[105.582908630371151,23.498239517211776],[105.604576110839915,23.481571197509691],[105.643737792968793,23.485738754272404],[105.653739929199247,23.440738677978427],[105.718742370605554,23.446571350097582],[105.732910156250043,23.43240547180168],[105.756240844726662,23.44407272338858],[105.748741149902386,23.424072265624932],[105.766242980957131,23.409906387329031],[105.756240844726662,23.381572723388548],[105.769577026367273,23.351572036743033],[105.788742065429773,23.343238830566285],[105.802070617675852,23.356573104858306],[105.848739624023537,23.319906234741076],[105.852073669433693,23.299072265624869],[105.895408630371136,23.304073333740142],[105.931236267089943,23.269073486328033],[105.971237182617244,23.159906387328991],[105.952903747558707,23.120740890502848],[105.972076416015753,23.074073791503839],[105.952072143554744,23.059074401855376],[105.970405578613352,23.018239974975522],[105.951240539550867,23.011573791503807],[105.927909851074332,22.952407836914016],[105.911239624023565,22.963241577148356],[105.880409240722756,22.953241348266488],[105.85707092285169,22.984073638915973],[105.797904968261818,22.97990798950185],[105.799575805664119,22.937408447265554],[105.843742370605526,22.871574401855369],[105.795410156250085,22.851573944091722],[105.816238403320426,22.83740806579582],[105.80123901367196,22.828241348266513],[105.82040405273446,22.790740966796811],[105.851242065429801,22.789907455444251],[105.856239318847727,22.775741577148349],[105.859573364257869,22.738241195678647],[105.842071533203224,22.71824264526359],[105.858741760253992,22.700742721557535],[105.838737487793082,22.684074401855362],[105.838737487793082,22.653242111205966],[105.891242980957102,22.599908828735241],[105.879570007324347,22.538242340087859],[105.85707092285169,22.522409439086836],[105.897071838378992,22.508243560790934],[105.920410156250057,22.491575241088761],[105.92290496826179,22.469076156616111],[105.955406188964901,22.457408905029212],[105.948738098144588,22.4082431793212],[105.975402832031364,22.398242950439421],[105.939575195312557,22.359077453613189],[105.94207000732429,22.341577529907134],[105.985404968261818,22.32490921020505],[105.964576721191477,22.278244018554631],[105.97873687744152,22.239076614379808],[105.95957183837902,22.229909896850501],[105.983741760253963,22.198244094848544],[105.981239318847784,22.166578292846587],[105.964576721191477,22.125743865966733],[105.943740844726676,22.114910125732393],[105.993736267089972,22.089910507202063],[105.956237792968864,22.065744400024382],[105.964576721191477,22.02657890319815],[105.942909240722699,22.023244857787997],[105.927070617675909,21.989912033081009],[105.904571533203168,21.989912033081009],[105.888740539550824,21.955745697021371],[105.942909240722699,21.903245925903207],[105.973739624023509,21.939910888671847],[106.012069702148509,21.938245773315316],[106.022903442382926,21.970745086669833],[106.047073364257884,21.960744857788054],[106.062904357910227,21.930744171142539],[106.111236572265682,21.934911727905163],[106.132072448730568,21.919078826904229],[106.111236572265682,21.849079132080011],[106.128738403320412,21.819078445434496],[106.161239624023523,21.810745239257749]],[[103.33708190917973,21.914911270141516],[103.35458374023446,21.93074417114245],[103.330413818359418,21.951578140258658],[103.332916259765696,21.989078521728448],[103.312919616699318,21.99157905578604],[103.301254272461009,21.945745468139592],[103.33708190917973,21.914911270141516]],[[105.937904357910256,21.739845669458727],[105.937844848625815,21.739813317188975],[105.937904357910256,21.739845275878803],[105.937904357910256,21.739845669458727]],[[105.726307856709994,21.625793349921899],[105.712074279785256,21.618122100829943],[105.712074279785256,21.618118286132674],[105.712142944336009,21.618158340454045],[105.726307856709994,21.625793349921899]],[[107.252899169921946,20.985748291015497],[107.247901916503935,20.991582870483331],[107.24956512451179,20.985748291015497],[107.252899169921946,20.985748291015497]],[[106.872070312500043,20.892416000366069],[106.877067565918054,20.900749206542905],[106.871238708496165,20.904916763305529],[106.872070312500043,20.892416000366069]],[[106.159568786621222,21.800745010375881],[106.160408020019631,21.801578521728441],[106.159568786621222,21.801578521728441],[106.159568786621222,21.800745010375881]]]]}},
{"type":"Feature","properties":{},"geometry":{"type":"MultiPolygon","coordinates":[[[[106.006240844726619,19.914918899536097],[106.012908935547017,19.911586761474535],[106.004570007324318,19.912420272827095],[106.006240844726619,19.914918899536097]]],[[[103.264587402343864,21.680885314941282],[103.319587707519617,21.654912948608377],[103.408752441406335,21.653245925903256],[103.463752746582088,21.629079818725486],[103.472084045410256,21.594913482665937],[103.511253356933665,21.576580047607322],[103.507080078125085,21.604913711547805],[103.552917480468807,21.6215801239013],[103.552917480468807,21.644912719726509],[103.607917785644659,21.609079360961839],[103.622085571289148,21.624078750610302],[103.671249389648565,21.547412872314368],[103.717918395996165,21.506580352783104],[103.676246643066477,21.482414245605423],[103.649581909179801,21.534914016723587],[103.597084045410227,21.532413482665994],[103.627082824707145,21.502412796020479],[103.603752136230526,21.461580276489215],[103.635414123535213,21.429914474487259],[103.59375,21.395746231079031],[103.595413208007926,21.377414703369094],[103.670417785644602,21.360746383666921],[103.72541809082044,21.386581420898402],[103.789581298828239,21.306581497192315],[103.787918090820384,21.214914321899329],[103.987915039062585,21.114915847778274],[104.005416870117315,21.129081726074176],[104.033744812011847,21.115747451782156],[104.117080688476676,21.042415618896463],[104.117912292480568,21.005748748779233],[104.142913818359489,20.977415084838839],[104.243743896484503,20.931581497192301],[104.24874877929696,20.900749206542905],[104.278747558593892,20.927415847778267],[104.296249389648537,20.922416687011673],[104.332077026367259,20.88241577148429],[104.327911376953224,20.856582641601488],[104.482910156250114,20.769916534423775],[104.497909545898494,20.711584091186456],[104.524581909179801,20.701583862304588],[104.535415649414148,20.717416763305611],[104.565414428711065,20.717416763305611],[104.572914123535256,20.734916687011665],[104.603744506836065,20.74074935913082],[104.616249084472784,20.767416000366183],[104.631248474121165,20.76408386230462],[104.634574890136776,20.78824996948239],[104.686248779297003,20.771583557128807],[104.716247558593849,20.789083480834861],[104.741241455078224,20.768249511718654],[104.872077941894631,20.755750656127873],[104.866241455078196,20.780750274658114],[104.885414123535242,20.781583786010675],[104.999580383300867,20.697416305541964],[105.042076110839901,20.697416305541964],[105.063743591308665,20.724082946777326],[105.113746643066506,20.697416305541964],[105.121246337890696,20.721582412719645],[105.153739929199347,20.727416992187479],[105.193740844726648,20.690750122070249],[105.256240844726676,20.688249588012656],[105.267074584961023,20.675750732421786],[105.27790832519544,20.686582565307535],[105.318740844726619,20.60908317565913],[105.350410461425852,20.603250503539975],[105.36290740966804,20.623250961303622],[105.398742675781392,20.634082794189371],[105.413742065429759,20.603250503539975],[105.448745727539134,20.619083404540998],[105.504577636718864,20.606584548950128],[105.537910461425852,20.554916381835845],[105.555404663086051,20.558250427245998],[105.614578247070384,20.513250350952109],[105.597908020019617,20.482418060302713],[105.539573669433707,20.479917526245032],[105.539573669433707,20.473251342773406],[105.563743591308651,20.468250274658132],[105.557907104492315,20.447418212890604],[105.597908020019617,20.415750503539968],[105.578742980957117,20.372417449951111],[105.602073669433651,20.362417221069244],[105.586242675781307,20.349084854125902],[105.632072448730568,20.306585311889606],[105.632911682128992,20.279085159301683],[105.655410766601648,20.286584854125959],[105.676239013671989,20.268251419067344],[105.680404663086023,20.232418060302674],[105.735404968261776,20.233251571655234],[105.773742675781307,20.199918746948157],[105.771240234375128,20.177419662475508],[105.872070312500071,20.117418289184478],[105.915405273437599,20.110752105712852],[105.920410156250057,20.089086532592674],[105.933738708496222,20.094919204711829],[105.92874145507821,20.127418518066346],[105.949569702148565,20.136585235595653],[105.96540832519544,20.122419357299751],[106.004570007324318,20.130752563476499],[106.022071838378963,20.102418899536104],[106.06373596191419,20.087419509887642],[106.078742980957102,20.043252944946225],[106.111236572265767,20.032419204711886],[106.092903137207145,19.970752716064414],[106.09873962402358,19.925752639770437],[106.06790924072277,19.914087295532127],[106.03124237060554,19.959918975829986],[105.958740234375142,19.926586151122997],[105.949569702148565,19.888254165649325],[105.964576721191477,19.891586303710888],[105.966239929199318,19.889085769653295],[105.934570312500099,19.836585998535131],[105.938743591308665,19.793252944946275],[105.854576110839957,19.770753860473537],[105.924575805664176,19.780754089355405],[105.932075500488367,19.77575302124022],[105.897071838378992,19.720754623413054],[105.876243591308722,19.728254318237241],[105.85707092285169,19.709087371826154],[105.819572448730582,19.582420349121058],[105.807907104492273,19.581588745117088],[105.819572448730582,19.607421874999979],[105.803741455078239,19.618253707885728],[105.800407409668082,19.58408737182609],[105.782073974609474,19.577421188354464],[105.786239624023509,19.534088134765607],[105.739570617675909,19.494920730590785],[105.749572753906364,19.47742080688473],[105.726242065429744,19.470754623413015],[105.676239013671989,19.414089202880817],[105.620407104492259,19.425754547119126],[105.612907409668082,19.371587753295842],[105.581237792968849,19.380754470825149],[105.579574584960994,19.369089126586839],[105.55207824707044,19.406587600707951],[105.572906494140696,19.428255081176719],[105.560409545898509,19.480754852294883],[105.580406188964972,19.496587753295817],[105.576240539550852,19.512420654296839],[105.516242980957088,19.462421417236268],[105.481239318847798,19.504920959472564],[105.420410156250071,19.48908805847163],[105.420410156250071,19.531587600707926],[105.432075500488381,19.535755157470639],[105.423744201660213,19.591587066650366],[105.435409545898523,19.621587753295881],[105.464576721191477,19.639087677001935],[105.447906494140724,19.676588058471637],[105.400405883789148,19.704919815063441],[105.367073059082159,19.706586837768473],[105.358741760254006,19.65658760070799],[105.342079162597784,19.65658760070799],[105.290412902832088,19.700754165649318],[105.292907714843821,19.713253021240188],[105.192077636718878,19.71492004394522],[105.131240844726705,19.744920730590735],[105.035408020019588,19.756587982177635],[105.022079467773523,19.806587219238207],[104.985412597656378,19.823253631591701],[104.929580688476648,19.788253784179592],[104.798744201660256,19.791587829589744],[104.76457977294929,19.77491950988766],[104.755409240722713,19.74991989135733],[104.723747253418026,19.754920959472603],[104.662910461425852,19.702421188354439],[104.671241760254006,19.684087753295824],[104.645408630371207,19.654920578002869],[104.645408630371207,19.623254776000913],[104.607078552246207,19.634088516235252],[104.560409545898523,19.610754013061452],[104.507911682129034,19.622421264648352],[104.491249084472727,19.654087066650309],[104.462913513183651,19.649921417236275],[104.427078247070398,19.672420501708924],[104.423744201660242,19.700754165649318],[104.401245117187585,19.719087600707933],[104.422912597656364,19.753253936767482],[104.40708160400402,19.821586608886669],[104.433746337890696,19.834087371826129],[104.424575805664119,19.869087219238239],[104.456245422363352,19.929086685180589],[104.415412902832173,19.989919662475501],[104.385414123535242,19.995752334594656],[104.360412597656321,19.960752487182546],[104.302909851074304,19.949087142944236],[104.255416870117273,19.91741943359369],[104.162078857421974,19.923254013061435],[104.132080078125057,19.978252410888601],[104.063751220703224,20.02491950988761],[104.064582824707102,20.075752258300742],[104.023750305175838,20.087419509887642],[103.994583129882884,20.128252029418906],[103.982078552246165,20.185752868652255],[103.95124816894544,20.199085235595685],[103.962081909179787,20.260751724243068],[103.919578552246222,20.298252105712859],[103.884582519531378,20.314918518066353],[103.879585266113367,20.296585083007738],[103.809585571289148,20.268251419067344],[103.768745422363352,20.319917678832947],[103.694580078125099,20.319084167480387],[103.655418395996222,20.362417221069244],[103.539581298828196,20.420751571655241],[103.51291656494152,20.469917297363253],[103.439582824707145,20.404085159301658],[103.434585571289134,20.389917373657166],[103.451248168945455,20.380750656127859],[103.382080078125114,20.318250656127915],[103.382919311523537,20.280752182006804],[103.332916259765696,20.254465757697563],[103.230415344238367,20.400217999937279],[103.237915039062557,20.419084548950121],[103.2023097338692,20.446868987362524],[103.219078627868882,20.574865531128776],[103.276252746582088,20.603250503539975],[103.302085876464972,20.589084625244073],[103.325416564941506,20.599082946777262],[103.344581604004006,20.63241767883293],[103.263045559461347,20.72825050353995],[103.302085876464972,20.747415542602447],[103.258750915527443,20.779083251953082],[103.264587402343864,20.823249816894499],[103.190124173479575,20.842416763305586],[103.087921142578196,20.938249588012606],[103.079582214355597,20.970748901367124],[103.15958404541027,21.060749053954989],[103.157920837402415,21.116580963134716],[103.181251525879034,21.139081954955955],[103.14353447742738,21.158248901367131],[103.144847845945321,21.172510375549173],[103.162492612449043,21.254915237426712],[103.194587707519645,21.281581878662074],[103.174583435058736,21.292413711547823],[103.172672360912955,21.384080886840721],[103.187919616699347,21.436580657958885],[103.177917480468878,21.486579895019457],[103.105415344238395,21.614080429077113],[103.151252746582117,21.640747070312475],[103.257919311523565,21.657413482665969],[103.264587402343864,21.680885314941282]]]]}},
{"type":"Feature","properties":{},"geometry":{"type":"MultiPolygon","coordinates":[[[[105.952903747558622,18.806451797485305],[105.966239929199318,18.796590805053629],[105.966239929199318,18.789924621581914],[105.956237792968778,18.794923782348508],[105.952903747558622,18.806451797485305]]],[[[105.768737792968864,18.801591873168814],[105.782905578613352,18.801591873168814],[105.771240234375043,18.795757293701069],[105.768737792968864,18.801591873168814]]],[[[105.907905578613324,19.320755004882709],[105.912910461425867,19.319087982177678],[105.907905578613324,19.318256378173707],[105.907905578613324,19.320755004882709]]],[[[105.899574279785256,19.327423095703015],[105.896240234375099,19.324089050292862],[105.897903442382869,19.327423095703015],[105.899574279785256,19.327423095703015]]],[[[105.887908935546946,19.335756301879762],[105.891242980957102,19.33408927917473],[105.888740539550824,19.33408927917473],[105.887908935546946,19.335756301879762]]],[[[105.898742675781293,19.342422485351477],[105.90373992919929,19.346588134765511],[105.90540313720706,19.340755462646356],[105.898742675781293,19.342422485351477]]],[[[105.876243591308636,19.352422714233345],[105.879570007324247,19.351589202880785],[105.878738403320369,19.349922180175664],[105.876243591308636,19.352422714233345]]],[[[105.871238708496179,19.359088897704972],[105.874572753906335,19.355754852294819],[105.870407104492216,19.356588363647379],[105.871238708496179,19.359088897704972]]],[[[105.90540313720706,19.3699226379394],[105.910408020019602,19.368255615234279],[105.910408020019602,19.366588592529247],[105.90540313720706,19.3699226379394]]],[[[105.92874145507821,19.384782791137582],[105.938743591308665,19.376588821411026],[105.935409545898523,19.34575462341304],[105.912071228027443,19.3699226379394],[105.92874145507821,19.384782791137582]]],[[[106.014572143554773,18.264093399047802],[105.999572753906307,18.209093093872045],[106.014572143554773,18.170761108398374],[106.038742065429815,18.148260116577045],[106.066238403320384,18.157426834106353],[106.102073669433636,18.119092941284091],[106.076240539550923,18.116594314575089],[106.062904357910227,18.092426300048729],[106.026237487793082,18.099927902221594],[106.002075195312585,18.081594467162979],[105.944572448730554,18.074094772338793],[105.930404663086065,18.089927673339815],[105.892906188964957,18.050760269164993],[105.870407104492301,18.052427291870025],[105.890403747558679,18.035760879516531],[105.886238098144645,18.011594772338761],[105.818740844726605,18.038261413574123],[105.778739929199318,18.017427444457915],[105.731239318847742,18.03492736816397],[105.679573059082145,17.929927825927642],[105.622909545898537,17.929927825927642],[105.643737792968793,17.992427825927674],[105.615409851074261,18.012428283691321],[105.595405578613338,18.003261566162013],[105.570411682128963,18.083259582519421],[105.540405273437585,18.08242797851554],[105.536239624023466,18.117427825927649],[105.506240844726634,18.124094009399364],[105.497077941894588,18.197425842285057],[105.431243896484403,18.217426300048704],[105.414573669433636,18.161594390869066],[105.387856121470648,18.172501527533761],[105.32624053955081,18.211593627929638],[105.328742980957074,18.264926910400273],[105.26047833557493,18.259925842285089],[105.242912292480511,18.29659271240223],[105.184577941894602,18.333226986277932],[105.197074890136804,18.382425308227472],[105.151245117187528,18.389093399047777],[105.136064014937659,18.416591644287021],[105.14457702636723,18.600757598876875],[105.162910461425838,18.615758895873928],[105.188743591308636,18.602424621581907],[105.19290924072277,18.638257980346577],[105.139579772949304,18.680757522582962],[105.133743286132884,18.714923858642511],[105.117073059082117,18.699924468994048],[105.075403505308941,18.704925537109322],[105.017913818359403,18.743257522582905],[104.941246032714872,18.749347598147018],[104.922912597656349,18.78575706481929],[104.856246948242287,18.77492523193354],[104.736244201660227,18.810257105452258],[104.711242675781307,18.837423324584893],[104.676246643066463,18.837423324584893],[104.628746032714886,18.888257980346616],[104.578742980957145,18.908394682572641],[104.530410766601605,18.985757827758668],[104.51290893554696,18.981590270996044],[104.485412597656307,19.005756378173725],[104.468826299276841,18.98825645446767],[104.402076721191477,19.038257598876832],[104.403747558593778,19.055757522582887],[104.31040954589848,19.089090347289964],[104.302078247070412,19.113256454467646],[104.280410766601648,19.120756149291921],[104.172080993652443,19.106590270996019],[104.152915954589943,19.117422103881768],[104.134582519531321,19.089090347289964],[104.109580993652401,19.087423324584844],[104.07446212079266,19.014661325792307],[103.896247863769602,19.008256912231317],[103.803817129597903,19.124090194702074],[103.800415039062571,19.148256301879755],[103.766250610351619,19.1708059715797],[103.764579772949318,19.2032566070556],[103.678749084472756,19.253255844116083],[103.667083740234446,19.278255462646413],[103.616249084472727,19.28855429704797],[103.616249084472727,19.308256149291928],[103.589202675084252,19.304088592529215],[103.496246337890668,19.358695606980984],[103.509582519531278,19.378255844116147],[103.465415954589943,19.377422332763587],[103.327867585161357,19.449153578919724],[103.389587402343835,19.562421798706001],[103.395416259765724,19.644086837768441],[103.382919311523537,19.648254394531154],[103.389587402343835,19.668254852294801],[103.367080688476648,19.672420501708924],[103.382919311523537,19.718547626044995],[103.466247558593821,19.736028118884089],[103.497917175293054,19.719087600707933],[103.548751831054773,19.735754013061428],[103.584579467773494,19.721588134765526],[103.620414733886761,19.729921340942273],[103.623748779296903,19.76325416564935],[103.643003069224235,19.794086456298746],[103.677917480468778,19.800754547119052],[103.679580688476634,19.833253860473569],[103.699584960937557,19.840753555297756],[103.707084655761832,19.875753402709865],[103.697082519531278,19.928253173828029],[103.643753051757912,19.924085617065316],[103.607086181640682,19.954086303710831],[103.619583129882869,19.922420501708874],[103.586843934253153,19.917009970920233],[103.491881361475407,20.003795194019872],[103.467086791992244,20.091371772806625],[103.492080688476634,20.096586227416861],[103.473747253418011,20.166585922241079],[103.453750610351634,20.181585311889542],[103.427085876464957,20.171585083007763],[103.361251831054773,20.228824850794783],[103.372085571289105,20.240751266479421],[103.357086181640739,20.274084091186499],[103.382919311523537,20.280752182006804],[103.382080078125114,20.318250656127915],[103.451248168945455,20.380750656127859],[103.434585571289134,20.389917373657166],[103.439582824707145,20.404085159301658],[103.51291656494152,20.469917297363253],[103.539581298828196,20.420751571655241],[103.655418395996222,20.362417221069244],[103.694580078125099,20.319084167480387],[103.768745422363352,20.319917678832947],[103.809585571289148,20.268251419067344],[103.879585266113367,20.296585083007738],[103.884582519531378,20.314918518066353],[103.919578552246222,20.298252105712859],[103.962081909179787,20.260751724243068],[103.95124816894544,20.199085235595685],[103.982078552246165,20.185752868652255],[103.994583129882884,20.128252029418906],[104.023750305175838,20.087419509887642],[104.064582824707102,20.075752258300742],[104.06541442871108,20.022418975830018],[104.131248474121179,19.979085922241161],[104.173744201660284,19.91825294494625],[104.264579772949304,19.919919967651282],[104.302909851074304,19.949087142944236],[104.360412597656321,19.960752487182546],[104.376243591308665,19.991586685180621],[104.415412902832173,19.989919662475501],[104.456245422363352,19.929086685180589],[104.424575805664119,19.869087219238239],[104.433746337890696,19.834087371826129],[104.40708160400402,19.821586608886669],[104.422912597656364,19.753253936767482],[104.401245117187585,19.719087600707933],[104.423744201660242,19.700754165649318],[104.427078247070398,19.672420501708924],[104.462913513183651,19.649921417236275],[104.491249084472727,19.654087066650309],[104.527076721191534,19.613254547119045],[104.560409545898523,19.610754013061452],[104.607078552246207,19.634088516235252],[104.645408630371207,19.623254776000913],[104.645408630371207,19.654920578002869],[104.671241760254006,19.684087753295824],[104.662910461425852,19.702421188354439],[104.723747253418026,19.754920959472603],[104.755409240722713,19.74991989135733],[104.76457977294929,19.77491950988766],[104.798744201660256,19.791587829589744],[104.872077941894631,19.795753479003867],[104.897911071777429,19.781587600707965],[104.985412597656378,19.823253631591701],[105.022079467773523,19.806587219238207],[105.035408020019588,19.756587982177635],[105.131240844726705,19.744920730590735],[105.192077636718878,19.71492004394522],[105.292907714843821,19.713253021240188],[105.290412902832088,19.700754165649318],[105.342079162597784,19.65658760070799],[105.358741760254006,19.65658760070799],[105.367073059082159,19.706586837768473],[105.427909851074347,19.691587448120099],[105.464576721191477,19.639087677001935],[105.435409545898523,19.621587753295881],[105.423744201660213,19.591587066650366],[105.432075500488381,19.535755157470639],[105.420410156250071,19.531587600707926],[105.420410156250071,19.48908805847163],[105.481239318847798,19.504920959472564],[105.516242980957088,19.462421417236268],[105.576240539550852,19.512420654296839],[105.580406188964972,19.496587753295817],[105.560409545898509,19.480754852294883],[105.572906494140696,19.428255081176719],[105.55207824707044,19.406587600707951],[105.571243286132926,19.37075614929196],[105.582077026367273,19.380754470825149],[105.607910156250071,19.369089126586839],[105.61373901367196,19.420755386352443],[105.676239013671989,19.414089202880817],[105.726242065429744,19.470754623413015],[105.749572753906364,19.47742080688473],[105.739570617675909,19.494920730590785],[105.786239624023509,19.534088134765607],[105.782073974609474,19.577421188354464],[105.798744201660227,19.581588745117088],[105.812072753906307,19.614921569824165],[105.814575195312571,19.426588058471598],[105.796241760253963,19.424921035766477],[105.78373718261723,19.390754699706928],[105.80123901367196,19.339088439941325],[105.813743591308693,19.329088211059457],[105.825408935546918,19.343255996704038],[105.828742980957074,19.304922103881776],[105.814575195312571,19.313255310058523],[105.806243896484418,19.273256301879819],[105.78373718261723,19.274923324584851],[105.772911071777429,19.234088897704996],[105.757072448730554,19.224088668823129],[105.749572753906278,19.239089965820181],[105.737075805664176,19.218255996703974],[105.738739013671932,19.104089736938427],[105.712905883789134,19.103256225585866],[105.692909240722756,19.081590652465689],[105.674575805664134,19.097423553466712],[105.655410766601648,19.086589813232372],[105.61373901367196,18.983257293701076],[105.636238098144602,18.898256301879805],[105.720405578613324,18.849090576171793],[105.708740234375099,18.829923629760618],[105.759574890136818,18.768257141113235],[105.735404968261776,18.74909210205065],[105.747909545898509,18.720758438110256],[105.750404357910242,18.751590728759652],[105.777076721191463,18.758256912231367],[105.826240539550881,18.597425460815312],[105.922073364257912,18.454092025756722],[105.888740539550824,18.397426605224524],[105.919570922851634,18.414093017578018],[105.93040466308598,18.462425231933469],[105.942909240722699,18.472425460815337],[105.982910156250085,18.395759582519403],[105.97123718261733,18.366592407226538],[106.010406494140739,18.331592559814428],[105.997909545898551,18.273260116577109],[106.014572143554773,18.264093399047802]],[[106.008743286132884,18.264093399047802],[106.007904052734474,18.263259887695241],[106.008743286132884,18.263259887695241],[106.008743286132884,18.264093399047802]]]]}},
{"type":"Feature","properties":{},"geometry":{"type":"MultiPolygon","coordinates":[[[[107.33039855957044,17.157430648803643],[107.349571228027472,17.157430648803643],[107.344566345214929,17.149930953979457],[107.33039855957044,17.157430648803643]]],[[[106.492073059082117,17.913261413574148],[106.497901916503906,17.907428741454993],[106.494567871093849,17.906595230102432],[106.492073059082117,17.913261413574148]]],[[[106.668739318847784,17.913261413574148],[106.672904968261818,17.910760879516555],[106.668739318847784,17.911594390869116],[106.668739318847784,17.913261413574148]]],[[[106.526237487792983,17.931594848632763],[106.53540802001956,17.936594009399357],[106.534568786621136,17.931594848632763],[106.526237487792983,17.931594848632763]]],[[[106.523735046386804,17.944927215576104],[106.517074584961037,17.94076156616207],[106.517074584961037,17.943260192870984],[106.523735046386804,17.944927215576104]]],[[[106.453735351562585,18.103260040283157],[106.464569091796918,18.101593017578036],[106.45207214355473,18.099094390869034],[106.453735351562585,18.103260040283157]]],[[[106.007904052734474,18.264093399047802],[106.008743286132884,18.263259887695241],[106.007904052734474,18.263259887695241],[106.007904052734474,18.264093399047802]]],[[[106.115402221679801,18.280759811401296],[106.119575500488281,18.281593322753857],[106.118736267089858,18.279092788696264],[106.115402221679801,18.280759811401296]]],[[[106.163742065429787,18.313259124755813],[106.16623687744152,18.30909347534169],[106.16457366943358,18.308259963989219],[106.163742065429787,18.313259124755813]]],[[[106.008743286132884,18.264093399047802],[105.997909545898551,18.276592254638583],[106.010406494140739,18.331592559814428],[105.967903137207173,18.374092102050724],[105.982910156250085,18.394926071166932],[106.113739013671946,18.271593093871989],[106.110404968261705,18.258260726928647],[106.160408020019545,18.268259048461836],[106.252906799316506,18.215759277343672],[106.357070922851591,18.112426757812464],[106.337074279785213,18.113260269164936],[106.337074279785213,18.079093933105387],[106.362068176269503,18.109094619750902],[106.400405883789034,18.099094390869034],[106.413734436035199,18.124927520751925],[106.435401916503878,18.123260498046804],[106.422073364257898,18.090761184692287],[106.437904357910242,18.052427291870025],[106.515403747558736,17.94076156616207],[106.482070922851562,17.919927597045863],[106.444572448730455,17.849927902221644],[106.489570617675753,17.705762863159084],[106.442070007324361,17.714929580688391],[106.435401916503878,17.735761642456009],[106.430404663086051,17.719928741454986],[106.451240539550852,17.707427978515526],[106.496238708496236,17.703262329101491],[106.626235961914034,17.496595382690398],[106.624572753906364,17.469928741455035],[106.638740539550767,17.428262710571211],[106.632904052734432,17.485763549804648],[106.70540618896483,17.395763397216694],[106.83623504638669,17.276597976684464],[107.117904663086051,17.086597442626864],[107.100402832031222,16.99826431274403],[107.112899780273509,17.014930725097614],[107.192070007324304,16.908266067504844],[107.159568786621193,16.882432937622042],[107.172065734863295,16.889099121093668],[107.18206787109375,16.874931335449176],[107.178733825683693,16.893264770507702],[107.19956970214858,16.90326499938957],[107.320404052734517,16.790765762329055],[107.622901916503949,16.565767288207937],[107.456230163574205,16.657432556152244],[107.42539978027358,16.654932022094652],[107.434570312500071,16.624933242797816],[107.417068481445327,16.601600646972607],[107.387901306152372,16.599100112915014],[107.392066955566506,16.564100265502905],[107.333732604980497,16.53493309020995],[107.329566955566463,16.501600265502873],[107.352066040039205,16.469934463500916],[107.342071533203196,16.451601028442301],[107.295402526855597,16.432434082031214],[107.282066345214986,16.444101333618114],[107.264564514160256,16.42660140991206],[107.217071533203224,16.449934005737269],[107.145401000976705,16.433267593383775],[107.152900695800795,16.38993453979483],[107.113739013672017,16.37993431091305],[107.102066040039077,16.39160156249995],[107.087905883789034,16.31501414767698],[107.047065734863409,16.299100875854403],[107.003121166633136,16.312435150146424],[106.88456726074223,16.412433624267479],[106.872407364679816,16.435766220092688],[106.887901306152386,16.449934005737269],[106.877067565917955,16.469100952148356],[106.886238098144531,16.52160072326652],[106.823738098144503,16.55826759338375],[106.803792183790819,16.554933547973597],[106.759567260742259,16.626600265502848],[106.646234414960489,16.715766906738242],[106.659723092803432,16.869932174682582],[106.692070007324219,16.884098052978484],[106.682067871093764,16.909931182861285],[106.701240539550795,16.940765380859272],[106.693733215332074,16.955764770507734],[106.661239624023509,16.937431335449119],[106.606239318847656,16.9399318695068],[106.587905883789134,16.989931106567283],[106.545402526855568,16.999097824096591],[106.52806690340158,16.978265762329062],[106.42707061767581,17.009502413722814],[106.402069091796889,17.051597595214755],[106.413734436035199,17.079097747802678],[106.352073669433679,17.147430419921776],[106.326313279917144,17.155763626098523],[106.28821257596806,17.22492980957027],[106.32456970214848,17.217430114745994],[106.333740234374972,17.229097366332983],[106.30540466308608,17.257431030273377],[106.302070617675923,17.296596527099521],[106.275405883789062,17.296596527099521],[106.280403137207159,17.269929885864158],[106.262069702148452,17.254808799002323],[106.008211467173084,17.433666283430863],[105.980407714843722,17.461595535278288],[105.998741149902429,17.488262176513562],[105.957908630371165,17.491596221923803],[105.962905883789077,17.514928817748924],[105.937072753906278,17.515762329101484],[105.947074890136733,17.53492927551266],[105.912071228027358,17.539928436279254],[105.877906799316492,17.581131858342495],[105.883743286132912,17.591596603393448],[105.871238708496094,17.590638519792549],[105.887077331543068,17.624095916747965],[105.853736877441449,17.619928359985252],[105.806243896484418,17.659095764160075],[105.794570922851662,17.652429580688448],[105.782073974609375,17.676595687866129],[105.748741149902386,17.677700730673166],[105.729576110839986,17.744094848632756],[105.675407409668111,17.798043172717829],[105.683738708496179,17.834928512573182],[105.643335155950041,17.859928131103423],[105.622909545898537,17.929927825927642],[105.679573059082145,17.929927825927642],[105.729576110839986,18.034093856811499],[105.778739929199318,18.017427444457915],[105.818740844726605,18.038261413574123],[105.886238098144645,18.011594772338761],[105.890403747558679,18.035760879516531],[105.870407104492301,18.052427291870025],[105.892906188964957,18.050760269164993],[105.930404663086065,18.089927673339815],[105.944572448730554,18.074094772338793],[106.002075195312585,18.081594467162979],[106.026237487793082,18.099927902221594],[106.062904357910227,18.092426300048729],[106.076240539550923,18.116594314575089],[106.102905273437614,18.119926452636651],[106.066238403320384,18.157426834106353],[106.038742065429815,18.148260116577045],[106.014572143554773,18.170761108398374],[105.999572753906307,18.206592559814364],[106.012908935546918,18.2265930175781],[106.008743286132884,18.264093399047802]]]]}},
{"type":"Feature","properties":{},"geometry":{"type":"MultiPolygon","coordinates":[[[[108.197898864746165,16.213268280029251],[108.211227416992244,16.221601486205998],[108.207901000976619,16.209934234619098],[108.197898864746165,16.213268280029251]]],[[[107.662063598632912,16.557294845580998],[107.915397644043026,16.361600875854435],[107.910400390625114,16.348266601562415],[107.889564514160213,16.341600418090788],[107.856231689453239,16.358266830444283],[107.849563598632841,16.346601486205973],[107.829566955566463,16.382434844970643],[107.742897033691477,16.470766067504798],[107.739562988281321,16.489933013915973],[107.65872955322267,16.544099807739169],[107.662063598632912,16.557294845580998]]],[[[107.617897033691506,16.559932708740192],[107.622901916503949,16.555767059326158],[107.617897033691506,16.559099197387631],[107.617897033691506,16.559932708740192]]],[[[107.627067565917983,16.565767288207937],[107.654563903808636,16.560766220092752],[107.657897949218793,16.553266525268477],[107.627067565917983,16.565767288207937]]],[[[107.437065124511804,16.638959884643526],[107.561233520507898,16.570766448974531],[107.588729858398452,16.579933166503839],[107.623733520507841,16.552433013916005],[107.61039733886723,16.54576683044429],[107.644569396972727,16.554100036621037],[107.627067565917983,16.516599655151335],[107.652900695800881,16.518266677856367],[107.647903442382869,16.489933013915973],[107.684562683105568,16.519100189208928],[107.842063903808651,16.354101181030249],[107.831230163574304,16.336601257324194],[107.779563903808622,16.388267517089798],[107.777900695800852,16.349100112914975],[107.79039764404304,16.354101181030249],[107.793731689453196,16.314100265502866],[107.816230773925852,16.290767669677656],[107.86206817626956,16.297433853149371],[107.864562988281307,16.277435302734315],[107.905395507812557,16.28410148620603],[107.922065734863324,16.35493469238272],[107.997062683105554,16.313266754150305],[108.024566650390653,16.324100494384734],[108.019561767578196,16.344934463500941],[108.034561157226662,16.336601257324194],[108.090400695800838,16.225767135620032],[108.048728942871151,16.264101028442294],[108.035400390625085,16.257434844970668],[108.040397644042997,16.229934692382745],[108.195396423339901,16.210767745971658],[108.154563903808636,16.189102172851481],[108.154563903808636,16.161602020263647],[108.137901306152401,16.161602020263647],[108.124565124511804,16.122434616088825],[108.167900085449247,16.079935073852528],[108.198730468750057,16.073268890380813],[108.218727111816435,16.090768814086868],[108.233734130859432,16.031602859496989],[108.214561462402401,16.022436141967681],[108.19956207275402,16.046602249145451],[108.165397644043054,16.027435302734364],[108.140396118164148,16.034101486205991],[108.127899169921946,16.066602706909098],[108.091232299804716,16.052434921264606],[108.029563903808651,16.076601028442287],[107.946235656738367,16.061601638793913],[107.901229858398523,16.034934997558551],[107.867065429687571,16.059934616088793],[107.818733215332117,16.05743598937979],[107.824562072754006,16.0691013336181],[107.819564819335994,16.084102630615153],[107.777900695800852,16.076601028442287],[107.770401000976662,16.052434921264606],[107.727066040039134,16.031602859496989],[107.705398559570369,15.994935989379847],[107.620399475097685,16.032436370849549],[107.620399475097685,16.064102172851506],[107.553733825683707,16.044935226440419],[107.548736572265696,16.010768890380781],[107.510398864746165,16.016601562499936],[107.492065429687557,16.040769577026296],[107.458732604980568,16.028268814086836],[107.447067260742259,16.039102554321264],[107.461235046386747,16.072435379028253],[107.452903747558679,16.088268280029276],[107.403732299804716,16.07541990552868],[107.351234436035242,16.16410064697256],[107.246231079101634,16.274072402461218],[107.252067565918068,16.300767898559524],[107.211235046386804,16.33160018920892],[107.221237182617259,16.363267898559556],[107.152069091796918,16.37993431091305],[107.140403747558693,16.405767440795852],[107.144569396972727,16.432434082031214],[107.177902221679716,16.447433471679677],[107.217071533203224,16.449934005737269],[107.264564514160256,16.42660140991206],[107.282066345214986,16.444101333618114],[107.295402526855597,16.432434082031214],[107.342071533203196,16.451601028442301],[107.352066040039205,16.469934463500916],[107.329566955566463,16.501600265502873],[107.333732604980497,16.53493309020995],[107.363731384277429,16.559932708740192],[107.388732910156349,16.559932708740192],[107.387901306152372,16.599100112915014],[107.417068481445327,16.601600646972607],[107.437065124511804,16.638959884643526]]]]}},
{"type":"Feature","properties":{},"geometry":{"type":"MultiPolygon","coordinates":[[[[108.688728332519588,15.499104499816777],[108.68622589111331,15.500770568847603],[108.690399169921974,15.501604080200075],[108.688728332519588,15.499104499816777]]],[[[108.689559936523551,15.811602592468169],[108.697898864746151,15.814936637878322],[108.697059631347742,15.810770034789993],[108.689559936523551,15.811602592468169]]],[[[108.542892456054716,15.9141025543212],[108.542060852050838,15.902436256408595],[108.531227111816492,15.904102325439332],[108.542892456054716,15.9141025543212]]],[[[108.470397949218864,15.934102058410552],[108.475395202636776,15.930768966674695],[108.470397949218864,15.932435989379815],[108.470397949218864,15.934102058410552]]],[[[108.47789764404304,15.947435379028278],[108.482063293457074,15.939102172851442],[108.47789764404304,15.937436103820705],[108.47789764404304,15.947435379028278]]],[[[108.420394897461023,15.972435951232814],[108.424560546875057,15.973269462585375],[108.423728942871165,15.970768928527782],[108.420394897461023,15.972435951232814]]],[[[108.50456237792973,15.979796409606809],[108.538726806640682,15.957435607910057],[108.540397644043082,15.922435760497947],[108.482894897461051,15.964102745056067],[108.50456237792973,15.979796409606809]]],[[[108.442062377929787,15.973269462585375],[108.452896118164119,15.974935531616111],[108.446228027343821,15.966602325439364],[108.442062377929787,15.973269462585375]]],[[[108.222900390625085,16.102436065673768],[108.224563598632855,16.100769042968647],[108.225395202636818,16.099935531616087],[108.223731994628963,16.099935531616087],[108.222900390625085,16.102436065673768]]],[[[108.250396728515653,16.156461715698182],[108.304565429687528,16.124101638793856],[108.317893981933693,16.145769119262624],[108.337898254394602,16.121601104736264],[108.30789947509777,16.095767974853462],[108.257064819336051,16.100769042968647],[108.246231079101619,16.064935684203977],[108.300399780273494,15.94993591308587],[108.390396118164091,15.886602401733278],[108.360397338867259,15.870769500732344],[108.371231079101591,15.863269805908157],[108.350395202636804,15.865769386291454],[108.353729248046946,15.851602554321168],[108.401229858398523,15.873269081115641],[108.422897338867287,15.793270111083938],[108.536231994628949,15.612437248229941],[108.623725891113367,15.510770797729382],[108.652893066406321,15.494104385375888],[108.679565429687543,15.512437820434503],[108.674560546875085,15.48410415649402],[108.692893981933707,15.483270645141548],[108.696228027343864,15.441604614257724],[108.715393066406349,15.41993808746334],[108.695396423339886,15.415771484374922],[108.69206237792973,15.368271827697736],[108.642059326171989,15.368271827697736],[108.527061462402372,15.320771217346167],[108.502059936523551,15.325771331787056],[108.48539733886723,15.308271408081001],[108.438728332519631,15.311605453491154],[108.427894592285199,15.325771331787056],[108.402893066406278,15.300771713256815],[108.365394592285256,15.298272132873517],[108.380393981933636,15.236605644226046],[108.321228027343835,15.259938240051255],[108.285400390625028,15.244938850402793],[108.268730163574276,15.259938240051255],[108.210395812988367,15.230772018432596],[108.220397949218821,15.161605834960938],[108.200401306152443,15.089105606079038],[108.211227416992244,15.074106216430664],[108.190399169921989,15.050772666931071],[108.171234130859489,15.062438964843675],[108.14956665039071,15.050772666931071],[108.152061462402457,15.004106521606445],[108.17039489746098,14.980772972106852],[108.127067565918068,14.939980849139015],[108.037063598632926,14.995773315429609],[107.972068786621165,15.012439727783104],[107.957901000976676,15.037439346313434],[107.947067260742244,15.019044203353719],[107.892898559570369,15.0278969076215],[107.877899169922003,15.05577278137196],[107.867897033691548,15.034106254577576],[107.851728499586542,15.039939880371026],[107.76444989993476,15.178272247314343],[107.773735046386818,15.22327232360832],[107.725402832031364,15.205772399902266],[107.702896118164091,15.218517759664167],[107.687896728515724,15.234938621520925],[107.685401916503992,15.284105300903231],[107.627067565918082,15.333271980285538],[107.614562988281349,15.328271865844648],[107.597068786621151,15.380771636962812],[107.613731384277372,15.401604652404725],[107.559570312500043,15.396604537963746],[107.519569396972742,15.427436833314271],[107.517898559570355,15.488270759582438],[107.497070312500099,15.477437973022393],[107.487068176269645,15.492437362670856],[107.427615043565666,15.500498569173352],[107.348731994628963,15.577437400817832],[107.352066040039119,15.60993671417226],[107.317070007324276,15.639103889465215],[107.294244908248942,15.632436752319293],[107.267066955566435,15.674767608410804],[107.277069091796989,15.708270072936962],[107.232827154094906,15.728097604441874],[107.25540161132821,15.848269462585399],[107.348810017031013,15.894103050231848],[107.398735046386804,15.894103050231848],[107.428733825683636,15.930768966674695],[107.443733215332102,15.990769386291429],[107.487068176269645,16.040769577026296],[107.510398864746165,16.016601562499936],[107.548736572265696,16.010768890380781],[107.553733825683707,16.044935226440419],[107.620399475097685,16.064102172851506],[107.620399475097685,16.032436370849549],[107.705398559570369,15.994935989379847],[107.727066040039134,16.031602859496989],[107.770401000976662,16.052434921264606],[107.777900695800852,16.076601028442287],[107.820396423339886,16.084102630615153],[107.818733215332117,16.05743598937979],[107.867065429687571,16.059934616088793],[107.901229858398523,16.034934997558551],[107.946235656738367,16.061601638793913],[108.029563903808651,16.076601028442287],[108.091232299804716,16.052434921264606],[108.127899169921946,16.066602706909098],[108.140396118164148,16.034101486205991],[108.166229248046946,16.027435302734364],[108.200401306152443,16.046602249145451],[108.214561462402401,16.022436141967681],[108.23456573486331,16.024101257324123],[108.222900390625085,16.094934463500902],[108.23456573486331,16.089935302734307],[108.242065429687585,16.106601715087802],[108.212066650390653,16.123268127441296],[108.250396728515653,16.156461715698182]],[[107.676361083984474,15.680809020996026],[107.676231384277415,15.680808067321731],[107.848587036132898,15.674060821533157],[107.676361083984474,15.680809020996026]],[[107.849563598632926,15.674103736877324],[107.848731994628963,15.674056133470952],[107.849563598632926,15.67402362823476],[107.849563598632926,15.674103736877324]],[[107.664566040039105,15.654799461364636],[107.665397644043068,15.654936790466238],[107.664566040039105,15.654936790466238],[107.664566040039105,15.654799461364636]],[[107.665527343750043,15.654735565185444],[107.879402160644631,15.640780448913464],[107.879417419433622,15.640780448913464],[107.665527343750043,15.654735565185444]],[[107.879440307617244,15.640778541564874],[107.879562377929759,15.640763282775797],[107.879432678222699,15.640779495239169],[107.879440307617244,15.640778541564874]]]]}},
{"type":"Feature","properties":{},"geometry":{"type":"MultiPolygon","coordinates":[[[[109.092895507812557,15.38327121734611],[109.144561767578153,15.38493824005123],[109.123725891113352,15.369104385375913],[109.092895507812557,15.38327121734611]]],[[[108.772895812988295,15.393271446227978],[108.769561767578139,15.390770912170385],[108.769561767578139,15.392437934875417],[108.772895812988295,15.393271446227978]]],[[[109.077064514160213,15.432437896728505],[109.088729858398523,15.427437782287527],[109.07622528076179,15.427437782287527],[109.077064514160213,15.432437896728505]]],[[[108.774559020996151,15.385910987853983],[108.806228637695369,15.400771141052164],[108.79456329345706,15.417437553405748],[108.797897338867216,15.426604270935055],[108.811225891113281,15.412438392639153],[108.826225280761747,15.41993808746334],[108.829559326171903,15.374104499816891],[108.849563598632812,15.349938392639121],[108.872062683105554,15.352437973022418],[108.863731384277401,15.338271141052221],[108.883728027343778,15.329105377197209],[108.869560241699276,15.302438735961847],[108.877059936523466,15.284938812255792],[108.909561157226577,15.248271942138651],[108.942062377929773,15.244105339050233],[108.935394287109375,15.215771675109838],[108.895393371582088,15.194105148315366],[108.898727416992244,15.148272514343212],[108.872062683105554,15.15160560607907],[108.872062683105554,15.134939193725575],[108.897064208984389,15.142438888549762],[108.931228637695341,14.980772972106852],[109.035392761230526,14.768274307250898],[109.01456451416027,14.744107246398922],[109.017059326171989,14.71744060516356],[108.968727111816548,14.669940948486285],[108.885391235351619,14.741607666015625],[108.789558410644602,14.734107017517054],[108.760398864746193,14.668273925781254],[108.757064819336037,14.594107627868617],[108.736228942871151,14.58577442169187],[108.707061767578196,14.614108085632264],[108.681228637695398,14.609107971191374],[108.677062988281364,14.584108352661133],[108.622894287109489,14.542441368103013],[108.595397949218835,14.55660820007321],[108.599563598632869,14.59744167327877],[108.547897338867259,14.589941024780199],[108.517898559570426,14.570775032043407],[108.522895812988338,14.558274269103947],[108.488731384277472,14.545774459838871],[108.426231384277443,14.559941291809068],[108.407897949218821,14.59744167327877],[108.381233215332145,14.611607551574672],[108.380393981933722,14.665774345397868],[108.367065429687557,14.679941177368153],[108.335435404425837,14.672440528869494],[108.287895202636761,14.758055530650974],[108.297065734863338,14.81243991851802],[108.261230468750085,14.806075967108971],[108.186537039037987,14.883273124694711],[108.18039703369152,14.920773506164501],[108.197898864746165,14.965772628784183],[108.152061462402457,15.004106521606445],[108.147064208984446,15.046606063842741],[108.169563293457088,15.062438964843675],[108.190399169921989,15.050772666931071],[108.210395812988367,15.071605682372983],[108.200401306152443,15.12160587310785],[108.221229553222699,15.179105758666992],[108.208732604980511,15.229104995727475],[108.268730163574276,15.259938240051255],[108.285400390625028,15.244938850402793],[108.321228027343835,15.259938240051255],[108.380393981933636,15.236605644226046],[108.365394592285256,15.298272132873517],[108.402893066406278,15.300771713256815],[108.427894592285199,15.325771331787056],[108.438728332519631,15.311605453491154],[108.48539733886723,15.308271408081001],[108.502059936523551,15.325771331787056],[108.527061462402372,15.320771217346167],[108.642059326171989,15.368271827697736],[108.69206237792973,15.368271827697736],[108.697898864746151,15.418271064758219],[108.774559020996151,15.385910987853983]],[[108.777893066406293,15.38410472869867],[108.77539825439456,15.360771179199165],[108.780395507812571,15.359937667846605],[108.777893066406293,15.38410472869867]]]]}},
{"type":"Feature","properties":{},"geometry":{"type":"MultiPolygon","coordinates":[[[[109.26372528076179,13.627445220947191],[109.260391235351648,13.624944686889599],[109.260391235351648,13.627445220947191],[109.26372528076179,13.627445220947191]]],[[[109.343727111816463,13.635639190673746],[109.362892150878963,13.613278388976994],[109.362892150878963,13.604945182800247],[109.339561462402429,13.619945526123004],[109.343727111816463,13.635639190673746]]],[[[109.251228332519602,13.678277969360323],[109.256225585937614,13.680778503417915],[109.256225585937614,13.678277969360323],[109.251228332519602,13.678277969360323]]],[[[109.237060546875114,13.684945106506333],[109.241226196289148,13.682444572448652],[109.237060546875114,13.681612014770476],[109.237060546875114,13.684945106506333]]],[[[109.296226501464901,13.76411151885986],[109.30039215087902,13.765777587890597],[109.30039215087902,13.760777473449707],[109.296226501464901,13.76411151885986]]],[[[109.295394897461023,13.768278121948189],[109.297058105468864,13.770777702331486],[109.297058105468864,13.768278121948189],[109.295394897461023,13.768278121948189]]],[[[109.302062988281321,13.883277893066385],[109.304557800293054,13.877444267272935],[109.302062988281321,13.877444267272935],[109.302062988281321,13.883277893066385]]],[[[109.347061157226619,13.899110794067319],[109.349555969238352,13.895777702331461],[109.347892761230597,13.89494419097899],[109.347061157226619,13.899110794067319]]],[[[109.317893981933665,13.904944419860769],[109.316223144531364,13.899110794067319],[109.317062377929787,13.904944419860769],[109.317893981933665,13.904944419860769]]],[[[109.293724060058722,14.139943122863755],[109.296226501464901,14.136610031127898],[109.292060852050867,14.136610031127898],[109.293724060058722,14.139943122863755]]],[[[109.206230163574304,14.25244235992427],[109.210395812988338,14.249942779540973],[109.207061767578182,14.249109268188413],[109.206230163574304,14.25244235992427]]],[[[109.036224365234489,14.766468048095675],[109.077896118164176,14.704107284545834],[109.083724975586065,14.667441368102988],[109.064559936523565,14.652441024780231],[109.082893371582088,14.579941749572715],[109.067893981933722,14.565774917602518],[109.092895507812642,14.484107971191399],[109.12455749511733,14.446608543395993],[109.123725891113352,14.369941711425763],[109.187057495117273,14.281609535217225],[109.179557800293082,14.268276214599588],[109.202896118164148,14.231609344482358],[109.182060241699361,14.224943161010732],[109.183723449707117,14.194942474365217],[109.205390930175881,14.142442703247053],[109.227890014648537,14.134943008422777],[109.202896118164148,14.128276824951151],[109.174560546875085,14.174942970275865],[109.162895202636861,14.154943466186513],[109.174560546875085,14.124942779540998],[109.207061767578182,14.125776290893558],[109.222892761230526,14.063276290893526],[109.252891540527457,14.021610260009702],[109.259559631347756,13.962443351745527],[109.243728637695412,13.940776824951143],[109.275390625000099,13.891611099243132],[109.294563293457145,13.897443771362287],[109.299560546875057,13.827444076538068],[109.286224365234446,13.809110641479453],[109.289558410644588,13.754944801330552],[109.253723144531335,13.75827789306641],[109.253723144531335,13.784944534301683],[109.279556274414134,13.793277740478519],[109.278724670410256,13.810777664184574],[109.267890930175923,13.799111366271969],[109.251228332519602,13.811611175537045],[109.257896423339901,13.828277587890629],[109.247894287109446,13.867444038391067],[109.251228332519602,13.847444534301715],[109.226226806640682,13.85994434356688],[109.224563598632926,13.784944534301683],[109.25205993652358,13.768278121948189],[109.215393066406335,13.749111175537102],[109.225395202636804,13.69744491577141],[109.156227111816463,13.678277969360323],[109.152893066406307,13.637445449829059],[109.127891540527486,13.630778312683049],[109.12039184570321,13.606612205505368],[109.071228027343864,13.634111404418906],[109.069557189941477,13.600778579711918],[109.046226501464957,13.594112396240202],[109.052894592285256,13.565778732299808],[109.029563903808722,13.53161239624017],[108.967063903808693,13.520778656005831],[108.942062377929773,13.540779113769478],[108.917060852050852,13.599111557006797],[108.933731079101619,13.635778427124027],[108.917060852050852,13.654111862182553],[108.897064208984474,13.639111518859796],[108.858726501464943,13.644945144653246],[108.858726501464943,13.693278312683081],[108.841224670410213,13.689111709594663],[108.827064514160256,13.720778465270914],[108.834564208984446,13.778277397155762],[108.797897338867301,13.839943885803144],[108.807891845703224,13.84827709197998],[108.742065429687571,13.910777091979924],[108.764564514160227,13.993276596069308],[108.757064819336037,14.037443161010724],[108.697898864746151,14.069943428039537],[108.699562072754006,14.107442855834943],[108.667060852050895,14.114943504333425],[108.653732299804744,14.144943237304645],[108.692893981933707,14.224109649658171],[108.637893676757955,14.268276214599588],[108.602066040039134,14.359942436218191],[108.570396423339915,14.363275527954048],[108.540397644043082,14.316609382629334],[108.472061157226619,14.447442054748464],[108.486228942871207,14.480774879455542],[108.445396423339929,14.514941215515091],[108.451232910156364,14.558274269103947],[108.488731384277472,14.545774459838871],[108.557899475097713,14.594107627868617],[108.60122680664071,14.596608161926209],[108.595397949218835,14.55660820007321],[108.621231079101634,14.542441368103013],[108.677062988281364,14.584108352661133],[108.681228637695398,14.609107971191374],[108.707061767578196,14.614108085632264],[108.736228942871151,14.58577442169187],[108.757064819336037,14.594107627868617],[108.760398864746193,14.668273925781254],[108.789558410644602,14.734107017517054],[108.885391235351619,14.741607666015625],[108.971229553222727,14.669940948486285],[108.975395202636847,14.689107894897461],[109.017059326171989,14.71744060516356],[109.01456451416027,14.744107246398922],[109.036224365234489,14.766468048095675]]]]}},
{"type":"Feature","properties":{},"geometry":{"type":"MultiPolygon","coordinates":[[[[109.390396118164162,12.548282623290953],[109.393722534179773,12.546616554260217],[109.39122772216804,12.545783042907656],[109.390396118164162,12.548282623290953]]],[[[109.446228027343793,12.59744930267326],[109.448722839355526,12.594949722289963],[109.446228027343793,12.595782279968228],[109.446228027343793,12.59744930267326]]],[[[109.302894592285213,12.599948883056557],[109.305389404296932,12.5966157913207],[109.303726196289091,12.5966157913207],[109.302894592285213,12.599948883056557]]],[[[109.306228637695355,12.639115333557084],[109.309562683105511,12.635782241821227],[109.305389404296932,12.635782241821227],[109.306228637695355,12.639115333557084]]],[[[109.292060852050867,12.636615753173787],[109.297058105468778,12.636615753173787],[109.304557800293054,12.634948730468667],[109.292060852050867,12.636615753173787]]],[[[109.320396423339943,12.639809608459453],[109.386222839355497,12.624115943908622],[109.409561157226648,12.549949645996074],[109.302894592285213,12.615782737731875],[109.320396423339943,12.639809608459453]]],[[[109.314559936523523,12.645782470703095],[109.317893981933665,12.640782356262116],[109.315391540527401,12.640782356262116],[109.314559936523523,12.645782470703095]]],[[[109.37372589111331,12.644948959350534],[109.377891540527429,12.645782470703095],[109.377059936523466,12.643282890319798],[109.37372589111331,12.644948959350534]]],[[[109.39289093017581,12.649115562438864],[109.404556274414119,12.650782585143984],[109.402893066406349,12.642449378967237],[109.39289093017581,12.649115562438864]]],[[[109.464561462402415,12.655782699584874],[109.469558715820412,12.651616096496545],[109.465393066406293,12.650782585143984],[109.464561462402415,12.655782699584874]]],[[[109.390396118164162,12.829948425292949],[109.397895812988338,12.831615447997981],[109.39122772216804,12.825781822204531],[109.390396118164162,12.829948425292949]]],[[[109.320396423339943,13.169946670532177],[109.323722839355554,13.166613578796319],[109.319557189941435,13.16744709014888],[109.320396423339943,13.169946670532177]]],[[[109.309562683105511,13.180780410766516],[109.314559936523523,13.17328071594233],[109.310394287109489,13.17328071594233],[109.309562683105511,13.180780410766516]]],[[[109.331230163574276,13.289807319641071],[109.342895507812585,13.283279418945252],[109.341224670410199,13.276613235473537],[109.329559326171974,13.276613235473537],[109.331230163574276,13.289807319641071]]],[[[109.282058715820412,13.379945755004833],[109.279556274414134,13.380779266357393],[109.282058715820412,13.381612777709865],[109.282058715820412,13.379945755004833]]],[[[109.247062683105568,13.395779609680151],[109.241226196289148,13.396613121032622],[109.247062683105568,13.398279190063448],[109.247062683105568,13.395779609680151]]],[[[109.22705841064456,13.420779228210392],[109.230392456054716,13.417446136474535],[109.227890014648537,13.417446136474535],[109.22705841064456,13.420779228210392]]],[[[109.242057800293026,13.474946022033677],[109.239562988281293,13.472445487975996],[109.24039459228527,13.474946022033677],[109.242057800293026,13.474946022033677]]],[[[109.26956176757821,13.523279190063423],[109.272895812988367,13.5241117477416],[109.272895812988367,13.521612167358303],[109.26956176757821,13.523279190063423]]],[[[108.367186192997053,14.585774421691781],[108.407897949218821,14.59744167327877],[108.426231384277443,14.559941291809068],[108.452896118164119,14.554941177368089],[108.445396423339929,14.513275146484354],[108.486228942871207,14.480774879455542],[108.472061157226619,14.447442054748464],[108.529563903808651,14.32994270324706],[108.545394897460994,14.315775871276774],[108.570396423339915,14.363275527954048],[108.602066040039134,14.359942436218191],[108.637893676757955,14.268276214599588],[108.692893981933707,14.224109649658171],[108.655395507812585,14.139943122863755],[108.667060852050895,14.114943504333425],[108.699562072754006,14.107442855834943],[108.697898864746151,14.069943428039537],[108.757064819336037,14.037443161010724],[108.764564514160227,13.993276596069308],[108.742065429687571,13.910777091979924],[108.807891845703224,13.84827709197998],[108.797897338867301,13.839943885803144],[108.834564208984446,13.778277397155762],[108.827064514160256,13.720778465270914],[108.841224670410213,13.689111709594663],[108.858726501464943,13.693278312683081],[108.858726501464943,13.644945144653246],[108.897064208984474,13.639111518859796],[108.917060852050852,13.654111862182553],[108.933731079101619,13.635778427124027],[108.916229248046974,13.603278160095215],[108.942062377929773,13.540779113769478],[108.967063903808693,13.520778656005831],[109.029563903808722,13.53161239624017],[109.052894592285256,13.565778732299808],[109.046226501464957,13.594112396240202],[109.069557189941477,13.600778579711918],[109.071228027343864,13.634111404418906],[109.12039184570321,13.606612205505368],[109.127891540527486,13.630778312683049],[109.152893066406307,13.637445449829059],[109.156227111816463,13.678277969360323],[109.191223144531307,13.694944381713817],[109.226226806640682,13.69744491577141],[109.233726501464872,13.622445106506301],[109.266227722168068,13.581611633300742],[109.297058105468778,13.572444915771435],[109.277061462402401,13.526612281799281],[109.272056579589957,13.556612014770412],[109.24039459228527,13.588278770446752],[109.244560241699304,13.556612014770412],[109.268730163574247,13.55577850341794],[109.247894287109446,13.52494525909416],[109.289558410644588,13.510779380798258],[109.296226501464901,13.527445793151841],[109.293724060058622,13.480778694152743],[109.308723449707088,13.464945793151809],[109.330390930175867,13.469945907592699],[109.312057495117244,13.413279533386206],[109.264556884765682,13.414945602416942],[109.260391235351648,13.432445526122997],[109.292892456054744,13.455779075622502],[109.242897033691449,13.491612434387172],[109.220390319824261,13.449945449829052],[109.238723754882869,13.428278923034579],[109.219558715820369,13.418279647827095],[109.231224060058679,13.409946441650348],[109.216224670410227,13.39411258697503],[109.245391845703182,13.38827896118158],[109.261230468750057,13.357446670532184],[109.245391845703182,13.365779876708931],[109.239562988281293,13.361613273620513],[109.261230468750057,13.347446441650316],[109.26956176757821,13.365779876708931],[109.297058105468778,13.35827922821036],[109.28289031982429,13.308279991149877],[109.317893981933665,13.254113197326593],[109.293724060058622,13.217446327209451],[109.306228637695355,13.186614036559966],[109.292892456054744,13.149947166442825],[109.327896118164119,13.091613769531209],[109.312057495117244,13.084947586059494],[109.308723449707088,13.06328105926511],[109.334556579589901,13.074113845825154],[109.329559326171974,13.084947586059494],[109.330390930175867,13.088280677795352],[109.397056579589929,12.977447509765573],[109.456222534179716,12.914114952087365],[109.452056884765682,12.858281135559048],[109.419555664062571,12.847448348999004],[109.437057495117216,12.869114875793388],[109.428726196289148,12.880781173705993],[109.357894897460966,12.825781822204531],[109.396224975586051,12.712449073791456],[109.417892456054716,12.704948425292885],[109.426223754882884,12.669116020202599],[109.460395812988381,12.659949302673292],[109.462059020996136,12.647449493408127],[109.434562683105582,12.640782356262116],[109.43372344970706,12.562449455261151],[109.388725280761776,12.62828254699704],[109.412055969238395,12.648282051086392],[109.396224975586051,12.684115409850973],[109.394561767578196,12.669116020202599],[109.368728637695398,12.673282623290929],[109.364562988281364,12.641615867614677],[109.351226806640653,12.662448883056589],[109.347061157226619,12.641615867614677],[109.327896118164119,12.662448883056589],[109.353729248046932,12.694949150085401],[109.368728637695398,12.690782546996983],[109.378723144531307,12.715782165527314],[109.355392456054773,12.75828170776361],[109.35456085205081,12.798281669616609],[109.322891235351676,12.797448158264137],[109.315391540527401,12.844115257263146],[109.295394897461023,12.830781936645421],[109.255393981933636,12.839115142822257],[109.227890014648537,12.813282012939366],[109.209556579589915,12.830781936645421],[109.165390014648494,12.826615333557092],[109.144561767578239,12.780781745910643],[109.114562988281321,12.798281669616697],[109.086227416992244,12.744114875793413],[109.038726806640682,12.746615409851005],[109.008728027343835,12.711615562438896],[108.994560241699261,12.714948654174753],[108.980392456054773,12.682449340820236],[108.941230773925895,12.694115638732841],[108.902893066406364,12.677449226379347],[108.90622711181652,12.634948730468667],[108.814559936523523,12.576616287231436],[108.798728942871179,12.581616401672326],[108.802062988281335,12.600782394409118],[108.762062072753949,12.601615905761678],[108.76539611816419,12.677449226379347],[108.744560241699304,12.709115028381303],[108.685394287109432,12.733282089233368],[108.675392150878963,12.768281936645478],[108.573730468750057,12.756937160467798],[108.453878235118907,12.810466112181198],[108.415397644043097,12.862447738647466],[108.338620689584317,12.892005913614037],[108.316534485077085,13.042447090148903],[108.329566955566534,13.116613388061452],[108.312065124511804,13.114113807678155],[108.288954238585035,13.148280143737704],[108.211227416992244,13.360779762268042],[108.223731994628963,13.425779342651371],[108.185394287109432,13.461612701415952],[108.168224327242655,13.450778961181612],[108.102066040039148,13.65661144256585],[108.059562683105497,13.735777854919377],[108.030044306871417,13.758896122622225],[108.054667183370654,13.891867418702745],[108.093438241025069,13.9349441528319],[108.137062072753992,13.949110031127891],[108.132439998075526,13.978277206420756],[108.233995298095977,14.112442970275744],[108.264564514160242,14.119110107421843],[108.259567260742315,14.149427475373869],[108.323730468750114,14.242226159874431],[108.363731384277401,14.264942169189435],[108.36956024169929,14.29327583312983],[108.390396118164176,14.304108619689874],[108.397064208984489,14.321608543395929],[108.364948350267611,14.370775222778235],[108.374209432687309,14.509108543395847],[108.39456176757821,14.533274650573706],[108.384567260742301,14.55660820007321],[108.370399475097713,14.553275108337353],[108.367186192997053,14.585774421691781]]]]}},
{"type":"Feature","properties":{},"geometry":{"type":"MultiPolygon","coordinates":[[[[108.962059020996151,10.495791435241665],[108.968727111816463,10.490791320800776],[108.961227416992273,10.484957695007237],[108.962059020996151,10.495791435241665]]],[[[108.922058105468864,10.547457695007269],[108.957893371582117,10.546624183654709],[108.963729858398537,10.504958152770973],[108.930397033691463,10.51329135894772],[108.922058105468864,10.547457695007269]]],[[[108.959564208984418,10.552457809448159],[108.956230163574261,10.553290367126424],[108.959564208984418,10.555790901184016],[108.959564208984418,10.552457809448159]]],[[[108.95455932617196,10.559123992919874],[108.951225280761804,10.557457923889137],[108.951225280761804,10.559123992919874],[108.95455932617196,10.559123992919874]]],[[[107.789566040039162,10.66745662689206],[107.79039764404304,10.66829013824462],[107.79039764404304,10.66745662689206],[107.789566040039162,10.66745662689206]]],[[[108.833724975586023,11.232315063476507],[108.830398559570412,11.221621513366655],[108.81956481933598,11.223288536071776],[108.821228027343835,11.229121208190842],[108.833724975586023,11.232315063476507]]],[[[109.142059326171974,11.582453727722088],[109.146224975586009,11.583286285400353],[109.147064208984432,11.578287124633759],[109.142059326171974,11.582453727722088]]],[[[109.215393066406335,11.774119377136218],[109.222892761230526,11.784119606017997],[109.227058410644645,11.768285751342768],[109.215393066406335,11.774119377136218]]],[[[109.200393676757884,11.815785408019954],[109.202896118164148,11.817452430725075],[109.202896118164148,11.814952850341777],[109.200393676757884,11.815785408019954]]],[[[109.222061157226648,11.852313041686992],[109.237892150878992,11.839118957519458],[109.248725891113338,11.851618766784624],[109.251228332519602,11.831619262695272],[109.227890014648537,11.831619262695272],[109.222061157226648,11.852313041686992]]],[[[109.28289031982429,11.934118270874007],[109.285392761230554,11.9366188049316],[109.285392761230554,11.934118270874007],[109.28289031982429,11.934118270874007]]],[[[109.320396423339943,12.006618499755819],[109.324562072753977,12.004117965698226],[109.321228027343821,12.003285408019961],[109.320396423339943,12.006618499755819]]],[[[109.327896118164119,12.049951553344675],[109.32705688476571,12.035784721374478],[109.326225280761832,12.029951095581028],[109.321228027343821,12.042451858520488],[109.327896118164119,12.049951553344675]]],[[[109.297889709472756,12.172451019287058],[109.314559936523523,12.161617279052718],[109.296226501464901,12.166617393493608],[109.297889709472756,12.172451019287058]]],[[[109.234558105468835,12.175784111022915],[109.249557495117301,12.178284645080508],[109.251228332519602,12.1691179275512],[109.234558105468835,12.175784111022915]]],[[[109.340393066406321,12.189950942993113],[109.344558715820355,12.191617965698233],[109.345390319824318,12.189117431640552],[109.340393066406321,12.189950942993113]]],[[[109.218727111816492,12.191617965698233],[109.234558105468835,12.194117546081531],[109.223724365234503,12.183283805847102],[109.218727111816492,12.191617965698233]]],[[[109.266227722168068,12.236477851867635],[109.305389404296932,12.214117050170882],[109.316223144531364,12.22828388214108],[109.330390930175867,12.221617698669364],[109.336227416992287,12.19328403472897],[109.322059631347699,12.184117317199663],[109.296226501464901,12.200783729553157],[109.296226501464901,12.181617736816365],[109.270393371582102,12.174950599670355],[109.272056579589957,12.194117546081531],[109.229560852050838,12.225784301757782],[109.24039459228527,12.233283996581969],[109.258728027343793,12.215784072875914],[109.266227722168068,12.236477851867635]]],[[[109.357063293457088,12.273283958435057],[109.36372375488294,12.268283843994078],[109.358726501464929,12.267450332641518],[109.357063293457088,12.273283958435057]]],[[[109.367889404296974,12.284950256347573],[109.371223449707117,12.279950141906683],[109.369560241699276,12.279117584228507],[109.367889404296974,12.284950256347573]]],[[[109.241226196289148,12.288284301757725],[109.246223449707145,12.289950370788551],[109.246223449707145,12.287450790405254],[109.241226196289148,12.288284301757725]]],[[[109.211227416992301,12.361617088317802],[109.217063903808651,12.357450485229473],[109.210395812988338,12.359116554260209],[109.211227416992301,12.361617088317802]]],[[[109.367889404296974,12.36578369140622],[109.377891540527429,12.364116668701099],[109.380393981933707,12.355783462524352],[109.367889404296974,12.36578369140622]]],[[[109.216224670410227,12.384949684143011],[109.219558715820369,12.386616706848132],[109.219558715820369,12.383283615112274],[109.216224670410227,12.384949684143011]]],[[[109.201225280761761,12.402449607849066],[109.204559326171918,12.400783538818329],[109.201225280761761,12.399950027465769],[109.201225280761761,12.402449607849066]]],[[[109.218727111816492,12.403977394103995],[109.237892150878992,12.394949913024879],[109.237892150878992,12.381616592407154],[109.22122955322277,12.386616706848132],[109.218727111816492,12.403977394103995]]],[[[109.303726196289176,12.477449417114174],[109.307060241699332,12.474949836730877],[109.302894592285213,12.475783348083437],[109.303726196289176,12.477449417114174]]],[[[109.347061157226619,12.490643501281708],[109.361228942871207,12.483283042907713],[109.361228942871207,12.478282928466735],[109.352058410644631,12.476616859435998],[109.347061157226619,12.490643501281708]]],[[[109.329559326171974,12.494949340820229],[109.326225280761832,12.492449760436932],[109.326225280761832,12.494949340820229],[109.329559326171974,12.494949340820229]]],[[[109.309562683105511,12.494949340820229],[109.302894592285213,12.48578262329101],[109.291229248046989,12.48578262329101],[109.294563293457145,12.495782852172789],[109.309562683105511,12.494949340820229]]],[[[109.216224670410227,12.643282890319798],[109.22122955322277,12.640782356262205],[109.216224670410227,12.640782356262205],[109.216224670410227,12.643282890319798]]],[[[109.265396118164176,12.678282737731907],[109.261230468750057,12.676615715026786],[109.260391235351648,12.678282737731907],[109.265396118164176,12.678282737731907]]],[[[109.28122711181652,12.698282241821259],[109.287895202636832,12.699949264526291],[109.280395507812557,12.693282127380369],[109.28122711181652,12.698282241821259]]],[[[109.292892456054744,12.705781936645446],[109.28872680664071,12.706615447998006],[109.292892456054744,12.708282470703038],[109.292892456054744,12.705781936645446]]],[[[109.295394897461023,12.719948768615643],[109.313728332519631,12.721615791320763],[109.294563293457145,12.710782051086424],[109.295394897461023,12.719948768615643]]],[[[109.31955718994152,12.730782508850071],[109.322059631347699,12.72911548614495],[109.31955718994152,12.728281974792479],[109.31955718994152,12.730782508850071]]],[[[107.79039764404304,10.66829013824462],[107.789566040039162,10.692457199096596],[107.766235351562543,10.705790519714322],[107.787063598632898,10.765789985656673],[107.775398254394588,10.791623115539474],[107.752067565918054,10.799956321716222],[107.738731384277443,10.841623306274341],[107.709564208984489,10.84662342071532],[107.716232299804787,10.872456550598121],[107.695396423339901,10.913289070129386],[107.727066040039134,10.956622123718242],[107.723731994628977,10.999956130981394],[107.788734436035199,11.062455177307042],[107.800399780273509,11.137454986572239],[107.837898254394617,11.151621818542436],[107.852066040039105,11.139122009277271],[107.882064819336037,11.147455215454018],[107.895401000976648,11.131622314453084],[107.943733215332088,11.148288726806578],[107.958732604980554,11.127454757690371],[107.999565124511818,11.23412132263182],[107.992065429687543,11.259954452514622],[108.037895202636818,11.291621208190874],[108.028732299804773,11.333287239074698],[108.055397033691463,11.409954071044838],[108.075401306152457,11.415787696838377],[108.076232910156349,11.459120750427234],[108.127067565918068,11.456620216369553],[108.157066345214901,11.47745418548576],[108.147895812988324,11.525787353515595],[108.175399780273523,11.548286437988244],[108.238731384277429,11.521619796752882],[108.266227722168082,11.540786743164057],[108.299560546875071,11.518286705017024],[108.342895507812614,11.528286933898892],[108.352897644043068,11.505786895751948],[108.382896423339901,11.525787353515595],[108.440399169921932,11.514120101928695],[108.494560241699276,11.53162002563475],[108.531227111816492,11.504953384399387],[108.557060241699304,11.515787124633727],[108.582893371582102,11.556620597839286],[108.551231384277415,11.609952926635716],[108.567062377929759,11.650786399841275],[108.557899475097713,11.674119949340779],[108.578727722168068,11.73411941528313],[108.616226196289176,11.756619453430163],[108.615394592285213,11.79328536987301],[108.636230468750099,11.790785789489712],[108.619560241699332,11.804119110107349],[108.630393981933679,11.830785751342711],[108.617897033691477,11.844119071960437],[108.627899169921932,11.875785827636689],[108.664566040039176,11.909952163696238],[108.660392761230511,11.967452049255291],[108.71122741699223,12.05661773681639],[108.704559326171932,12.093284606933532],[108.676231384277386,12.122450828552191],[108.705398559570426,12.156618118286124],[108.72872924804696,12.160784721374453],[108.710395812988352,12.190784454345673],[108.719558715820384,12.224950790405222],[108.699562072754006,12.244950294494574],[108.699313566415569,12.309950828552198],[108.719605554631968,12.47038247557777],[108.74789428710946,12.479949951171855],[108.754562377929773,12.499949455261207],[108.743728637695426,12.529116630554162],[108.755393981933651,12.534115791320756],[108.761274744657726,12.60328292846671],[108.802062988281335,12.600782394409118],[108.798728942871179,12.581616401672326],[108.814559936523523,12.576616287231436],[108.849563598632898,12.589116096496513],[108.876228332519588,12.626615524291919],[108.90622711181652,12.634948730468667],[108.902893066406364,12.677449226379347],[108.941230773925895,12.694115638732841],[108.980392456054773,12.682449340820236],[108.994560241699261,12.714948654174753],[109.008728027343835,12.711615562438896],[109.038726806640682,12.746615409851005],[109.086227416992244,12.744114875793413],[109.114562988281321,12.798281669616697],[109.144561767578239,12.780781745910643],[109.165390014648494,12.826615333557092],[109.209556579589915,12.830781936645421],[109.227890014648537,12.813282012939366],[109.255393981933636,12.839115142822257],[109.295394897461023,12.830781936645421],[109.315391540527401,12.844115257263146],[109.331230163574276,12.778282165527257],[109.292892456054744,12.754115104675281],[109.256225585937614,12.702448844909588],[109.227890014648537,12.693282127380369],[109.195396423339957,12.642449378967237],[109.191223144531307,12.623282432556151],[109.205390930175881,12.614949226379315],[109.192062377929815,12.573282241821284],[109.209556579589915,12.555782318115229],[109.193725585937571,12.542449951171799],[109.213729858398494,12.539115905761646],[109.211227416992301,12.570782661437987],[109.233726501464957,12.575782775878876],[109.220390319824261,12.578282356262173],[109.231224060058679,12.594116210937491],[109.242897033691449,12.587449073791481],[109.230392456054801,12.552449226379371],[109.238723754882869,12.509949684142986],[109.296226501464901,12.478282928466735],[109.28872680664071,12.429116249084428],[109.342056274414176,12.396616935729911],[109.328727722168011,12.372449874877846],[109.304557800293054,12.384949684143011],[109.291229248046989,12.345783233642573],[109.260391235351648,12.361617088317802],[109.242897033691449,12.404950141906658],[109.182060241699261,12.45494937896723],[109.152061462402429,12.429116249084428],[109.164558410644617,12.404950141906658],[109.198730468750114,12.399116516113208],[109.202056884765739,12.336616516113265],[109.242897033691449,12.306616783142045],[109.207061767578182,12.290783882141112],[109.197059631347727,12.264117240905749],[109.217895507812614,12.211617469787585],[109.210395812988338,12.19828414916986],[109.193725585937571,12.206617355346607],[109.209556579589915,12.185784339904783],[109.198730468750114,12.165783882141048],[109.223724365234503,12.140784263610806],[109.196228027343849,12.117451667785597],[109.195396423339957,12.089118003845202],[109.241226196289148,11.989118576049764],[109.284561157226676,11.954952239990215],[109.257896423339901,11.924118995666435],[109.28122711181652,11.876618385314865],[109.247894287109446,11.852452278137184],[109.232063293457102,11.880785942077578],[109.202056884765739,11.879952430725018],[109.212890625000071,11.978284835815424],[109.201225280761761,12.040784835815368],[109.177894592285227,12.077451705932598],[109.170394897461051,12.044951438903786],[109.199562072753992,12.024118423461873],[109.207893371582159,11.979951858520456],[109.150390625000043,11.90161895751949],[109.128730773925895,11.908285140991206],[109.106224060058707,11.857452392578073],[109.143730163574276,11.818285942077635],[109.16122436523446,11.855785369873042],[109.191223144531307,11.875785827636689],[109.177894592285227,11.846618652343734],[109.181228637695384,11.818285942077635],[109.196228027343849,11.811618804931625],[109.186225891113395,11.79328536987301],[109.227890014648537,11.755785942077603],[109.232894897460994,11.725786209106383],[109.200393676757884,11.719952583312933],[109.128730773925895,11.562453269958441],[109.092895507812557,11.587452888488682],[109.027061462402457,11.578287124633759],[109.031227111816492,11.542453765869089],[109.021224975586023,11.546620368957507],[109.009559631347713,11.544119834899826],[109.025390625000057,11.5374536514282],[109.006225585937571,11.413287162780696],[109.019561767578182,11.359953880309972],[108.932891845703196,11.306621551513631],[108.886230468750043,11.338287353515588],[108.787895202636847,11.313287734985346],[108.777061462402415,11.287454605102456],[108.756225585937614,11.282454490661566],[108.73039245605473,11.184122085571248],[108.70956420898446,11.165788650512633],[108.696228027343864,11.183288574218688],[108.647895812988409,11.193287849426261],[108.523727416992315,11.153288841247557],[108.475395202636776,11.048289299011229],[108.431228637695355,11.046622276306108],[108.414566040039134,11.026621818542461],[108.372062683105568,11.032455444335911],[108.350395202636804,11.007455825805581],[108.339561462402457,10.953289031982385],[108.310394287109418,10.958289146423274],[108.295394897461037,10.914122581481857],[108.279563903808693,10.917455673217715],[108.276229858398551,10.94245624542234],[108.236228942871165,10.954122543334945],[108.090400695800838,10.917455673217715],[108.040397644043082,10.839122772216749],[107.993728637695398,10.694123268127422],[107.885398864746179,10.720789909362784],[107.825401306152429,10.703289985656729],[107.79039764404304,10.66829013824462]]]]}},
{"type":"Feature","properties":{},"geometry":{"type":"MultiPolygon","coordinates":[[[[106.508735656738338,10.335791587829581],[106.508735656738338,10.335708837477855],[106.508497414135178,10.335791587829492],[106.508735656738338,10.335791587829581]]],[[[107.09873199462892,10.410791397094689],[107.103736877441463,10.408291816711392],[107.101234436035199,10.407458305358832],[107.09873199462892,10.410791397094689]]],[[[106.969566345214915,10.455791473388667],[106.971237182617216,10.452458381652809],[106.96790313720706,10.452458381652809],[106.969566345214915,10.455791473388667]]],[[[106.977066040039105,10.460791587829556],[106.972068786621193,10.47079086303704],[106.977905273437528,10.474124908447193],[106.977066040039105,10.460791587829556]]],[[[106.982070922851648,10.480791091918908],[106.988739013671946,10.480791091918908],[106.983734130859403,10.478291511535611],[106.982070922851648,10.480791091918908]]],[[[106.982902526855526,10.499124526977523],[106.99290466308598,10.498291015624963],[106.984565734863295,10.488290786743095],[106.982902526855526,10.499124526977523]]],[[[107.803733825683651,10.654123306274334],[107.800399780273509,10.650790214538565],[107.802062988281264,10.654123306274334],[107.803733825683651,10.654123306274334]]],[[[107.79039764404304,10.66829013824462],[107.789566040039162,10.669123649597092],[107.79039764404304,10.669123649597092],[107.79039764404304,10.66829013824462]]],[[[107.783729553222742,10.674957275390542],[107.754562377929702,10.640790939330993],[107.700401306152358,10.63245677947995],[107.580398559570384,10.576623916625929],[107.514564514160199,10.50162410736082],[107.46790313720706,10.497457504272402],[107.443733215332102,10.468291282653743],[107.355400085449276,10.467457771301182],[107.25540161132821,10.379124641418437],[107.238731384277358,10.378291130065877],[107.216232299804716,10.4057912826538],[107.177070617675838,10.39995765686035],[107.188735961914148,10.409957885742129],[107.184570312500028,10.426624298095623],[107.083732604980554,10.319958686828558],[107.054565429687514,10.38162517547603],[107.142066955566463,10.415791511535579],[107.117065429687543,10.416625022888139],[107.112899780273509,10.434124946594194],[107.136238098144574,10.466624259948711],[107.112899780273509,10.472457885742161],[107.117904663085966,10.443291664123501],[107.071235656738367,10.433291435241633],[107.041236877441435,10.464958190917885],[107.047904968261747,10.484124183654766],[107.024566650390668,10.464958190917885],[107.00457000732429,10.488290786743095],[107.028732299804702,10.539124488830522],[106.976234436035227,10.504124641418413],[106.966232299804759,10.462457656860293],[106.943733215332117,10.4716243743896],[106.954566955566449,10.484124183654766],[106.949569702148452,10.520791053771907],[106.926239013671918,10.529124259948654],[106.942901611328139,10.519124031066875],[106.947898864746151,10.485791206359798],[106.932067871093807,10.474124908447193],[106.936233520507841,10.442458152770941],[106.919570922851619,10.440791130065909],[106.917900085449318,10.436624526977491],[106.975402832031335,10.414124488830547],[106.914566040039077,10.382457733154295],[106.874572753906321,10.377458572387612],[106.86123657226571,10.429958343505776],[106.879570007324233,10.468291282653743],[106.863739013671889,10.473291397094721],[106.868736267089886,10.484124183654766],[106.866233825683622,10.496623992919842],[106.852066040039134,10.492457389831513],[106.864570617675852,10.492457389831513],[106.859573364257855,10.472457885742161],[106.870399475097742,10.459958076476996],[106.852066040039134,10.453290939330985],[106.853736877441435,10.410791397094689],[106.832069396972756,10.394958496093667],[106.777069091796903,10.452458381652809],[106.753738403320369,10.50079059600826],[106.716239929199261,10.47662448883049],[106.726234436035185,10.449957847595128],[106.708740234375071,10.424958229064886],[106.674568176269574,10.417457580566404],[106.65873718261723,10.37579154968258],[106.588737487793011,10.389958381652777],[106.555404663086023,10.356624603271404],[106.513740539550881,10.353291511535636],[106.50790405273446,10.335997683900901],[106.459571838379006,10.362175823164678],[106.454574584961009,10.389124870300217],[106.439567565917997,10.379124641418437],[106.374862083726427,10.422556960341291],[105.966317743067293,10.563896433259059],[105.822415711658522,10.644052458322763],[105.784576416015653,10.683906628816954],[105.786239624023509,10.795789718627892],[105.727073669433622,10.796623229980453],[105.717910766601591,10.782456398010167],[105.681203792846262,10.791623115539474],[105.496105063866224,10.967155972549049],[105.524308298863687,11.161627104889773],[105.475072881823152,11.265709125657876],[105.470460884694063,11.46578693389886],[105.479576110839858,11.497453689575112],[105.517906188964943,11.50745391845698],[105.496238708496165,11.575786590576167],[105.472497442739993,11.585786819457946],[105.482910156250014,11.664953231811472],[105.456245422363324,11.801619529724052],[105.523742675781278,11.814119338989217],[105.54624176025392,11.891589327762999],[105.583725999295254,11.928285598754853],[105.698738098144545,11.945612265729634],[105.699577331543054,11.928285598754853],[105.759574890136733,11.90661907196038],[105.780410766601619,11.938284873962337],[105.80123901367196,11.917451858520424],[105.860404968261761,11.949952125549236],[105.996593001695558,11.927674392351586],[106.074569702148452,11.870209356166319],[106.07540893554696,11.849952697753887],[106.089569091796903,11.859155535423673],[106.192909240722742,11.804119110107349],[106.230407714843764,11.817452430725075],[106.283737182617216,11.818285942077635],[106.294570922851648,11.80078601837158],[106.312072753906293,11.816565732129638],[106.3550492731015,11.813781190542374],[106.402908325195398,11.873285293579096],[106.461235046386776,11.911618232726974],[106.460403442382884,11.926810939029055],[106.566238403320369,11.934175061784382],[106.559570312500057,11.919118881225545],[106.627067565918011,11.879952430725018],[106.692901611328196,11.870785713195799],[106.69706726074223,11.919118881225545],[106.768737792968835,11.940785408020018],[106.773735046386747,11.922451972961403],[106.787071228027358,11.934951782226479],[106.812072753906278,11.928285598754853],[106.83623504638679,11.959118843078544],[106.837905883789091,12.036181763450495],[106.928733825683651,12.027451515197731],[106.964569091796918,12.063284873962401],[106.965400695800795,12.089951515197674],[107.124958234639465,12.272235943930012],[107.282066345214901,12.363283157348627],[107.348731994628963,12.341616630554155],[107.416236877441449,12.239117622375419],[107.45623016357429,12.263283729553189],[107.45206451416017,12.291617393493583],[107.471765283531766,12.296617507934561],[107.601234436035185,12.27522300093389],[107.621231079101648,12.233283996581969],[107.64706420898446,12.249950408935552],[107.708732604980511,12.214701474693614],[107.704566955566477,12.190784454345673],[107.734874685581389,12.183283805847102],[107.73623657226571,12.153284072875971],[107.750396728515668,12.158275521970465],[107.788148922396019,12.09745121002195],[107.777900695800852,12.059951782226543],[107.804565429687543,12.027451515197731],[107.79789733886723,11.975785255432127],[107.84622955322277,11.949782718182613],[107.82456207275392,11.928285598754853],[107.835395812988338,11.916618347167953],[107.822898864746151,11.897452354431072],[107.851234436035227,11.886618614196733],[107.890396118164105,11.914340705982964],[107.908729553222713,11.889119148254325],[107.947898864746122,11.874952316284128],[108.017898559570341,11.917451858520513],[108.019561767578196,11.874118804931568],[108.052894592285185,11.857452392578073],[108.082901000976648,11.796619415283162],[108.128730773925838,11.83578586578369],[108.130401611328224,11.877451896667425],[108.179565429687557,11.907451629638645],[108.183731079101591,11.968285560607852],[108.217063903808665,12.010617744879417],[108.437065124511776,12.115587416388431],[108.458732604980554,12.107451438903729],[108.493728637695384,12.136723648765193],[108.565399169921903,12.159445904535906],[108.591232299804716,12.150784492492674],[108.613731384277443,12.17476903529038],[108.665989803122685,12.191336920616271],[108.672065734863352,12.209117889404288],[108.717895507812528,12.212450981140057],[108.710395812988352,12.190784454345673],[108.727897644043082,12.158284187316861],[108.705398559570426,12.156618118286124],[108.676231384277386,12.122450828552191],[108.704559326171932,12.093284606933532],[108.710395812988352,12.053284645080533],[108.660392761230511,11.967452049255291],[108.664566040039176,11.909952163696238],[108.627899169921932,11.875785827636689],[108.617897033691477,11.844119071960437],[108.630393981933679,11.830785751342711],[108.619560241699332,11.804119110107349],[108.636230468750099,11.790785789489712],[108.615394592285213,11.79328536987301],[108.616226196289176,11.756619453430163],[108.578727722168068,11.73411941528313],[108.557899475097713,11.674119949340779],[108.567062377929759,11.650786399841275],[108.551231384277415,11.609952926635716],[108.582893371582102,11.556620597839286],[108.557060241699304,11.515787124633727],[108.529563903808651,11.504953384399387],[108.493728637695384,11.53162002563475],[108.440399169921932,11.514120101928695],[108.382896423339901,11.525787353515595],[108.352897644043068,11.505786895751948],[108.342895507812614,11.528286933898892],[108.299560546875071,11.518286705017024],[108.266227722168082,11.540786743164057],[108.238731384277429,11.521619796752882],[108.16289520263679,11.545786857604947],[108.147895812988324,11.525787353515595],[108.157066345214901,11.47745418548576],[108.127067565918068,11.456620216369553],[108.081230163574261,11.463287353515563],[108.072067260742315,11.450787544250487],[108.075401306152457,11.415787696838377],[108.055397033691463,11.409954071044838],[108.028732299804773,11.333287239074698],[108.037895202636818,11.291621208190874],[107.992065429687543,11.259954452514622],[107.999565124511818,11.23412132263182],[107.958732604980554,11.127454757690371],[107.943733215332088,11.148288726806578],[107.894561767578224,11.131622314453084],[107.882064819336037,11.147455215454018],[107.852066040039105,11.139122009277271],[107.837898254394617,11.151621818542436],[107.794563293457074,11.131622314453084],[107.788734436035199,11.062455177307042],[107.723731994628977,10.999956130981394],[107.727066040039134,10.956622123718242],[107.695396423339901,10.916623115539538],[107.716232299804787,10.872456550598121],[107.709564208984489,10.84662342071532],[107.738731384277443,10.841623306274341],[107.752067565918054,10.799956321716222],[107.775398254394588,10.791623115539474],[107.787063598632898,10.765789985656673],[107.766235351562543,10.705790519714322],[107.789566040039162,10.692457199096596],[107.783729553222742,10.674957275390542]]]]}},
{"type":"Feature","properties":{},"geometry":{"type":"Polygon","coordinates":[[[106.01348876953125,21.255615234375],[106.123046875,21.18963623046875],[106.13580322265625,21.208740234375],[106.17431640625,21.17181396484375],[106.1954345703125,21.17352294921875],[106.20330810546875,21.1478271484375],[106.24664306640625,21.1590576171875],[106.28057861328125,21.12359619140625],[106.302978515625,21.05938720703125],[106.2596435546875,20.99005126953125],[106.28057861328125,20.98040771484375],[106.274169921875,20.95465087890625],[106.34808349609375,20.94036865234375],[106.33355712890625,20.901611328125],[106.372314453125,20.88555908203125],[106.37713623046875,20.86468505859375],[106.42529296875,20.8292236328125],[106.4219970703125,20.81475830078125],[106.4752197265625,20.797119140625],[106.51068115234375,20.84686279296875],[106.4801025390625,20.86138916015625],[106.49285888671875,20.895263671875],[106.46710205078125,20.96124267578125],[106.59271240234375,21.017333984375],[106.74871826171875,20.99822998046875],[106.75665283203125,20.94036865234375],[106.73748779296875,20.8582763671875],[106.74871826171875,20.8050537109375],[106.82415771484375,20.81646728515625],[106.7935791015625,20.7825927734375],[106.81781005859375,20.75201416015625],[106.72296142578125,20.66357421875],[106.656982421875,20.57666015625],[106.59912109375,20.4625244140625],[106.5909423828125,20.3289794921875],[106.6070556640625,20.2711181640625],[106.55731201171875,20.19390869140625],[106.29833984375,20.0328369140625],[106.20330810546875,20.00555419921875],[106.22271728515625,20.07000732421875],[106.17913818359375,20.1551513671875],[106.20489501953125,20.2017822265625],[106.26446533203125,20.239013671875],[106.314453125,20.245361328125],[106.3353271484375,20.28076171875],[106.31597900390625,20.30804443359375],[106.32232666015625,20.33203125],[106.2772216796875,20.3531494140625],[106.29351806640625,20.39013671875],[106.21630859375,20.419189453125],[106.22906494140625,20.47528076171875],[106.180908203125,20.49615478515625],[106.1839599609375,20.52520751953125],[106.12939453125,20.639404296875],[106.09246826171875,20.61517333984375],[106.0618896484375,20.616943359375],[106.04888916015625,20.64422607421875],[106.02313232421875,20.6136474609375],[106.0040283203125,20.62969970703125],[105.97802734375,20.610595703125],[105.98291015625,20.57183837890625],[105.9217529296875,20.53973388671875],[105.913818359375,20.5703125],[105.90081787109375,20.54766845703125],[105.88958740234375,20.57666015625],[105.87200927734375,20.5670166015625],[105.8414306640625,20.60723876953125],[105.820556640625,20.59759521484375],[105.7978515625,20.6539306640625],[105.7545166015625,20.68603515625],[105.77215576171875,20.732666015625],[105.71270751953125,20.7471923828125],[105.72723388671875,20.7713623046875],[105.72064208984375,20.79534912109375],[105.7578125,20.83892822265625],[105.72723388671875,20.96124267578125],[105.6966552734375,20.977294921875],[105.629150390625,21.1363525390625],[105.8590087890625,21.191162109375],[105.90411376953125,21.17840576171875],[105.902587890625,21.23138427734375],[105.97802734375,21.2169189453125],[105.9974365234375,21.23138427734375],[105.9862060546875,21.2523193359375],[106.01348876953125,21.255615234375]]]}},
{"type":"Feature","properties":{},"geometry":{"type":"Polygon","coordinates":[[[107.59623718261733,14.866606712341252],[107.630401611328196,14.864939689636131],[107.637069702148594,14.786606788635165],[107.669563293457074,14.759940147399803],[107.661231994629006,14.736607551574593],[107.678733825683651,14.706607818603462],[107.610397338867372,14.684107780456429],[107.562065124511832,14.729106903076111],[107.519569396972713,14.64994144439688],[107.492065429687614,14.621607780456486],[107.46456909179696,14.618274688720629],[107.447067260742315,14.528274536132763],[107.374565124511733,14.540774345397839],[107.338737487793011,14.585774421691816],[107.29873657226581,14.588274955749409],[107.281234741210994,14.547441482543849],[107.258735656738338,14.538274765014542],[107.254570007324304,14.489941596984796],[107.207069396972742,14.489108085632235],[107.189567565917997,14.437441825866632],[107.163734436035199,14.415775299072159],[107.149566650390796,14.423274993896435],[107.09373474121098,14.392441749572654],[107.077903747558636,14.426609039306587],[107.037071228027372,14.4474420547485],[107.045402526855526,14.41744232177728],[107.013732910156392,14.396608352661072],[106.995399475097685,14.356608390808073],[106.975402832031307,14.359108924865666],[106.967903137207131,14.315775871276809],[106.901237487793054,14.334941864013601],[106.893737792968778,14.313275337219128],[106.86790466308598,14.319108963012578],[106.838737487793026,14.293275833129776],[106.833740234375028,14.312442779540952],[106.780403137207117,14.33994197845449],[106.781234741210994,14.293275833129776],[106.79623413085946,14.285776138305589],[106.758735656738438,14.263276100158645],[106.769569396972685,14.232442855834865],[106.756233215332074,14.219109535217228],[106.782066345214886,14.121609687805087],[106.815406799316492,14.07744312286367],[106.80789947509777,13.97661018371576],[106.852905273437514,13.934110641479375],[106.864570617675824,13.891611099243079],[106.918739318847699,13.895777702331497],[106.951232910156278,13.925777435302628],[106.995399475097685,13.919943809509178],[107.012069702148537,13.884943962097068],[106.991233825683651,13.856611251830969],[107.040405273437614,13.823277473449597],[107.031234741211037,13.796610832214323],[107.045402526855526,13.781611442565861],[107.043739318847685,13.746611595153752],[107.099571228027401,13.736611366271884],[107.146232604980554,13.658278465271007],[107.087066650390682,13.551611900329558],[107.097900390625014,13.498278617858922],[107.073738098144602,13.434946060180625],[107.048736572265682,13.413279533386241],[106.980400085449318,13.428278923034703],[106.973739624023551,13.390779495239297],[106.949569702148509,13.377446174621571],[106.941238403320355,13.303279876709023],[106.927070617675867,13.293279647827156],[106.936233520507898,13.282446861267111],[106.892906188964901,13.187446594238267],[106.862068176269645,13.188280105590827],[106.839569091797003,13.158280372619608],[106.823738098144659,13.167447090148915],[106.782066345214886,13.15494728088375],[106.738739013671889,13.172447204589805],[106.745407104492188,13.189947128295859],[106.700401306152358,13.234113693237276],[106.629570007324162,13.24411296844476],[106.596237182617173,13.230779647827124],[106.513740539550852,13.290780067443769],[106.459571838378977,13.272446632385243],[106.418739318847713,13.304113388061495],[106.382072448730483,13.301612854003903],[106.356239318847685,13.333279609680154],[106.314575195312543,13.324112892150847],[106.308738708496023,13.342446327209462],[106.267074584960966,13.360779762267988],[106.265403747558665,13.394112586975066],[106.227905273437557,13.392446517944329],[106.19790649414054,13.42244625091546],[106.152908325195241,13.432445526123033],[106.148742675781207,13.457446098327569],[106.189575195312472,13.483279228210371],[106.133735656738295,13.549112319946261],[106.135406494140597,13.594944953918414],[106.078742980956989,13.559945106506305],[106.053741455078068,13.592445373535117],[106.078742980956989,13.668278694152786],[106.111236572265653,13.684111595153809],[106.097908020019574,13.729111671447697],[106.113739013671918,13.746611595153752],[106.092903137207031,13.785778045654279],[106.102905273437585,13.817444801330531],[106.082908630371023,13.84494400024407],[106.090408325195298,13.879110336303707],[106.11457061767571,13.900777816772386],[106.104576110839886,13.973277091979902],[106.025405883789091,14.049942970275836],[106.015403747558537,14.11327648162834],[105.961242675781293,14.122443199157647],[105.983741760253849,14.185775756835945],[105.962905883789148,14.263276100158645],[105.999572753906193,14.272442817687953],[106.005409240722713,14.309108734130799],[106.002075195312557,14.376608848571721],[105.950408935546861,14.461608886718697],[105.94873809814456,14.504108428955082],[105.987075805664091,14.570775032043443],[105.961242675781293,14.595774650573684],[106.027908325195355,14.658274650573716],[106.00874328613277,14.684941291809078],[106.036239624023423,14.700774192810012],[106.01040649414071,14.785774230956989],[106.019569396972571,14.829107284545845],[106.078742980956989,14.826606750488253],[106.119575500488253,14.848273277282637],[106.167076110839915,14.914939880371087],[106.204574584961023,14.93577289581291],[106.211242675781335,15.054939270019524],[106.238739013671804,15.075772285461348],[106.243736267089901,15.101605415344238],[106.233741760253977,15.143272399902269],[106.299568176269446,15.16910552978516],[106.31957244873054,15.223272323608356],[106.356239318847685,15.229938507080071],[106.362068176269574,15.254105567932136],[106.398735046386804,15.271605491638191],[106.385406494140639,15.335771560668871],[106.419570922851506,15.39993762969964],[106.401237487792983,15.415771484374957],[106.427902221679759,15.471604347228979],[106.546234130859332,15.494937896728484],[106.592071533203139,15.486604690551736],[106.599571228027415,15.559103965759252],[106.654571533203082,15.56910419464112],[106.68623352050777,15.554103851318363],[106.696235656738324,15.572437286376889],[106.739570617675852,15.588270187377912],[106.720405578613267,15.659103393554691],[106.693733215332045,15.665770530700613],[106.678733825683679,15.723270416259755],[106.575401306152287,15.827436447143523],[106.547073364257841,15.889936447143555],[106.617904663085852,15.879102706909126],[106.619567871093793,15.899935722351039],[106.659568786621179,15.925768852233841],[106.691238403320312,15.916602134704533],[106.733734130859432,15.944102287292456],[106.756233215331989,15.934935569763148],[106.798736572265554,15.979935646057125],[106.817901611328139,16.033267974853466],[106.89873504638679,16.123268127441332],[106.913734436035071,16.118268966674737],[106.921234130859347,16.082435607910156],[106.944572448730511,16.079935073852475],[106.966232299804645,16.119935989379858],[107.034568786621108,16.179101943969648],[107.025405883789062,16.188268661498956],[107.052902221679716,16.234100341796815],[107.040405273437528,16.260766983032177],[107.047065734863295,16.299934387206999],[107.091232299804716,16.309934616088867],[107.084571838378949,16.351600646972603],[107.102066040039048,16.391601562499986],[107.22123718261723,16.363267898559503],[107.211235046386776,16.331600189208956],[107.25206756591804,16.30076789855956],[107.25790405273446,16.25410079956055],[107.275398254394474,16.251602172851548],[107.351234436035213,16.164100646972596],[107.371231079101591,16.129100799560486],[107.370399475097614,16.082435607910156],[107.389564514160199,16.061601638793949],[107.410400390625085,16.084102630615188],[107.447898864746108,16.089935302734343],[107.461235046386719,16.074935913085881],[107.44706726074223,16.039102554321211],[107.465400695800753,16.017435073852532],[107.417068481445398,15.914102554321236],[107.385398864746165,15.887435913085874],[107.372901916503977,15.899102210998478],[107.32706451416017,15.890769004821731],[107.30789947509767,15.86576938629149],[107.22123718261723,15.83660316467283],[107.22873687744142,15.784103393554666],[107.212066650390653,15.730770111083942],[107.27706909179696,15.708270072936998],[107.264564514160227,15.664103507995581],[107.27706909179696,15.6332702636718],[107.317070007324247,15.639103889465339],[107.352066040039091,15.609936714172296],[107.348731994628935,15.577437400817868],[107.392066955566477,15.520771026611285],[107.390403747558622,15.49577045440666],[107.473731994628821,15.496603965759221],[107.497070312500071,15.477437973022429],[107.517898559570327,15.488270759582473],[107.527069091796903,15.438271522521902],[107.513732910156293,15.414104461669925],[107.559570312500014,15.396604537963871],[107.612899780273466,15.402438163757321],[107.597068786621122,15.384104728698706],[107.610397338867202,15.334938049316399],[107.687065124511719,15.280772209167409],[107.695396423339787,15.243271827697708],[107.673736572265653,15.218272209167377],[107.682899475097685,15.188272476196246],[107.649566650390696,15.204938888549741],[107.635398864746122,15.157439231872466],[107.647064208984432,15.114938735961875],[107.597900390625099,15.089105606078984],[107.621231079101619,15.050772666931106],[107.580398559570355,15.029106140136633],[107.539566040039091,15.049939155578546],[107.509567260742259,15.024939537048304],[107.472900390625028,15.020772933959886],[107.460403442382926,14.997439384460382],[107.477066040039148,14.993272781371964],[107.489570617675881,14.944106101989657],[107.584564208984389,14.893273353576614],[107.59623718261733,14.866606712341252]]]}}
]
}
