{"type":"FeatureCollection","features":[{"type":"Feature","geometry":{"type":"Point","coordinates":[107.95,21.55]},"properties":{"id":"MB9500055","name":"Đoan Tinh","name_en":"Doan Tinh","province":"Quảng Ninh","commune":"Móng Cái 3","page":"dams/QuangNinh/DoanTinh_MongCai3_QuangNinh_VN.html"}},{"type":"Feature","geometry":{"type":"Point","coordinates":[104.35,22.7]},"properties":{"id":"MB02644","name":"Pa Ke","name_en":"Pa Ke","province":"Tuyên Quang","commune":"Pà Vầy Sủ","page":"dams/TuyenQuang/PaKe_PaVaySu_TuyenQuang_VN.html"}},{"type":"Feature","geometry":{"type":"Point","coordinates":[107.1,10.35]},"properties":{"id":"MB05980","name":"Bàu Sen","name_en":"Ho Bau Sen","province":"TP. Hồ Chí Minh","commune":"Vũng Tàu","page":"dams/TPHoChiMinh/HoBauSen_VungTau_TPHoChiMinh_VN.html"}},{"type":"Feature","geometry":{"type":"Point","coordinates":[107.242,10.45]},"properties":{"id":"MB05169","name":"Sở Bông","name_en":"So Bong","province":"TP. Hồ Chí Minh","commune":"Phước Hải","page":"dams/TPHoChiMinh/SoBong_PhuocHai_TPHoChiMinh_VN.html"}},{"type":"Feature","geometry":{"type":"Point","coordinates":[107.4,10.5]},"properties":{"id":"MB04130","name":"Song Kinh","name_en":"Ho Song Kinh","province":"TP. Hồ Chí Minh","commune":"Hồ Tràm","page":"dams/TPHoChiMinh/HoSongKinh_HoTram_TPHoChiMinh_VN.html"}},{"type":"Feature","geometry":{"type":"Point","coordinates":[107.4,10.55]},"properties":{"id":"MB05171","name":"Xuyên Mộc","name_en":"Xuyen Moc","province":"TP. Hồ Chí Minh","commune":"Hồ Tràm","page":"dams/TPHoChiMinh/XuyenMoc_HoTram_TPHoChiMinh_VN.html"}},{"type":"Feature","geometry":{"type":"Point","coordinates":[107.25,10.55]},"properties":{"id":"MB05174","name":"Đá Bàng","name_en":"Ho Da Bang","province":"TP. Hồ Chí Minh","commune":"Nghĩa Thành","page":"dams/TPHoChiMinh/HoDaBang_NghiaThanh_TPHoChiMinh_VN.html"}},{"type":"Feature","geometry":{"type":"Point","coordinates":[107.3,10.55]},"properties":{"id":"MB05172","name":"Suối Môn","name_en":"Suoi Mon","province":"TP. Hồ Chí Minh","commune":"Đất Đỏ","page":"dams/TPHoChiMinh/SuoiMon_DatDo_TPHoChiMinh_VN.html"}},{"type":"Feature","geometry":{"type":"Point","coordinates":[107.3,10.6]},"properties":{"id":"MB02407","name":"Suối Giàu","name_en":"Ho Suoi Rao","province":"TP. Hồ Chí Minh","commune":"Xuân Sơn","page":"dams/TPHoChiMinh/HoSuoiRao_XuanSon_TPHoChiMinh_VN.html"}},{"type":"Feature","geometry":{"type":"Point","coordinates":[107.1,10.65]},"properties":{"id":"MB05991","name":"Suối Nhum","name_en":"Ho Suoi Nhum","province":"TP. Hồ Chí Minh","commune":"Tân Thành","page":"dams/TPHoChiMinh/HoSuoiNhum_TanThanh_TPHoChiMinh_VN.html"}},{"type":"Feature","geometry":{"type":"Point","coordinates":[107.35,10.65]},"properties":{"id":"MB03257","name":"Đập Sông Ray","name_en":"Dap Song Ray","province":"TP. Hồ Chí Minh","commune":"Xuân Sơn","page":"dams/TPHoChiMinh/DapSongRay_XuanSon_TPHoChiMinh_VN.html"}},{"type":"Feature","geometry":{"type":"Point","coordinates":[107.2,10.65]},"properties":{"id":"MB08379","name":"Núi Nhan","name_en":"Ho Nui Nhan","province":"TP. Hồ Chí Minh","commune":"Kim Long","page":"dams/TPHoChiMinh/HoNuiNhan_KimLong_TPHoChiMinh_VN.html"}},{"type":"Feature","geometry":{"type":"Point","coordinates":[107.2,10.7]},"properties":{"id":"MB05178","name":"Kim Long","name_en":"Kim Long","province":"TP. Hồ Chí Minh","commune":"Kim Long","page":"dams/TPHoChiMinh/KimLong_KimLong_TPHoChiMinh_VN.html"}},{"type":"Feature","geometry":{"type":"Point","coordinates":[107.25,10.7]},"properties":{"id":"MB05179","name":"Tầm Bó","name_en":"Tam Bo","province":"TP. Hồ Chí Minh","commune":"Kim Long","page":"dams/TPHoChiMinh/TamBo_KimLong_TPHoChiMinh_VN.html"}},{"type":"Feature","geometry":{"type":"Point","coordinates":[107.3,10.7]},"properties":{"id":"MB05181","name":"Gia Hoét I","name_en":"Gia Hoet I","province":"TP. Hồ Chí Minh","commune":"Bình Giã","page":"dams/TPHoChiMinh/GiaHoet1_BinhGia_TPHoChiMinh_VN.html"}},{"type":"Feature","geometry":{"type":"Point","coordinates":[107.3,10.75]},"properties":{"id":"MB02559","name":"Suối Đôi","name_en":"Suoi Doi","province":"Đồng Nai","commune":"Sông Ray","page":"dams/DongNai/SuoiDoi_SongRay_DongNai_VN.html"}},{"type":"Feature","geometry":{"type":"Point","coordinates":[107.8,10.75]},"properties":{"id":"MB05067","name":"Núi Đất","name_en":"Ho Nui Dat","province":"Lâm Đồng","commune":"Tân Hải","page":"dams/LamDong/HoNuiDat_TanHai_LamDong_VN.html"}},{"type":"Feature","geometry":{"type":"Point","coordinates":[107.15,10.75]},"properties":{"id":"MB03253","name":"Cầu Mới tuyến VI","name_en":"Cau Moi Tuyen Vi","province":"Đồng Nai","commune":"Long Phước","page":"dams/DongNai/CauMoiTuyen6_LongPhuoc_DongNai_VN.html"}},{"type":"Feature","geometry":{"type":"Point","coordinates":[107.6,10.8]},"properties":{"id":"MB03246","name":"Gia Oi","name_en":"Ho Gia Oi","province":"Lâm Đồng","commune":"Tân Minh","page":"dams/LamDong/HoGiaOi_TanMinh_LamDong_VN.html"}},{"type":"Feature","geometry":{"type":"Point","coordinates":[107.0,10.8]},"properties":{"id":"MB05997","name":"Lộc An","name_en":"Ho Loc An","province":"Đồng Nai","commune":"Long Thành","page":"dams/DongNai/HoLocAn_LongThanh_DongNai_VN.html"}},{"type":"Feature","geometry":{"type":"Point","coordinates":[107.3,10.85]},"properties":{"id":"MB02529","name":"Suối Vọng","name_en":"Ho Suoi Vong","province":"Đồng Nai","commune":"Xuân Định","page":"dams/DongNai/HoSuoiVong_XuanDinh_DongNai_VN.html"}},{"type":"Feature","geometry":{"type":"Point","coordinates":[105.1,10.95]},"properties":{"id":"MB08168","name":"Búng Bình Thiên Lớn","name_en":"Bung Binh Thien Lon","province":"An Giang","commune":"Nhơn Hội","page":"dams/AnGiang/BungBinhThienLon_NhonHoi_AnGiang_VN.html"}},{"type":"Feature","geometry":{"type":"Point","coordinates":[107.45,10.95]},"properties":{"id":"MB02526","name":"Núi Le","name_en":"Ho Nui Le","province":"Đồng Nai","commune":"Xuân Hòa","page":"dams/DongNai/HoNuiLe_XuanHoa_DongNai_VN.html"}},{"type":"Feature","geometry":{"type":"Point","coordinates":[108.05,10.95]},"properties":{"id":"MB05071","name":"Cà Giang","name_en":"Ca Giang","province":"Lâm Đồng","commune":"Bình Thuận","page":"dams/LamDong/CaGiang_BinhThuan_LamDong_VN.html"}},{"type":"Feature","geometry":{"type":"Point","coordinates":[107.25,10.95]},"properties":{"id":"MB01653","name":"Suoi Tre","name_en":"Ho Suoi Tre","province":"Đồng Nai","commune":"Bình Lộc","page":"dams/DongNai/HoSuoiTre_BinhLoc_DongNai_VN.html"}},{"type":"Feature","geometry":{"type":"Point","coordinates":[107.95,10.95]},"properties":{"id":"MB90258","name":"Ba Bàu","name_en":"Ho Ba Bau","province":"Lâm Đồng","commune":"Hàm Thạnh","page":"dams/LamDong/HoBaBau_HamThanh_LamDong_VN.html"}},{"type":"Feature","geometry":{"type":"Point","coordinates":[106.95,11.0]},"properties":{"id":"MB05187","name":"Bà Long","name_en":"Ba Long","province":"Đồng Nai","commune":"Hố Nai","page":"dams/DongNai/BaLong_HoNai_DongNai_VN.html"}},{"type":"Feature","geometry":{"type":"Point","coordinates":[107.0,11.0]},"properties":{"id":"MB05188","name":"Sông Mây","name_en":"Song May","province":"Đồng Nai","commune":"Bình Minh","page":"dams/DongNai/SongMay_BinhMinh_DongNai_VN.html"}},{"type":"Feature","geometry":{"type":"Point","coordinates":[106.7,11.0]},"properties":{"id":"MB05998","name":"Tân Vĩnh Hiệp","name_en":"Ho Tan Vinh Hiep","province":"TP. Hồ Chí Minh","commune":"Bình Dương","page":"dams/TPHoChiMinh/HoTanVinhHiep_BinhDuong_TPHoChiMinh_VN.html"}},{"type":"Feature","geometry":{"type":"Point","coordinates":[107.0,11.05]},"properties":{"id":"MB05190","name":"Mo Nang","name_en":"Mo Nang","province":"Đồng Nai","commune":"Tân An","page":"dams/DongNai/MoNang_TanAn_DongNai_VN.html"}},{"type":"Feature","geometry":{"type":"Point","coordinates":[106.65,11.05]},"properties":{"id":"MB05999","name":"Ông Thiềng","name_en":"Ho Ong Thieng","province":"TP. Hồ Chí Minh","commune":"Bình Dương","page":"dams/TPHoChiMinh/HoOngThieng_BinhDuong_TPHoChiMinh_VN.html"}},{"type":"Feature","geometry":{"type":"Point","coordinates":[106.9,11.1]},"properties":{"id":"MB06000","name":"Dốc Nhàn","name_en":"Ho Doc Nhan","province":"TP. Hồ Chí Minh","commune":"Thường Tân","page":"dams/TPHoChiMinh/HoDocNhan_ThuongTan_TPHoChiMinh_VN.html"}},{"type":"Feature","geometry":{"type":"Point","coordinates":[107.0,11.1]},"properties":{"id":"MB03262","name":"Trị An","name_en":"Tri An 1","province":"Đồng Nai","commune":"Trị An","page":"dams/DongNai/TriAn1_TriAn_DongNai_VN.html"}},{"type":"Feature","geometry":{"type":"Point","coordinates":[108.2,11.15]},"properties":{"id":"MB02404","name":"Suối Đá","name_en":"Ho Suoi Da","province":"Lâm Đồng","commune":"Hồng Sơn","page":"dams/LamDong/HoSuoiDa_HongSon_LamDong_VN.html"}},{"type":"Feature","geometry":{"type":"Point","coordinates":[107.6,11.15]},"properties":{"id":"MB90308","name":"Thác Mai","name_en":"Thac Mai","province":"Lâm Đồng","commune":"Tánh Linh","page":"dams/LamDong/ThacMai_TanhLinh_LamDong_VN.html"}},{"type":"Feature","geometry":{"type":"Point","coordinates":[106.6,11.2]},"properties":{"id":"MB06001","name":"Từ Vân","name_en":"Ho Tu Van","province":"TP. Hồ Chí Minh","commune":"Bến Cát","page":"dams/TPHoChiMinh/HoTuVan_BenCat_TPHoChiMinh_VN.html"}},{"type":"Feature","geometry":{"type":"Point","coordinates":[108.0,11.2]},"properties":{"id":"MB00972","name":"Ðan Sách 3","name_en":"Dan Sach 3","province":"Lâm Đồng","commune":"Đông Giang","page":"dams/LamDong/DanSach3_DongGiang_LamDong_VN.html"}},{"type":"Feature","geometry":{"type":"Point","coordinates":[106.4,11.25]},"properties":{"id":"MB02402","name":"Cần Nôm","name_en":"Ho Can Nom","province":"TP. Hồ Chí Minh","commune":"Thanh An","page":"dams/TPHoChiMinh/HoCanNom_ThanhAn_TPHoChiMinh_VN.html"}},{"type":"Feature","geometry":{"type":"Point","coordinates":[108.008,11.25]},"properties":{"id":"MB01028","name":"Đan Sách 2","name_en":"Dan Sach 2","province":"Lâm Đồng","commune":"Đông Giang","page":"dams/LamDong/DanSach2_DongGiang_LamDong_VN.html"}},{"type":"Feature","geometry":{"type":"Point","coordinates":[107.85,11.25]},"properties":{"id":"MB01735","name":"Đa Mi","name_en":"Da Mi","province":"Lâm Đồng","commune":"Đồng Kho","page":"dams/LamDong/DaMi_DongKho_LamDong_VN.html"}},{"type":"Feature","geometry":{"type":"Point","coordinates":[106.75,11.25]},"properties":{"id":"MB06002","name":"Suối Lùng","name_en":"Ho Suoi Lung","province":"TP. Hồ Chí Minh","commune":"Phước Hòa","page":"dams/TPHoChiMinh/HoSuoiLung_PhuocHoa_TPHoChiMinh_VN.html"}},{"type":"Feature","geometry":{"type":"Point","coordinates":[107.9,11.25]},"properties":{"id":"MB90313","name":"Đa Guri","name_en":"Ho Da Guri","province":"Lâm Đồng","commune":"La Dạ","page":"dams/LamDong/HoDaGuri_LaDa_LamDong_VN.html"}},{"type":"Feature","geometry":{"type":"Point","coordinates":[107.992,11.25]},"properties":{"id":"MB01263","name":"Dan Sach 1","name_en":"Dan Sach 1","province":"Lâm Đồng","commune":"Đông Giang","page":"dams/LamDong/DanSach1_DongGiang_LamDong_VN.html"}},{"type":"Feature","geometry":{"type":"Point","coordinates":[107.35,11.3]},"properties":{"id":"MB04322","name":"Phú Tân 2","name_en":"Phu Tan 2","province":"Đồng Nai","commune":"Phú Vinh","page":"dams/DongNai/PhuTan2_PhuVinh_DongNai_VN.html"}},{"type":"Feature","geometry":{"type":"Point","coordinates":[107.5,11.3]},"properties":{"id":"MB90306","name":"Đa Tôn","name_en":"Ho Da Ton","province":"Đồng Nai","commune":"Phú Lâm","page":"dams/DongNai/HoDaTon_PhuLam_DongNai_VN.html"}},{"type":"Feature","geometry":{"type":"Point","coordinates":[106.35,11.3]},"properties":{"id":"MB03269","name":"Dầu Tiếng","name_en":"Ho Dau Tieng","province":"TP. Hồ Chí Minh","commune":"Dầu Tiếng","page":"dams/TPHoChiMinh/HoDauTieng_DauTieng_TPHoChiMinh_VN.html"}},{"type":"Feature","geometry":{"type":"Point","coordinates":[107.95,11.35]},"properties":{"id":"MB03316","name":"Hàm Thuận","name_en":"Ham Thuan","province":"Lâm Đồng","commune":"Đông Giang","page":"dams/LamDong/HamThuan_DongGiang_LamDong_VN.html"}},{"type":"Feature","geometry":{"type":"Point","coordinates":[108.3,11.35]},"properties":{"id":"MB02765","name":"Sông Lũy","name_en":"Song Luy","province":"Lâm Đồng","commune":"Phan Sơn","page":"dams/LamDong/SongLuy_PhanSon_LamDong_VN.html"}},{"type":"Feature","geometry":{"type":"Point","coordinates":[107.35,11.4]},"properties":{"id":"MB01714","name":"Đập Vàm Hô","name_en":"Dap Vam Ho","province":"Đồng Nai","commune":"Tà Lài","page":"dams/DongNai/DapVamHo_TaLai_DongNai_VN.html"}},{"type":"Feature","geometry":{"type":"Point","coordinates":[106.45,11.4]},"properties":{"id":"MB01046","name":"Minh Tan","name_en":"Minh Tan","province":"TP. Hồ Chí Minh","commune":"Minh Thạnh","page":"dams/TPHoChiMinh/MinhTan_MinhThanh_TPHoChiMinh_VN.html"}},{"type":"Feature","geometry":{"type":"Point","coordinates":[106.85,11.45]},"properties":{"id":"MB06004","name":"Tân Lợi","name_en":"Ho Tan Loi","province":"Đồng Nai","commune":"Đồng Phú","page":"dams/DongNai/HoTanLoi_DongPhu_DongNai_VN.html"}},{"type":"Feature","geometry":{"type":"Point","coordinates":[107.6,11.45]},"properties":{"id":"MB01734","name":"Phước Lộc","name_en":"Dap thuy loi Phuoc Loc","province":"Lâm Đồng","commune":"Đạ Huoai 2","page":"dams/LamDong/DapThuyLoiPhuocLoc_DaHuoai2_LamDong_VN.html"}},{"type":"Feature","geometry":{"type":"Point","coordinates":[108.8,11.45]},"properties":{"id":"MB90233","name":"Sông Biêu","name_en":"Ho Song Bieu 2","province":"Khánh Hòa","commune":"Phước Hà","page":"dams/KhanhHoa/HoSongBieu2_PhuocHa_KhanhHoa_VN.html"}},{"type":"Feature","geometry":{"type":"Point","coordinates":[107.05,11.45]},"properties":{"id":"MB06017","name":"Tân Hưng","name_en":"Ho Tan Hung","province":"Đồng Nai","commune":"Phú Lý","page":"dams/DongNai/HoTanHung_PhuLy_DongNai_VN.html"}},{"type":"Feature","geometry":{"type":"Point","coordinates":[108.95,11.5]},"properties":{"id":"MB90197","name":"Bầu Ngứ","name_en":"Ho Bau Ngu","province":"Khánh Hòa","commune":"Ninh Phước","page":"dams/KhanhHoa/HoBauNgu_NinhPhuoc_KhanhHoa_VN.html"}},{"type":"Feature","geometry":{"type":"Point","coordinates":[108.8,11.5]},"properties":{"id":"MB90199","name":"Tân Giang","name_en":"Ho Tan Giang","province":"Khánh Hòa","commune":"Phước Hà","page":"dams/KhanhHoa/HoTanGiang_PhuocHa_KhanhHoa_VN.html"}},{"type":"Feature","geometry":{"type":"Point","coordinates":[107.5,11.5]},"properties":{"id":"MB9500235","name":"Thạch Thất","name_en":"Thach That","province":"Lâm Đồng","commune":"Đạ Tẻh 2","page":"dams/LamDong/ThachThat_DaTeh2_LamDong_VN.html"}},{"type":"Feature","geometry":{"type":"Point","coordinates":[107.842,11.5]},"properties":{"id":"MB04161","name":"Đại Bình","name_en":"Dai Binh","province":"Lâm Đồng","commune":"Bảo Lâm 2","page":"dams/LamDong/DaiBinh_BaoLam2_LamDong_VN.html"}},{"type":"Feature","geometry":{"type":"Point","coordinates":[108.85,11.5]},"properties":{"id":"MB05077","name":"CK7","name_en":"CK7","province":"Khánh Hòa","commune":"Phước Hà","page":"dams/KhanhHoa/CK7_PhuocHa_KhanhHoa_VN.html"}},{"type":"Feature","geometry":{"type":"Point","coordinates":[107.858,11.5]},"properties":{"id":"MB01135","name":"Tân Lộc","name_en":"Tan Loc","province":"Lâm Đồng","commune":"Bảo Lâm 2","page":"dams/LamDong/TanLoc_BaoLam2_LamDong_VN.html"}},{"type":"Feature","geometry":{"type":"Point","coordinates":[107.95,11.5]},"properties":{"id":"MB05957","name":"Đập Srê Kơ Lào","name_en":"Dap Sre Ko Lao","province":"Lâm Đồng","commune":"Hòa Ninh","page":"dams/LamDong/DapSreKoLao_HoaNinh_LamDong_VN.html"}},{"type":"Feature","geometry":{"type":"Point","coordinates":[107.45,11.55]},"properties":{"id":"MB05195","name":"Đạ Hàm","name_en":"Da Ham","province":"Lâm Đồng","commune":"Đạ Tẻh","page":"dams/LamDong/DaHam_DaTeh_LamDong_VN.html"}},{"type":"Feature","geometry":{"type":"Point","coordinates":[107.85,11.55]},"properties":{"id":"MB00968","name":"Loc Phat","name_en":"Loc Phat","province":"Lâm Đồng","commune":"1 Bảo Lộc","page":"dams/LamDong/LocPhat_1BaoLoc_LamDong_VN.html"}},{"type":"Feature","geometry":{"type":"Point","coordinates":[108.0,11.55]},"properties":{"id":"MB01034","name":"Ða Trou Kea","name_en":"Da Trou Kea","province":"Lâm Đồng","commune":"Di Linh","page":"dams/LamDong/DaTrouKea_DiLinh_LamDong_VN.html"}},{"type":"Feature","geometry":{"type":"Point","coordinates":[106.6,11.55]},"properties":{"id":"MB06005","name":"Bàu Úm","name_en":"Ho Bau Um","province":"Đồng Nai","commune":"Tân Khai","page":"dams/DongNai/HoBauUm_TanKhai_DongNai_VN.html"}},{"type":"Feature","geometry":{"type":"Point","coordinates":[107.8,11.55]},"properties":{"id":"MB02524","name":"Nam Phương","name_en":"Nam Phuong","province":"Lâm Đồng","commune":"1 Bảo Lộc","page":"dams/LamDong/NamPhuong_1BaoLoc_LamDong_VN.html"}},{"type":"Feature","geometry":{"type":"Point","coordinates":[106.65,11.55]},"properties":{"id":"MB06006","name":"Suối Lai","name_en":"Ho Suoi Lai","province":"Đồng Nai","commune":"Tân Quan","page":"dams/DongNai/HoSuoiLai_TanQuan_DongNai_VN.html"}},{"type":"Feature","geometry":{"type":"Point","coordinates":[107.75,11.55]},"properties":{"id":"MB01071","name":"Da Br'len","name_en":"Da Br'len","province":"Lâm Đồng","commune":"2 Bảo Lộc","page":"dams/LamDong/DaBrLen_2BaoLoc_LamDong_VN.html"}},{"type":"Feature","geometry":{"type":"Point","coordinates":[108.058,11.6]},"properties":{"id":"MB01763","name":"Đập Tây Di Linh","name_en":"Dap Tay Di Linh","province":"Lâm Đồng","commune":"Di Linh","page":"dams/LamDong/DapTayDiLinh_DiLinh_LamDong_VN.html"}},{"type":"Feature","geometry":{"type":"Point","coordinates":[107.858,11.6]},"properties":{"id":"MB05940","name":"Lộc Thanh","name_en":"Ho Loc Thanh","province":"Lâm Đồng","commune":"1 Bảo Lộc","page":"dams/LamDong/HoLocThanh_1BaoLoc_LamDong_VN.html"}},{"type":"Feature","geometry":{"type":"Point","coordinates":[106.5,11.6]},"properties":{"id":"MB06007","name":"Chà Là","name_en":"Ho Cha La","province":"Đồng Nai","commune":"Minh Đức","page":"dams/DongNai/HoChaLa_MinhDuc_DongNai_VN.html"}},{"type":"Feature","geometry":{"type":"Point","coordinates":[107.5,11.6]},"properties":{"id":"MB05197","name":"Thôn 5 Quốc Oai","name_en":"Thon 5 Quoc Oai","province":"Lâm Đồng","commune":"Đạ Tẻh 3","page":"dams/LamDong/Thon5QuocOai_DaTeh3_LamDong_VN.html"}},{"type":"Feature","geometry":{"type":"Point","coordinates":[106.958,11.6]},"properties":{"id":"MB01454","name":"Đồng Xoài","name_en":"Ho Dong Xoai","province":"Đồng Nai","commune":"Thuận Lợi","page":"dams/DongNai/HoDongXoai_ThuanLoi_DongNai_VN.html"}},{"type":"Feature","geometry":{"type":"Point","coordinates":[107.45,11.6]},"properties":{"id":"MB90265","name":"Đạ Lây","name_en":"Ho Da Lay","province":"Lâm Đồng","commune":"Đạ Tẻh","page":"dams/LamDong/HoDaLay_DaTeh_LamDong_VN.html"}},{"type":"Feature","geometry":{"type":"Point","coordinates":[108.1,11.6]},"properties":{"id":"MB05714","name":"Đập Đông Di Linh","name_en":"Dap Dong Di Linh","province":"Lâm Đồng","commune":"Di Linh","page":"dams/LamDong/DapDongDiLinh_DiLinh_LamDong_VN.html"}},{"type":"Feature","geometry":{"type":"Point","coordinates":[109.1,11.6]},"properties":{"id":"MB05086","name":"Ông Kinh","name_en":"Ong Kinh","province":"Khánh Hòa","commune":"Vĩnh Hải","page":"dams/KhanhHoa/OngKinh_VinhHai_KhanhHoa_VN.html"}},{"type":"Feature","geometry":{"type":"Point","coordinates":[106.6,11.6]},"properties":{"id":"MB01264","name":"Đập Sa Cát","name_en":"Dap Sa Cat","province":"Đồng Nai","commune":"Bình Long","page":"dams/DongNai/DapSaCat_BinhLong_DongNai_VN.html"}},{"type":"Feature","geometry":{"type":"Point","coordinates":[107.3,11.6]},"properties":{"id":"MB05198","name":"Phước Trung","name_en":"Phuoc Trung","province":"Lâm Đồng","commune":"Cát Tiên 2","page":"dams/LamDong/PhuocTrung_CatTien2_LamDong_VN.html"}},{"type":"Feature","geometry":{"type":"Point","coordinates":[108.15,11.6]},"properties":{"id":"MB05083","name":"Trại Heo","name_en":"Trai Heo","province":"Lâm Đồng","commune":"Bảo Thuận","page":"dams/LamDong/TraiHeo_BaoThuan_LamDong_VN.html"}},{"type":"Feature","geometry":{"type":"Point","coordinates":[108.042,11.6]},"properties":{"id":"MB05960","name":"1019","name_en":"Ho 1019","province":"Lâm Đồng","commune":"Di Linh","page":"dams/LamDong/Ho1019_DiLinh_LamDong_VN.html"}},{"type":"Feature","geometry":{"type":"Point","coordinates":[108.85,11.6]},"properties":{"id":"MB90194","name":"Lanh Ra","name_en":"Ho Lanh Ra","province":"Khánh Hòa","commune":"Phước Hậu","page":"dams/KhanhHoa/HoLanhRa_PhuocHau_KhanhHoa_VN.html"}},{"type":"Feature","geometry":{"type":"Point","coordinates":[108.296,11.657]},"properties":{"id":"MB01707","name":"Đa Queyon","name_en":"Da Queyon","province":"Lâm Đồng","commune":"Ninh Gia","page":"dams/LamDong/DaQueyon_NinhGia_LamDong_VN.html"}},{"type":"Feature","geometry":{"type":"Point","coordinates":[107.8,11.65]},"properties":{"id":"MB02521","name":"Bảy Mẫu","name_en":"Loc Thang","province":"Lâm Đồng","commune":"Bảo Lâm 1","page":"dams/LamDong/LocThang_BaoLam1_LamDong_VN.html"}},{"type":"Feature","geometry":{"type":"Point","coordinates":[108.296,11.643]},"properties":{"id":"MB01708","name":"Đa Quyn","name_en":"Da Quyn","province":"Lâm Đồng","commune":"Ninh Gia","page":"dams/LamDong/DaQuyn_NinhGia_LamDong_VN.html"}},{"type":"Feature","geometry":{"type":"Point","coordinates":[107.75,11.65]},"properties":{"id":"MB01757","name":"Đam Bri 1","name_en":"Da M'bri 1","province":"Lâm Đồng","commune":"2 Bảo Lộc","page":"dams/LamDong/DaMBri1_2BaoLoc_LamDong_VN.html"}},{"type":"Feature","geometry":{"type":"Point","coordinates":[107.35,11.65]},"properties":{"id":"MB05942","name":"Đạ Bo B","name_en":"Ho Da Bo B","province":"Lâm Đồng","commune":"Cát Tiên 3","page":"dams/LamDong/HoDaBoB_CatTien3_LamDong_VN.html"}},{"type":"Feature","geometry":{"type":"Point","coordinates":[108.308,11.65]},"properties":{"id":"MB01704","name":"Đại Ninh","name_en":"Dai Ninh","province":"Lâm Đồng","commune":"Đức Trọng","page":"dams/LamDong/DaiNinh_DucTrong_LamDong_VN.html"}},{"type":"Feature","geometry":{"type":"Point","coordinates":[107.9,11.65]},"properties":{"id":"MB05961","name":"Đăk Glé","name_en":"Ho Dak Gle","province":"Lâm Đồng","commune":"Bảo Lâm 2","page":"dams/LamDong/HoDakGle_BaoLam2_LamDong_VN.html"}},{"type":"Feature","geometry":{"type":"Point","coordinates":[107.05,11.65]},"properties":{"id":"MB06018","name":"Ông Thoại","name_en":"Ho Ong Thoai","province":"Đồng Nai","commune":"Nghĩa Trung","page":"dams/DongNai/HoOngThoai_NghiaTrung_DongNai_VN.html"}},{"type":"Feature","geometry":{"type":"Point","coordinates":[107.95,11.65]},"properties":{"id":"MB05081","name":"Đắk Lông Thượng","name_en":"Dak Long Thuong","province":"Lâm Đồng","commune":"Bảo Lâm 1","page":"dams/LamDong/DakLongThuong_BaoLam1_LamDong_VN.html"}},{"type":"Feature","geometry":{"type":"Point","coordinates":[107.4,11.65]},"properties":{"id":"MB05943","name":"Đạ Sị","name_en":"Ho Da Si","province":"Lâm Đồng","commune":"Cát Tiên 3","page":"dams/LamDong/HoDaSi_CatTien3_LamDong_VN.html"}},{"type":"Feature","geometry":{"type":"Point","coordinates":[106.7,11.65]},"properties":{"id":"MB06009","name":"Sóc Xiêm","name_en":"Ho Soc Xiem","province":"Đồng Nai","commune":"Tân Hưng","page":"dams/DongNai/HoSocXiem_TanHung_DongNai_VN.html"}},{"type":"Feature","geometry":{"type":"Point","coordinates":[109.15,11.7]},"properties":{"id":"MB01479","name":"Nước Ngọt","name_en":"Nuoc Ngot","province":"Khánh Hòa","commune":"Vĩnh Hải","page":"dams/KhanhHoa/NuocNgot_VinhHai_KhanhHoa_VN.html"}},{"type":"Feature","geometry":{"type":"Point","coordinates":[108.75,11.7]},"properties":{"id":"MB05963","name":"Sông Than","name_en":"Ho Song Than","province":"Khánh Hòa","commune":"Anh Dũng","page":"dams/KhanhHoa/HoSongThan_AnhDung_KhanhHoa_VN.html"}},{"type":"Feature","geometry":{"type":"Point","coordinates":[106.85,11.7]},"properties":{"id":"MB01456","name":"NT9","name_en":"NT9","province":"Đồng Nai","commune":"Long Hà","page":"dams/DongNai/NT9_LongHa_DongNai_VN.html"}},{"type":"Feature","geometry":{"type":"Point","coordinates":[108.4,11.7]},"properties":{"id":"MB05966","name":"Bookabang","name_en":"Ho Bookabang","province":"Lâm Đồng","commune":"Đơn Dương","page":"dams/LamDong/HoBookabang_DonDuong_LamDong_VN.html"}},{"type":"Feature","geometry":{"type":"Point","coordinates":[108.95,11.7]},"properties":{"id":"MB05965","name":"Phước Trung","name_en":"Ho Phuoc Trung","province":"Khánh Hòa","commune":"Mỹ Sơn","page":"dams/KhanhHoa/HoPhuocTrung_MySon_KhanhHoa_VN.html"}},{"type":"Feature","geometry":{"type":"Point","coordinates":[108.55,11.7]},"properties":{"id":"MB05084","name":"Próh","name_en":"Proh","province":"Lâm Đồng","commune":"Quảng Lập","page":"dams/LamDong/Proh_QuangLap_LamDong_VN.html"}},{"type":"Feature","geometry":{"type":"Point","coordinates":[107.65,11.7]},"properties":{"id":"MB01120","name":"Ðam Bol","name_en":"Dambol","province":"Lâm Đồng","commune":"Bảo Lâm 5","page":"dams/LamDong/Dambol_BaoLam5_LamDong_VN.html"}},{"type":"Feature","geometry":{"type":"Point","coordinates":[108.05,11.7]},"properties":{"id":"MB00080","name":"Đồng Nai 2","name_en":"Dong Nai 2","province":"Lâm Đồng","commune":"Đinh Trang Thượng","page":"dams/LamDong/DongNai2_DinhTrangThuong_LamDong_VN.html"}},{"type":"Feature","geometry":{"type":"Point","coordinates":[108.35,11.7]},"properties":{"id":"MB05085","name":"Nam Sơn","name_en":"Nam Son","province":"Lâm Đồng","commune":"Đức Trọng","page":"dams/LamDong/NamSon_DucTrong_LamDong_VN.html"}},{"type":"Feature","geometry":{"type":"Point","coordinates":[109.0,11.7]},"properties":{"id":"MB08395","name":"Phước Nhơn","name_en":"Ho Phuoc Nhon","province":"Khánh Hòa","commune":"Mỹ Sơn","page":"dams/KhanhHoa/HoPhuocNhon_MySon_KhanhHoa_VN.html"}},{"type":"Feature","geometry":{"type":"Point","coordinates":[106.7,11.75]},"properties":{"id":"MB06010","name":"An Khương","name_en":"Ho An Khuong","province":"Đồng Nai","commune":"Tân Hưng","page":"dams/DongNai/HoAnKhuong_TanHung_DongNai_VN.html"}},{"type":"Feature","geometry":{"type":"Point","coordinates":[107.95,11.75]},"properties":{"id":"MB05968","name":"Đạ Sro 2","name_en":"Ho Da Sro 2","province":"Lâm Đồng","commune":"Đinh Trang Thượng","page":"dams/LamDong/HoDaSro2_DinhTrangThuong_LamDong_VN.html"}},{"type":"Feature","geometry":{"type":"Point","coordinates":[108.8,11.758]},"properties":{"id":"MB02837","name":"Song Ong 1","name_en":"Song Ong 1","province":"Khánh Hòa","commune":"Ninh Sơn","page":"dams/KhanhHoa/SongOng1_NinhSon_KhanhHoa_VN.html"}},{"type":"Feature","geometry":{"type":"Point","coordinates":[109.05,11.75]},"properties":{"id":"MB01450","name":"Bà Râu","name_en":"Ho Ba Rau","province":"Khánh Hòa","commune":"Thuận Bắc","page":"dams/KhanhHoa/HoBaRau_ThuanBac_KhanhHoa_VN.html"}},{"type":"Feature","geometry":{"type":"Point","coordinates":[108.85,11.75]},"properties":{"id":"MB03280","name":"Cho Mo","name_en":"Ho Cho Mo","province":"Khánh Hòa","commune":"Mỹ Sơn","page":"dams/KhanhHoa/HoChoMo_MySon_KhanhHoa_VN.html"}},{"type":"Feature","geometry":{"type":"Point","coordinates":[107.45,11.75]},"properties":{"id":"MB01838","name":"Đập Bê Đê","name_en":"Dap Be De","province":"Lâm Đồng","commune":"Cát Tiên 3","page":"dams/LamDong/DapBeDe_CatTien3_LamDong_VN.html"}},{"type":"Feature","geometry":{"type":"Point","coordinates":[108.808,11.75]},"properties":{"id":"MB01093","name":"Sông Ông","name_en":"Song Ong","province":"Khánh Hòa","commune":"Ninh Sơn","page":"dams/KhanhHoa/SongOng_NinhSon_KhanhHoa_VN.html"}},{"type":"Feature","geometry":{"type":"Point","coordinates":[106.75,11.75]},"properties":{"id":"MB00401","name":"Srok Phu Miêng","name_en":"Srok Phu Mieng","province":"Đồng Nai","commune":"Bình Tân","page":"dams/DongNai/SrokPhuMieng_BinhTan_DongNai_VN.html"}},{"type":"Feature","geometry":{"type":"Point","coordinates":[107.8,11.75]},"properties":{"id":"MB01059","name":"Đa Kai","name_en":"Da Kai","province":"Lâm Đồng","commune":"Bảo Lâm 4","page":"dams/LamDong/DaKai_BaoLam4_LamDong_VN.html"}},{"type":"Feature","geometry":{"type":"Point","coordinates":[106.958,11.8]},"properties":{"id":"MB01497","name":"Nông Trường 8","name_en":"Ho Nong Truong 8","province":"Đồng Nai","commune":"Bình Tân","page":"dams/DongNai/HoNongTruong8_BinhTan_DongNai_VN.html"}},{"type":"Feature","geometry":{"type":"Point","coordinates":[108.45,11.8]},"properties":{"id":"MB05095","name":"Đạ Ròn","name_en":"Da Ron","province":"Lâm Đồng","commune":"Hiệp Thạnh","page":"dams/LamDong/DaRon_HiepThanh_LamDong_VN.html"}},{"type":"Feature","geometry":{"type":"Point","coordinates":[107.55,11.8]},"properties":{"id":"MB03374","name":"Đồng Nai 5","name_en":"Dong Nai 5","province":"Lâm Đồng","commune":"Bảo Lâm 5","page":"dams/LamDong/DongNai5_BaoLam5_LamDong_VN.html"}},{"type":"Feature","geometry":{"type":"Point","coordinates":[109.05,11.8]},"properties":{"id":"MB03388","name":"Sông Trâu","name_en":"Ho Song Trau","province":"Khánh Hòa","commune":"Công Hải","page":"dams/KhanhHoa/HoSongTrau_CongHai_KhanhHoa_VN.html"}},{"type":"Feature","geometry":{"type":"Point","coordinates":[106.85,11.8]},"properties":{"id":"MB01459","name":"Nong Truong 4","name_en":"Ho Nong Truong 4","province":"Đồng Nai","commune":"Bình Tân","page":"dams/DongNai/HoNongTruong4_BinhTan_DongNai_VN.html"}},{"type":"Feature","geometry":{"type":"Point","coordinates":[108.158,11.85]},"properties":{"id":"MB05718","name":"Da To-Toong","name_en":"Ho Da To-Toong","province":"Lâm Đồng","commune":"Phú Sơn Lâm Hà","page":"dams/LamDong/HoDaToToong_PhuSonLamHa_LamDong_VN.html"}},{"type":"Feature","geometry":{"type":"Point","coordinates":[108.1,11.8]},"properties":{"id":"MB9500236","name":"Lâm Pô","name_en":"Ho Lam Po","province":"Lâm Đồng","commune":"Phúc Thọ Lâm Hà","page":"dams/LamDong/HoLamPo_PhucThoLamHa_LamDong_VN.html"}},{"type":"Feature","geometry":{"type":"Point","coordinates":[106.942,11.8]},"properties":{"id":"MB06013","name":"Đắk Tol","name_en":"Ho Dak Tol","province":"Đồng Nai","commune":"Phước Long","page":"dams/DongNai/HoDakTol_PhuocLong_DongNai_VN.html"}},{"type":"Feature","geometry":{"type":"Point","coordinates":[107.45,11.8]},"properties":{"id":"MB03317","name":"Đắk Sin 1","name_en":"Ho Dak Sin 1","province":"Lâm Đồng","commune":"Quảng Tín","page":"dams/LamDong/HoDakSin1_QuangTin_LamDong_VN.html"}},{"type":"Feature","geometry":{"type":"Point","coordinates":[106.5,11.8]},"properties":{"id":"MB06014","name":"Tà Tê","name_en":"Ho Ta Te","province":"Đồng Nai","commune":"Lộc Thành","page":"dams/DongNai/HoTaTe_LocThanh_DongNai_VN.html"}},{"type":"Feature","geometry":{"type":"Point","coordinates":[108.708,11.85]},"properties":{"id":"MB00662","name":"Hạ Sông Pha 2","name_en":"Ha Song Pha 2","province":"Khánh Hòa","commune":"Lâm Sơn","page":"dams/KhanhHoa/HaSongPha2_LamSon_KhanhHoa_VN.html"}},{"type":"Feature","geometry":{"type":"Point","coordinates":[106.7,11.85]},"properties":{"id":"MB02538","name":"Lộc Quang","name_en":"Ho Loc Quang","province":"Đồng Nai","commune":"Lộc Quang","page":"dams/DongNai/HoLocQuang_LocQuang_DongNai_VN.html"}},{"type":"Feature","geometry":{"type":"Point","coordinates":[109.1,11.85]},"properties":{"id":"MB05092","name":"Ma Trai","name_en":"Ma Trai","province":"Khánh Hòa","commune":"Công Hải","page":"dams/KhanhHoa/MaTrai_CongHai_KhanhHoa_VN.html"}},{"type":"Feature","geometry":{"type":"Point","coordinates":[108.692,11.85]},"properties":{"id":"MB03168","name":"Hạ Sông Pha 1","name_en":"Ha Song Pha 1","province":"Khánh Hòa","commune":"Lâm Sơn","page":"dams/KhanhHoa/HaSongPha1_LamSon_KhanhHoa_VN.html"}},{"type":"Feature","geometry":{"type":"Point","coordinates":[107.65,11.85]},"properties":{"id":"MB01139","name":"Ða Siat","name_en":"Da Siat","province":"Lâm Đồng","commune":"Bảo Lâm 5","page":"dams/LamDong/DaSiat_BaoLam5_LamDong_VN.html"}},{"type":"Feature","geometry":{"type":"Point","coordinates":[108.2,11.85]},"properties":{"id":"MB01129","name":"An Phước","name_en":"An Phuoc","province":"Lâm Đồng","commune":"Phú Sơn Lâm Hà","page":"dams/LamDong/AnPhuoc_PhuSonLamHa_LamDong_VN.html"}},{"type":"Feature","geometry":{"type":"Point","coordinates":[107.458,11.85]},"properties":{"id":"MB05944","name":"Thôn 3","name_en":"Ho Thon 3","province":"Lâm Đồng","commune":"Quảng Tín","page":"dams/LamDong/HoThon3_QuangTin_LamDong_VN.html"}},{"type":"Feature","geometry":{"type":"Point","coordinates":[107.442,11.85]},"properties":{"id":"MB06027","name":"Thôn 4","name_en":"Ho Thon 4","province":"Lâm Đồng","commune":"Quảng Tín","page":"dams/LamDong/HoThon4_QuangTin_LamDong_VN.html"}},{"type":"Feature","geometry":{"type":"Point","coordinates":[108.6,11.85]},"properties":{"id":"MB01274","name":"Đơn Dương","name_en":"Da Nhim","province":"Lâm Đồng","commune":"D’Ran","page":"dams/LamDong/DaNhim_DRan_LamDong_VN.html"}},{"type":"Feature","geometry":{"type":"Point","coordinates":[107.008,11.85]},"properties":{"id":"MB00901","name":"Thác Mơ (mở rộng)","name_en":"Thac Mo","province":"Đồng Nai","commune":"Phước Long","page":"dams/DongNai/ThacMo_PhuocLong_DongNai_VN_MB00901.html"}},{"type":"Feature","geometry":{"type":"Point","coordinates":[108.8,11.85]},"properties":{"id":"MB01481","name":"Trà Co","name_en":"Ho Tra Co","province":"Khánh Hòa","commune":"Bác Ái Tây","page":"dams/KhanhHoa/HoTraCo_BacAiTay_KhanhHoa_VN.html"}},{"type":"Feature","geometry":{"type":"Point","coordinates":[106.6,11.85]},"properties":{"id":"MB06015","name":"Rừng Cấm","name_en":"Ho Rung Cam","province":"Đồng Nai","commune":"Lộc Tấn","page":"dams/DongNai/HoRungCam_LocTan_DongNai_VN.html"}},{"type":"Feature","geometry":{"type":"Point","coordinates":[108.55,11.85]},"properties":{"id":"MB9500227","name":"Phát chi - Trạm Hành","name_en":"Phat chi - Tram Hanh","province":"Lâm Đồng","commune":"Xuân Trường - Đà Lạt","page":"dams/LamDong/PhatChiTramHanh_XuanTruongDaLat_LamDong_VN.html"}},{"type":"Feature","geometry":{"type":"Point","coordinates":[107.3,11.85]},"properties":{"id":"MB06028","name":"Sơn Lợi","name_en":"Ho Son Loi","province":"Đồng Nai","commune":"Thọ Sơn","page":"dams/DongNai/HoSonLoi_ThoSon_DongNai_VN.html"}},{"type":"Feature","geometry":{"type":"Point","coordinates":[108.75,11.85]},"properties":{"id":"MB04167","name":"Sông Cái","name_en":"Ho Song Cai","province":"Khánh Hòa","commune":"Bác Ái Tây","page":"dams/KhanhHoa/HoSongCai_BacAiTay_KhanhHoa_VN.html"}},{"type":"Feature","geometry":{"type":"Point","coordinates":[107.9,11.85]},"properties":{"id":"MB9500290","name":"Đồng Nai 3","name_en":"Dong Nai 3","province":"Lâm Đồng","commune":"Quảng Khê","page":"dams/LamDong/DongNai3_QuangKhe_LamDong_VN.html"}},{"type":"Feature","geometry":{"type":"Point","coordinates":[107.9,11.9]},"properties":{"id":"MB05202","name":"Bi Zê Rê","name_en":"Bi Ze Re","province":"Lâm Đồng","commune":"Tà Đùng","page":"dams/LamDong/BiZeRe_TaDung_LamDong_VN.html"}},{"type":"Feature","geometry":{"type":"Point","coordinates":[107.75,11.9]},"properties":{"id":"MB01694","name":"Đồng Nai 4","name_en":"Dong Nai 4","province":"Lâm Đồng","commune":"Bảo Lâm 5","page":"dams/LamDong/DongNai4_BaoLam5_LamDong_VN.html"}},{"type":"Feature","geometry":{"type":"Point","coordinates":[107.796,11.907]},"properties":{"id":"MB05203","name":"Nao Ma A","name_en":"Thuy loi Nao Ma A","province":"Lâm Đồng","commune":"Quảng Khê","page":"dams/LamDong/ThuyLoiNaoMaA_QuangKhe_LamDong_VN.html"}},{"type":"Feature","geometry":{"type":"Point","coordinates":[108.342,11.9]},"properties":{"id":"MB04166","name":"Cam Ly Thượng","name_en":"Ho Cam Ly Thuong","province":"Lâm Đồng","commune":"Nam Ban Lâm Hà","page":"dams/LamDong/HoCamLyThuong_NamBanLamHa_LamDong_VN.html"}},{"type":"Feature","geometry":{"type":"Point","coordinates":[107.408,11.9]},"properties":{"id":"MB08380","name":"Đắk Ru 2","name_en":"Dak Ru","province":"Lâm Đồng","commune":"Quảng Tín","page":"dams/LamDong/DakRu_QuangTin_LamDong_VN.html"}},{"type":"Feature","geometry":{"type":"Point","coordinates":[106.6,11.9]},"properties":{"id":"MB06093","name":"Lộc Thạnh","name_en":"Ho Loc Thanh","province":"Đồng Nai","commune":"Lộc Thạnh","page":"dams/DongNai/HoLocThanh_LocThanh_DongNai_VN.html"}},{"type":"Feature","geometry":{"type":"Point","coordinates":[108.45,11.9]},"properties":{"id":"MB90176","name":"Tuyền Lâm","name_en":"Ho Da Ban","province":"Lâm Đồng","commune":"Xuân Hương - Đà Lạt","page":"dams/LamDong/HoDaBan_XuanHuongDaLat_LamDong_VN.html"}},{"type":"Feature","geometry":{"type":"Point","coordinates":[107.392,11.9]},"properties":{"id":"MB08381","name":"Đắk Ru 1","name_en":"Ho Dak Ru 1","province":"Lâm Đồng","commune":"Quảng Tín","page":"dams/LamDong/HoDakRu1_QuangTin_LamDong_VN.html"}},{"type":"Feature","geometry":{"type":"Point","coordinates":[107.65,11.9]},"properties":{"id":"MB03185","name":"Đăk R'Tih (Bậc dưới)","name_en":"Dak R'Tih Lower","province":"Lâm Đồng","commune":"Bảo Lâm 5","page":"dams/LamDong/DakRTihLower_BaoLam5_LamDong_VN.html"}},{"type":"Feature","geometry":{"type":"Point","coordinates":[108.358,11.9]},"properties":{"id":"MB00987","name":"Tà Nung","name_en":"Ta Nung","province":"Lâm Đồng","commune":"Cam Ly - Đà Lạt","page":"dams/LamDong/TaNung_CamLyDaLat_LamDong_VN.html"}},{"type":"Feature","geometry":{"type":"Point","coordinates":[107.796,11.893]},"properties":{"id":"MB05946","name":"Da Sre","name_en":"Ho Da Sre","province":"Lâm Đồng","commune":"Quảng Khê","page":"dams/LamDong/HoDaSre_QuangKhe_LamDong_VN.html"}},{"type":"Feature","geometry":{"type":"Point","coordinates":[107.6,11.9]},"properties":{"id":"MB05948","name":"Đắk Mur","name_en":"Ho Dak Mur","province":"Lâm Đồng","commune":"Nhân Cơ","page":"dams/LamDong/HoDakMur_NhanCo_LamDong_VN.html"}},{"type":"Feature","geometry":{"type":"Point","coordinates":[107.65,11.95]},"properties":{"id":"MB04884","name":"Đăk R'Tíh 2","name_en":"Dak R'Tih 2","province":"Lâm Đồng","commune":"Nhân Cơ","page":"dams/LamDong/DakRTih2_NhanCo_LamDong_VN.html"}},{"type":"Feature","geometry":{"type":"Point","coordinates":[107.55,11.95]},"properties":{"id":"MB01526","name":"Cầu Tư","name_en":"Ho Cau Tu","province":"Lâm Đồng","commune":"Kiến Đức","page":"dams/LamDong/HoCauTu_KienDuc_LamDong_VN.html"}},{"type":"Feature","geometry":{"type":"Point","coordinates":[108.45,11.95]},"properties":{"id":"MB90177","name":"Xuân Hương","name_en":"Ho Ea Krong Ru","province":"Lâm Đồng","commune":"Xuân Hương - Đà Lạt","page":"dams/LamDong/HoEaKrongRu_XuanHuongDaLat_LamDong_VN.html"}},{"type":"Feature","geometry":{"type":"Point","coordinates":[107.596,11.957]},"properties":{"id":"MB05205","name":"Đăk Nêr","name_en":"Dak Ner","province":"Lâm Đồng","commune":"Nhân Cơ","page":"dams/LamDong/DakNer_NhanCo_LamDong_VN.html"}},{"type":"Feature","geometry":{"type":"Point","coordinates":[107.596,11.943]},"properties":{"id":"MB06029","name":"Pi Nao","name_en":"Ho Pi Nao","province":"Lâm Đồng","commune":"Nhân Cơ","page":"dams/LamDong/HoPiNao_NhanCo_LamDong_VN.html"}},{"type":"Feature","geometry":{"type":"Point","coordinates":[106.75,11.95]},"properties":{"id":"MB08176","name":"Bàu Bà Linh","name_en":"Bau Ba Linh","province":"Đồng Nai","commune":"Tân Tiến","page":"dams/DongNai/BauBaLinh_TanTien_DongNai_VN.html"}},{"type":"Feature","geometry":{"type":"Point","coordinates":[107.45,11.95]},"properties":{"id":"MB00859","name":"Quảng Tín","name_en":"Quang Tin","province":"Lâm Đồng","commune":"Quảng Tín","page":"dams/LamDong/QuangTin_QuangTin_LamDong_VN.html"}},{"type":"Feature","geometry":{"type":"Point","coordinates":[106.85,11.95]},"properties":{"id":"MB00400","name":"Cần Đơn","name_en":"Can Don","province":"Đồng Nai","commune":"Đa Kia","page":"dams/DongNai/CanDon_DaKia_DongNai_VN.html"}},{"type":"Feature","geometry":{"type":"Point","coordinates":[109.05,12.0]},"properties":{"id":"MB01761","name":"Tà Rục","name_en":"Ta Ruc","province":"Khánh Hòa","commune":"Cam An","page":"dams/KhanhHoa/TaRuc_CamAn_KhanhHoa_VN.html"}},{"type":"Feature","geometry":{"type":"Point","coordinates":[108.358,12.0]},"properties":{"id":"MB90207","name":"Suối Vàng","name_en":"Ho Suoi Vang","province":"Lâm Đồng","commune":"Lang Biang - Đà Lạt","page":"dams/LamDong/HoSuoiVang_LangBiangDaLat_LamDong_VN.html"}},{"type":"Feature","geometry":{"type":"Point","coordinates":[107.0,12.0]},"properties":{"id":"MB00993","name":"Đăk U","name_en":"Dak U","province":"Đồng Nai","commune":"Đăk Ơ","page":"dams/DongNai/DakU_DakO_DongNai_VN.html"}},{"type":"Feature","geometry":{"type":"Point","coordinates":[107.15,12.0]},"properties":{"id":"MB02844","name":"Đập Đăk Glun 2","name_en":"Dak Glun 2","province":"Đồng Nai","commune":"Đak Nhau","page":"dams/DongNai/DakGlun2_DakNhau_DongNai_VN.html"}},{"type":"Feature","geometry":{"type":"Point","coordinates":[107.55,12.0]},"properties":{"id":"MB05210","name":"Đăk RTang","name_en":"Dak RTang","province":"Lâm Đồng","commune":"Kiến Đức","page":"dams/LamDong/DakRTang_KienDuc_LamDong_VN.html"}},{"type":"Feature","geometry":{"type":"Point","coordinates":[107.5,12.0]},"properties":{"id":"MB06031","name":"Đắk B'Lao","name_en":"Ho Dak B'Lao","province":"Lâm Đồng","commune":"Kiến Đức","page":"dams/LamDong/HoDakBLao_KienDuc_LamDong_VN.html"}},{"type":"Feature","geometry":{"type":"Point","coordinates":[107.2,12.0]},"properties":{"id":"MB03315","name":"Đăk Glun","name_en":"Ho Dak Glun","province":"Đồng Nai","commune":"Đak Nhau","page":"dams/DongNai/HoDakGlun_DakNhau_DongNai_VN.html"}},{"type":"Feature","geometry":{"type":"Point","coordinates":[107.7,12.05]},"properties":{"id":"MB01778","name":"Đập Rẫy Mới","name_en":"Dap Ray Moi","province":"Lâm Đồng","commune":"Bắc Gia Nghĩa","page":"dams/LamDong/DapRayMoi_BacGiaNghia_LamDong_VN.html"}},{"type":"Feature","geometry":{"type":"Point","coordinates":[107.75,12.05]},"properties":{"id":"MB05207","name":"Đăk Ha","name_en":"Dak Ha","province":"Lâm Đồng","commune":"Bắc Gia Nghĩa","page":"dams/LamDong/DakHa_BacGiaNghia_LamDong_VN.html"}},{"type":"Feature","geometry":{"type":"Point","coordinates":[107.658,12.05]},"properties":{"id":"MB06033","name":"Hố Kè","name_en":"Ho Ho Ke","province":"Lâm Đồng","commune":"Trường Xuân","page":"dams/LamDong/HoHoKe_TruongXuan_LamDong_VN.html"}},{"type":"Feature","geometry":{"type":"Point","coordinates":[108.608,12.05]},"properties":{"id":"MB01081","name":"Da Nhim Thuong 2","name_en":"Da Nhim Thuong 2","province":"Lâm Đồng","commune":"Lạc Dương","page":"dams/LamDong/DaNhimThuong2_LacDuong_LamDong_VN.html"}},{"type":"Feature","geometry":{"type":"Point","coordinates":[107.642,12.05]},"properties":{"id":"MB06034","name":"Đắk Nhai","name_en":"Ho Dak Nhai","province":"Lâm Đồng","commune":"Trường Xuân","page":"dams/LamDong/HoDakNhai_TruongXuan_LamDong_VN.html"}},{"type":"Feature","geometry":{"type":"Point","coordinates":[107.508,12.1]},"properties":{"id":"MB05211","name":"Đăk Bliêng","name_en":"Dak Blieng","province":"Lâm Đồng","commune":"Quảng Tân","page":"dams/LamDong/DakBlieng_QuangTan_LamDong_VN.html"}},{"type":"Feature","geometry":{"type":"Point","coordinates":[107.95,12.1]},"properties":{"id":"MB9500240","name":"Đak Snao 2","name_en":"Dak Snao 2","province":"Lâm Đồng","commune":"Quảng Sơn","page":"dams/LamDong/DakSnao2_QuangSon_LamDong_VN.html"}},{"type":"Feature","geometry":{"type":"Point","coordinates":[107.492,12.1]},"properties":{"id":"MB05212","name":"Đăk RTih","name_en":"Dak RTih","province":"Lâm Đồng","commune":"Tuy Đức","page":"dams/LamDong/DakRTih_TuyDuc_LamDong_VN.html"}},{"type":"Feature","geometry":{"type":"Point","coordinates":[107.642,12.15]},"properties":{"id":"MB04177","name":"Đăk Rung 1","name_en":"Dak Rung 1","province":"Lâm Đồng","commune":"Trường Xuân","page":"dams/LamDong/DakRung1_TruongXuan_LamDong_VN.html"}},{"type":"Feature","geometry":{"type":"Point","coordinates":[108.3,12.15]},"properties":{"id":"MB01699","name":"Dac Me","name_en":"Dac Me","province":"Lâm Đồng","commune":"Đam Rông 4","page":"dams/LamDong/DacMe_DamRong4_LamDong_VN.html"}},{"type":"Feature","geometry":{"type":"Point","coordinates":[108.15,12.15]},"properties":{"id":"MB9500229","name":"Đa Chao","name_en":"Da Chao","province":"Lâm Đồng","commune":"Đam Rông 3","page":"dams/LamDong/DaChao_DamRong3_LamDong_VN.html"}},{"type":"Feature","geometry":{"type":"Point","coordinates":[107.85,12.15]},"properties":{"id":"MB05214","name":"Ba Trong","name_en":"Ba Trong","province":"Lâm Đồng","commune":"Quảng Sơn","page":"dams/LamDong/BaTrong_QuangSon_LamDong_VN.html"}},{"type":"Feature","geometry":{"type":"Point","coordinates":[107.9,12.15]},"properties":{"id":"MB06037","name":"Đắk Pin","name_en":"Ho Dak Pin","province":"Lâm Đồng","commune":"Quảng Sơn","page":"dams/LamDong/HoDakPin_QuangSon_LamDong_VN.html"}},{"type":"Feature","geometry":{"type":"Point","coordinates":[108.4,12.2]},"properties":{"id":"MB01164","name":"Yan Tann Sien","name_en":"Yan Tann Sien","province":"Lâm Đồng","commune":"Đam Rông 4","page":"dams/LamDong/YanTannSien_DamRong4_LamDong_VN.html"}},{"type":"Feature","geometry":{"type":"Point","coordinates":[109.15,12.2]},"properties":{"id":"MB05100","name":"Đồng Bò","name_en":"Dong Bo","province":"Khánh Hòa","commune":"Nam Nha Trang","page":"dams/KhanhHoa/DongBo_NamNhaTrang_KhanhHoa_VN.html"}},{"type":"Feature","geometry":{"type":"Point","coordinates":[107.95,12.2]},"properties":{"id":"MB01333","name":"Đăk N'teng","name_en":"Dak N'teng","province":"Lâm Đồng","commune":"Quảng Sơn","page":"dams/LamDong/DakNTeng_QuangSon_LamDong_VN.html"}},{"type":"Feature","geometry":{"type":"Point","coordinates":[107.55,12.2]},"properties":{"id":"MB05216","name":"Thôn 7 (Bu Bong)","name_en":"Thon 7 (Bu Bong)","province":"Lâm Đồng","commune":"Đức An","page":"dams/LamDong/Thon7BuBong_DucAn_LamDong_VN.html"}},{"type":"Feature","geometry":{"type":"Point","coordinates":[108.3,12.2]},"properties":{"id":"MB03973","name":"Krông Nô 3","name_en":"Krong No 3","province":"Đắk Lắk","commune":"Krông Nô","page":"dams/DakLak/KrongNo3_KrongNo_DakLak_VN.html"}},{"type":"Feature","geometry":{"type":"Point","coordinates":[107.5,12.2]},"properties":{"id":"MB90172","name":"Mỹ Lâm","name_en":"Ho My Lam","province":"Lâm Đồng","commune":"Tuy Đức","page":"dams/LamDong/HoMyLam_TuyDuc_LamDong_VN.html"}},{"type":"Feature","geometry":{"type":"Point","coordinates":[108.95,12.25]},"properties":{"id":"MB08389","name":"Cây Sung","name_en":"Ho Cay Sung","province":"Khánh Hòa","commune":"Diên Thọ","page":"dams/KhanhHoa/HoCaySung_DienTho_KhanhHoa_VN.html"}},{"type":"Feature","geometry":{"type":"Point","coordinates":[107.492,12.25]},"properties":{"id":"MB06046","name":"Đắk Tiên Tranh","name_en":"Ho Dak Tien Tranh","province":"Lâm Đồng","commune":"Tuy Đức","page":"dams/LamDong/HoDakTienTranh_TuyDuc_LamDong_VN.html"}},{"type":"Feature","geometry":{"type":"Point","coordinates":[107.6,12.25]},"properties":{"id":"MB05218","name":"CTTL Đăk Rlon","name_en":"CTTL Dak Rlon","province":"Lâm Đồng","commune":"Đức An","page":"dams/LamDong/CTTLDakRlon_DucAn_LamDong_VN.html"}},{"type":"Feature","geometry":{"type":"Point","coordinates":[108.35,12.25]},"properties":{"id":"MB01485","name":"Krông Nô 2","name_en":"Krong No 2","province":"Lâm Đồng","commune":"Đam Rông 4","page":"dams/LamDong/KrongNo2_DamRong4_LamDong_VN.html"}},{"type":"Feature","geometry":{"type":"Point","coordinates":[107.508,12.25]},"properties":{"id":"MB05295","name":"Đăk Toa","name_en":"Dak Toa","province":"Lâm Đồng","commune":"Thuận Hạnh","page":"dams/LamDong/DakToa_ThuanHanh_LamDong_VN.html"}},{"type":"Feature","geometry":{"type":"Point","coordinates":[108.05,12.3]},"properties":{"id":"MB00085","name":"Buôn Tua Srah","name_en":"Buon Tua Srah","province":"Đắk Lắk","commune":"Nam Ka","page":"dams/DakLak/BuonTuaSrah_NamKa_DakLak_VN.html"}},{"type":"Feature","geometry":{"type":"Point","coordinates":[107.942,12.3]},"properties":{"id":"MB02848","name":"Chư Pông Krông","name_en":"Chu Pong Krong","province":"Lâm Đồng","commune":"Quảng Phú","page":"dams/LamDong/ChuPongKrong_QuangPhu_LamDong_VN.html"}},{"type":"Feature","geometry":{"type":"Point","coordinates":[107.958,12.3]},"properties":{"id":"MB02768","name":"Đăk Nang","name_en":"Dak Nang","province":"Lâm Đồng","commune":"Quảng Phú","page":"dams/LamDong/DakNang_QuangPhu_LamDong_VN.html"}},{"type":"Feature","geometry":{"type":"Point","coordinates":[109.1,12.3]},"properties":{"id":"MB05102","name":"Am Chúa","name_en":"Ho Am Chua","province":"Khánh Hòa","commune":"Diên Điền","page":"dams/KhanhHoa/HoAmChua_DienDien_KhanhHoa_VN.html"}},{"type":"Feature","geometry":{"type":"Point","coordinates":[109.15,12.3]},"properties":{"id":"MB05972","name":"Đắc Lộc","name_en":"Ho Dac Loc","province":"Khánh Hòa","commune":"Bắc Nha Trang","page":"dams/KhanhHoa/HoDacLoc_BacNhaTrang_KhanhHoa_VN.html"}},{"type":"Feature","geometry":{"type":"Point","coordinates":[107.6,12.35]},"properties":{"id":"MB05219","name":"Đập ông Hiên","name_en":"Dap ong Hien","province":"Lâm Đồng","commune":"Đức Lập","page":"dams/LamDong/DapOngHien_DucLap_LamDong_VN.html"}},{"type":"Feature","geometry":{"type":"Point","coordinates":[108.85,12.35]},"properties":{"id":"MB03236","name":"Sông Giang 2","name_en":"Song Giang 2","province":"Khánh Hòa","commune":"Trung Khánh Vĩnh","page":"dams/KhanhHoa/SongGiang2_TrungKhanhVinh_KhanhHoa_VN.html"}},{"type":"Feature","geometry":{"type":"Point","coordinates":[108.1,12.35]},"properties":{"id":"MB01438","name":"Buôn Triết","name_en":"Buon Triet","province":"Đắk Lắk","commune":"Đắk Liêng","page":"dams/DakLak/BuonTriet_DakLieng_DakLak_VN.html"}},{"type":"Feature","geometry":{"type":"Point","coordinates":[107.596,12.407]},"properties":{"id":"MB05220","name":"Lâm trường Thuận An","name_en":"Lam truong Thuan An","province":"Lâm Đồng","commune":"Thuận An","page":"dams/LamDong/LamTruongThuanAn_ThuanAn_LamDong_VN.html"}},{"type":"Feature","geometry":{"type":"Point","coordinates":[107.658,12.4]},"properties":{"id":"MB02507","name":"Dak Mol","name_en":"Dak Mol","province":"Lâm Đồng","commune":"Đắk song","page":"dams/LamDong/DakMol_DakSong_LamDong_VN.html"}},{"type":"Feature","geometry":{"type":"Point","coordinates":[108.1,12.4]},"properties":{"id":"MB00167","name":"Buôn Tría","name_en":"Buon Tria","province":"Đắk Lắk","commune":"Đắk Liêng","page":"dams/DakLak/BuonTria_DakLieng_DakLak_VN.html"}},{"type":"Feature","geometry":{"type":"Point","coordinates":[107.85,12.4]},"properties":{"id":"MB05105","name":"Đăk Mhang","name_en":"Dak Mhang","province":"Lâm Đồng","commune":"Nâm Nung","page":"dams/LamDong/DakMhang_NamNung_LamDong_VN.html"}},{"type":"Feature","geometry":{"type":"Point","coordinates":[107.596,12.393]},"properties":{"id":"MB06041","name":"Đắk Goun Thượng","name_en":"Ho Dak Goun Thuong","province":"Lâm Đồng","commune":"Thuận An","page":"dams/LamDong/HoDakGounThuong_ThuanAn_LamDong_VN.html"}},{"type":"Feature","geometry":{"type":"Point","coordinates":[108.8,12.4]},"properties":{"id":"MB01134","name":"Sông Giang 1","name_en":"Song Giang 1","province":"Khánh Hòa","commune":"Trung Khánh Vĩnh","page":"dams/KhanhHoa/SongGiang1_TrungKhanhVinh_KhanhHoa_VN.html"}},{"type":"Feature","geometry":{"type":"Point","coordinates":[107.608,12.4]},"properties":{"id":"MB05106","name":"Núi Lửa","name_en":"Nui Lua","province":"Lâm Đồng","commune":"Thuận An","page":"dams/LamDong/NuiLua_ThuanAn_LamDong_VN.html"}},{"type":"Feature","geometry":{"type":"Point","coordinates":[107.642,12.4]},"properties":{"id":"MB05107","name":"Đập Ông Truyền","name_en":"Dap Ong Truyen","province":"Lâm Đồng","commune":"Đức Lập","page":"dams/LamDong/DapOngTruyen_DucLap_LamDong_VN.html"}},{"type":"Feature","geometry":{"type":"Point","coordinates":[107.7,12.4]},"properties":{"id":"MB03779","name":"Đăk Săk","name_en":"Dak Sak","province":"Lâm Đồng","commune":"Đắk Sắk","page":"dams/LamDong/DakSak_DakSak_LamDong_VN.html"}},{"type":"Feature","geometry":{"type":"Point","coordinates":[108.15,12.4]},"properties":{"id":"MB02392","name":"Lak","name_en":"Lak","province":"Đắk Lắk","commune":"Liên Sơn Lắk","page":"dams/DakLak/Lak_LienSonLak_DakLak_VN.html"}},{"type":"Feature","geometry":{"type":"Point","coordinates":[107.858,12.45]},"properties":{"id":"MB03778","name":"Dak Ro","name_en":"Dak Ro","province":"Lâm Đồng","commune":"Krông Nô","page":"dams/LamDong/DakRo_KrongNo_LamDong_VN.html"}},{"type":"Feature","geometry":{"type":"Point","coordinates":[107.9,12.45]},"properties":{"id":"MB00587","name":"Ea Sno","name_en":"Ea Sno","province":"Lâm Đồng","commune":"Krông Nô","page":"dams/LamDong/EaSno_KrongNo_LamDong_VN.html"}},{"type":"Feature","geometry":{"type":"Point","coordinates":[107.6,12.45]},"properties":{"id":"MB00588","name":"Tây","name_en":"Tay","province":"Lâm Đồng","commune":"Đức Lập","page":"dams/LamDong/Tay_DucLap_LamDong_VN.html"}},{"type":"Feature","geometry":{"type":"Point","coordinates":[108.9,12.45]},"properties":{"id":"MB01073","name":"Sông Chò 1","name_en":"Ho Song Cho 1","province":"Khánh Hòa","commune":"Bắc Khánh Vĩnh","page":"dams/KhanhHoa/HoSongCho1_BacKhanhVinh_KhanhHoa_VN.html"}},{"type":"Feature","geometry":{"type":"Point","coordinates":[108.35,12.45]},"properties":{"id":"MB03799","name":"Krông Kmar","name_en":"Krong Kmar","province":"Đắk Lắk","commune":"Krông Bông","page":"dams/DakLak/KrongKmar_KrongBong_DakLak_VN.html"}},{"type":"Feature","geometry":{"type":"Point","coordinates":[109.25,12.45]},"properties":{"id":"MB01662","name":"Tiên Du","name_en":"Ho Tien Du","province":"Khánh Hòa","commune":"Hòa Thắng","page":"dams/KhanhHoa/HoTienDu_HoaThang_KhanhHoa_VN.html"}},{"type":"Feature","geometry":{"type":"Point","coordinates":[108.1,12.45]},"properties":{"id":"MB9500216","name":"Ea Kram","name_en":"Ea Kram","province":"Đắk Lắk","commune":"Dur Kmăl","page":"dams/DakLak/EaKram_DurKmal_DakLak_VN.html"}},{"type":"Feature","geometry":{"type":"Point","coordinates":[107.842,12.45]},"properties":{"id":"MB03797","name":"Nam Đà (Đăk Mâm)","name_en":"Ho Buon Chin","province":"Lâm Đồng","commune":"Nam Đà","page":"dams/LamDong/HoBuonChin_NamDa_LamDong_VN.html"}},{"type":"Feature","geometry":{"type":"Point","coordinates":[108.05,12.5]},"properties":{"id":"MB00174","name":"Ea Tul","name_en":"Ea Tul","province":"Đắk Lắk","commune":"Dur Kmăl","page":"dams/DakLak/EaTul_DurKmal_DakLak_VN.html"}},{"type":"Feature","geometry":{"type":"Point","coordinates":[109.25,12.5]},"properties":{"id":"MB90296","name":"Hòn Khói","name_en":"Ho Hyundai","province":"Khánh Hòa","commune":"Đông Ninh Hòa","page":"dams/KhanhHoa/HoHyundai_DongNinhHoa_KhanhHoa_VN.html"}},{"type":"Feature","geometry":{"type":"Point","coordinates":[109.05,12.5]},"properties":{"id":"MB03276","name":"Suối Trầu","name_en":"Ho Suoi Trau","province":"Khánh Hòa","commune":"Tân Định","page":"dams/KhanhHoa/HoSuoiTrau_TanDinh_KhanhHoa_VN.html"}},{"type":"Feature","geometry":{"type":"Point","coordinates":[107.75,12.5]},"properties":{"id":"MB06044","name":"Đô Ry 2","name_en":"Ho Do Ry 2","province":"Lâm Đồng","commune":"Đắk Mil","page":"dams/LamDong/HoDoRy2_DakMil_LamDong_VN.html"}},{"type":"Feature","geometry":{"type":"Point","coordinates":[107.9,12.55]},"properties":{"id":"MB00086","name":"Buôn Kuốp","name_en":"Buon Kuop","province":"Lâm Đồng","commune":"Nam Đà","page":"dams/LamDong/BuonKuop_NamDa_LamDong_VN.html"}},{"type":"Feature","geometry":{"type":"Point","coordinates":[108.108,12.55]},"properties":{"id":"MB02501","name":"Ea Bông 1","name_en":"Ea Bong 1","province":"Đắk Lắk","commune":"Ea Na","page":"dams/DakLak/EaBong1_EaNa_DakLak_VN.html"}},{"type":"Feature","geometry":{"type":"Point","coordinates":[108.3,12.55]},"properties":{"id":"MB05110","name":"19 tháng 5 (Đập 1)","name_en":"19 thang 5 (Dap 1)","province":"Đắk Lắk","commune":"Dang Kang","page":"dams/DakLak/19Thang5Dap1_DangKang_DakLak_VN.html"}},{"type":"Feature","geometry":{"type":"Point","coordinates":[107.85,12.55]},"properties":{"id":"MB9500239","name":"Trúc Sơn","name_en":"Truc Son","province":"Lâm Đồng","commune":"Cư Jút","page":"dams/LamDong/TrucSon_CuJut_LamDong_VN.html"}},{"type":"Feature","geometry":{"type":"Point","coordinates":[109.0,12.55]},"properties":{"id":"MB05122","name":"Suối Sim","name_en":"Suoi Sim","province":"Khánh Hòa","commune":"Tây Ninh Hòa","page":"dams/KhanhHoa/SuoiSim_TayNinhHoa_KhanhHoa_VN.html"}},{"type":"Feature","geometry":{"type":"Point","coordinates":[108.15,12.6]},"properties":{"id":"MB05112","name":"Ea Mtá (Hồ đội 1, Hồ chế biến)","name_en":"Ea M'Ta","province":"Đắk Lắk","commune":"Ea Ktur","page":"dams/DakLak/EaMTa_EaKtur_DakLak_VN.html"}},{"type":"Feature","geometry":{"type":"Point","coordinates":[108.058,12.6]},"properties":{"id":"MB00181","name":"Buon Bong","name_en":"Buon Bong","province":"Đắk Lắk","commune":"Ea Kao","page":"dams/DakLak/BuonBong_EaKao_DakLak_VN.html"}},{"type":"Feature","geometry":{"type":"Point","coordinates":[107.808,12.6]},"properties":{"id":"MB01331","name":"Đăk Diêr","name_en":"Dak Dier","province":"Lâm Đồng","commune":"Cư Jút","page":"dams/LamDong/DakDier_CuJut_LamDong_VN.html"}},{"type":"Feature","geometry":{"type":"Point","coordinates":[108.358,12.6]},"properties":{"id":"MB02499","name":"Dang Cang hạ","name_en":"Dang Cang ha","province":"Đắk Lắk","commune":"Dang Kang","page":"dams/DakLak/DangCangHa_DangKang_DakLak_VN.html"}},{"type":"Feature","geometry":{"type":"Point","coordinates":[108.95,12.6]},"properties":{"id":"MB03386","name":"Ea Krông Rou","name_en":"Ea Krong Rou","province":"Khánh Hòa","commune":"Tây Ninh Hòa","page":"dams/KhanhHoa/EaKrongRou_TayNinhHoa_KhanhHoa_VN.html"}},{"type":"Feature","geometry":{"type":"Point","coordinates":[107.9,12.6]},"properties":{"id":"MB05976","name":"Trúc","name_en":"Ho Truc","province":"Lâm Đồng","commune":"Cư Jút","page":"dams/LamDong/HoTruc_CuJut_LamDong_VN.html"}},{"type":"Feature","geometry":{"type":"Point","coordinates":[108.042,12.6]},"properties":{"id":"MB02389","name":"Ea Kao","name_en":"Ea Kao","province":"Đắk Lắk","commune":"Ea Kao","page":"dams/DakLak/EaKao_EaKao_DakLak_VN.html"}},{"type":"Feature","geometry":{"type":"Point","coordinates":[108.342,12.6]},"properties":{"id":"MB05114","name":"Dang Cang thuong","name_en":"Dang Cang thuong","province":"Đắk Lắk","commune":"Dang Kang","page":"dams/DakLak/DangCangThuong_DangKang_DakLak_VN.html"}},{"type":"Feature","geometry":{"type":"Point","coordinates":[107.792,12.6]},"properties":{"id":"MB01332","name":"Đăk Đrông","name_en":"Dak Drong","province":"Lâm Đồng","commune":"Nam Dong","page":"dams/LamDong/DakDrong_NamDong_LamDong_VN.html"}},{"type":"Feature","geometry":{"type":"Point","coordinates":[109.1,12.65]},"properties":{"id":"MB03275","name":"Đập Đá Bàn","name_en":"Dap Da Ban","province":"Khánh Hòa","commune":"Bắc Ninh Hòa","page":"dams/KhanhHoa/DapDaBan_BacNinhHoa_KhanhHoa_VN.html"}},{"type":"Feature","geometry":{"type":"Point","coordinates":[108.6,12.65]},"properties":{"id":"MB05738","name":"Buôn Trung","name_en":"Ho Buon Trung","province":"Đắk Lắk","commune":"Cư Yang","page":"dams/DakLak/HoBuonTrung_CuYang_DakLak_VN.html"}},{"type":"Feature","geometry":{"type":"Point","coordinates":[107.908,12.65]},"properties":{"id":"MB00668","name":"Hòa Phú","name_en":"Hoa Phu","province":"Đắk Lắk","commune":"Hòa Phú","page":"dams/DakLak/HoaPhu_HoaPhu_DakLak_VN.html"}},{"type":"Feature","geometry":{"type":"Point","coordinates":[108.1,12.65]},"properties":{"id":"MB02388","name":"Ea Chur Kăp hạ","name_en":"Ea Chur Kap ha","province":"Đắk Lắk","commune":"Ea Ktur","page":"dams/DakLak/EaChurKapHa_EaKtur_DakLak_VN.html"}},{"type":"Feature","geometry":{"type":"Point","coordinates":[108.05,12.65]},"properties":{"id":"MB9500219","name":"Ea Bư","name_en":"Ea Bu","province":"Đắk Lắk","commune":"Ea Kao","page":"dams/DakLak/EaBu_EaKao_DakLak_VN.html"}},{"type":"Feature","geometry":{"type":"Point","coordinates":[107.892,12.65]},"properties":{"id":"MB02763","name":"Đrây H'linh 1","name_en":"Dray H'Linh 1","province":"Lâm Đồng","commune":"Đắk Wil","page":"dams/LamDong/DrayHLinh1_DakWil_LamDong_VN.html"}},{"type":"Feature","geometry":{"type":"Point","coordinates":[109.15,12.7]},"properties":{"id":"MB05123","name":"Đá Đen","name_en":"Da Den","province":"Khánh Hòa","commune":"Vạn Hưng","page":"dams/KhanhHoa/DaDen_VanHung_KhanhHoa_VN.html"}},{"type":"Feature","geometry":{"type":"Point","coordinates":[108.45,12.7]},"properties":{"id":"MB05126","name":"Đội 2","name_en":"Doi 2","province":"Đắk Lắk","commune":"Vụ Bổn","page":"dams/DakLak/Doi2_VuBon_DakLak_VN.html"}},{"type":"Feature","geometry":{"type":"Point","coordinates":[108.242,12.7]},"properties":{"id":"MB02492","name":"Phuoc My","name_en":"Phuoc My","province":"Đắk Lắk","commune":"Ea Knuếc","page":"dams/DakLak/PhuocMy_EaKnuec_DakLak_VN.html"}},{"type":"Feature","geometry":{"type":"Point","coordinates":[108.258,12.7]},"properties":{"id":"MB00192","name":"Phước Mỹ 1","name_en":"Phuoc Loi","province":"Đắk Lắk","commune":"Ea Knuếc","page":"dams/DakLak/PhuocLoi_EaKnuec_DakLak_VN.html"}},{"type":"Feature","geometry":{"type":"Point","coordinates":[108.2,12.7]},"properties":{"id":"MB00193","name":"Ea Nhai","name_en":"Ea Nhai","province":"Đắk Lắk","commune":"Ea Knuếc","page":"dams/DakLak/EaNhai_EaKnuec_DakLak_VN.html"}},{"type":"Feature","geometry":{"type":"Point","coordinates":[108.35,12.75]},"properties":{"id":"MB05979","name":"Phước Trạch","name_en":"Ho Phuoc Trach","province":"Đắk Lắk","commune":"Ea Phê","page":"dams/DakLak/HoPhuocTrach_EaPhe_DakLak_VN.html"}},{"type":"Feature","geometry":{"type":"Point","coordinates":[108.45,12.75]},"properties":{"id":"MB03789","name":"3A","name_en":"3A","province":"Đắk Lắk","commune":"Ea Kly","page":"dams/DakLak/3A_EaKly_DakLak_VN.html"}},{"type":"Feature","geometry":{"type":"Point","coordinates":[108.25,12.75]},"properties":{"id":"MB05128","name":"Ea Kuăng","name_en":"Ea Kenh","province":"Đắk Lắk","commune":"Krông Pắc","page":"dams/DakLak/EaKenh_KrongPac_DakLak_VN.html"}},{"type":"Feature","geometry":{"type":"Point","coordinates":[108.1,12.75]},"properties":{"id":"MB05978","name":"Đạt Lý","name_en":"Ho Dat Ly","province":"Đắk Lắk","commune":"Cuôr Đăng","page":"dams/DakLak/HoDatLy_CuorDang_DakLak_VN.html"}},{"type":"Feature","geometry":{"type":"Point","coordinates":[109.25,12.75]},"properties":{"id":"MB05124","name":"Suối Luồng","name_en":"Suoi Luong","province":"Khánh Hòa","commune":"Vạn Thắng","page":"dams/KhanhHoa/SuoiLuong_VanThang_KhanhHoa_VN.html"}},{"type":"Feature","geometry":{"type":"Point","coordinates":[107.85,12.75]},"properties":{"id":"MB00087","name":"Srêpốk 3","name_en":"Srepok 3","province":"Lâm Đồng","commune":"Đắk Wil","page":"dams/LamDong/Srepok3_DakWil_LamDong_VN.html"}},{"type":"Feature","geometry":{"type":"Point","coordinates":[108.7,12.75]},"properties":{"id":"MB05129","name":"Đội 36","name_en":"Doi 36","province":"Đắk Lắk","commune":"M’Drắk","page":"dams/DakLak/Doi36_MDrak_DakLak_VN.html"}},{"type":"Feature","geometry":{"type":"Point","coordinates":[108.8,12.75]},"properties":{"id":"MB05130","name":"Đội 4","name_en":"Doi 4","province":"Đắk Lắk","commune":"Ea Riêng","page":"dams/DakLak/Doi4_EaRieng_DakLak_VN.html"}},{"type":"Feature","geometry":{"type":"Point","coordinates":[108.9,12.75]},"properties":{"id":"MB03277","name":"Ea M'Đoal 2","name_en":"Ea M'Doal 2","province":"Đắk Lắk","commune":"Ea Riêng","page":"dams/DakLak/EaMDoal2_EaRieng_DakLak_VN.html"}},{"type":"Feature","geometry":{"type":"Point","coordinates":[108.458,12.8]},"properties":{"id":"MB02386","name":"Ea Kar","name_en":"Ea Kar","province":"Đắk Lắk","commune":"Ea Kar","page":"dams/DakLak/EaKar_EaKar_DakLak_VN.html"}},{"type":"Feature","geometry":{"type":"Point","coordinates":[108.442,12.8]},"properties":{"id":"MB05131","name":"Đội 11","name_en":"Doi 11","province":"Đắk Lắk","commune":"Ea Kar","page":"dams/DakLak/Doi11_EaKar_DakLak_VN.html"}},{"type":"Feature","geometry":{"type":"Point","coordinates":[109.3,12.8]},"properties":{"id":"MB01664","name":"Đập Hoa Sơn","name_en":"Dap Hoa Son","province":"Khánh Hòa","commune":"Tu Bông","page":"dams/KhanhHoa/DapHoaSon_TuBong_KhanhHoa_VN.html"}},{"type":"Feature","geometry":{"type":"Point","coordinates":[108.95,12.8]},"properties":{"id":"MB00654","name":"Ea MDoal 3","name_en":"Ea MDoal 3","province":"Đắk Lắk","commune":"Ea Riêng","page":"dams/DakLak/EaMDoal3_EaRieng_DakLak_VN.html"}},{"type":"Feature","geometry":{"type":"Point","coordinates":[108.25,12.8]},"properties":{"id":"MB05133","name":"Ea Nao Dar","name_en":"Ea Nao Dar","province":"Đắk Lắk","commune":"Cư Bao","page":"dams/DakLak/EaNaoDar_CuBao_DakLak_VN.html"}},{"type":"Feature","geometry":{"type":"Point","coordinates":[107.95,12.8]},"properties":{"id":"MB01061","name":"Ea Tul 4","name_en":"Ea Tul 4","province":"Đắk Lắk","commune":"Ea M’Droh","page":"dams/DakLak/EaTul4_EaMDroh_DakLak_VN.html"}},{"type":"Feature","geometry":{"type":"Point","coordinates":[107.85,12.8]},"properties":{"id":"MB03788","name":"Srêpốk 4","name_en":"SrePok 4","province":"Lâm Đồng","commune":"Đắk Wil","page":"dams/LamDong/SrePok4_DakWil_LamDong_VN.html"}},{"type":"Feature","geometry":{"type":"Point","coordinates":[108.55,12.8]},"properties":{"id":"MB03303","name":"Ea Knop","name_en":"Ho Ea Knop","province":"Đắk Lắk","commune":"Ea Knốp","page":"dams/DakLak/HoEaKnop_EaKnop_DakLak_VN.html"}},{"type":"Feature","geometry":{"type":"Point","coordinates":[108.1,12.85]},"properties":{"id":"MB03800","name":"Đập Buôn Joong","name_en":"Buon Dong","province":"Đắk Lắk","commune":"Cư M’gar","page":"dams/DakLak/BuonDong_CuMGar_DakLak_VN.html"}},{"type":"Feature","geometry":{"type":"Point","coordinates":[108.0,12.9]},"properties":{"id":"MB00967","name":"Quang Hiep","name_en":"Quang Hiep","province":"Đắk Lắk","commune":"Ea M’Droh","page":"dams/DakLak/QuangHiep_EaMDroh_DakLak_VN.html"}},{"type":"Feature","geometry":{"type":"Point","coordinates":[109.15,12.9]},"properties":{"id":"MB01096","name":"Hồ Đá Đen","name_en":"Da Den","province":"Đắk Lắk","commune":"Hòa Mỹ","page":"dams/DakLak/DaDen_HoaMy_DakLak_VN.html"}},{"type":"Feature","geometry":{"type":"Point","coordinates":[108.342,12.9]},"properties":{"id":"MB06047","name":"Hồ Ea Drông 1 (Hồ Hữu Nghị)","name_en":"Ho Huu Nghi","province":"Đắk Lắk","commune":"Phú Xuân","page":"dams/DakLak/HoHuuNghi_PhuXuan_DakLak_VN.html"}},{"type":"Feature","geometry":{"type":"Point","coordinates":[109.25,12.9]},"properties":{"id":"MB04124","name":"Mỹ Lâm","name_en":"My Lam","province":"Đắk Lắk","commune":"Hòa Thịnh","page":"dams/DakLak/MyLam_HoaThinh_DakLak_VN.html"}},{"type":"Feature","geometry":{"type":"Point","coordinates":[108.358,12.9]},"properties":{"id":"MB05134","name":"Ea Ngách","name_en":"Ea Ngach","province":"Đắk Lắk","commune":"Ea Drông","page":"dams/DakLak/EaNgach_EaDrong_DakLak_VN.html"}},{"type":"Feature","geometry":{"type":"Point","coordinates":[108.142,12.9]},"properties":{"id":"MB06054","name":"Buôn Đrao","name_en":"Ho Buon Drao","province":"Đắk Lắk","commune":"Ea Tul","page":"dams/DakLak/HoBuonDrao_EaTul_DakLak_VN.html"}},{"type":"Feature","geometry":{"type":"Point","coordinates":[107.9,12.9]},"properties":{"id":"MB90165","name":"Đắk Huar","name_en":"Ho Dak Huar","province":"Đắk Lắk","commune":"Buôn Đôn","page":"dams/DakLak/HoDakHuar_BuonDon_DakLak_VN.html"}},{"type":"Feature","geometry":{"type":"Point","coordinates":[107.8,12.9]},"properties":{"id":"MB02487","name":"Đăk Minh","name_en":"Dak Minh","province":"Đắk Lắk","commune":"Buôn Đôn","page":"dams/DakLak/DakMinh_BuonDon_DakLak_VN.html"}},{"type":"Feature","geometry":{"type":"Point","coordinates":[108.9,12.9]},"properties":{"id":"MB05137","name":"Buôn Đức","name_en":"Buon Duc","province":"Đắk Lắk","commune":"Sông Hinh","page":"dams/DakLak/BuonDuc_SongHinh_DakLak_VN.html"}},{"type":"Feature","geometry":{"type":"Point","coordinates":[108.2,12.9]},"properties":{"id":"MB05136","name":"Đrao II","name_en":"Drao II","province":"Đắk Lắk","commune":"Ea Tul","page":"dams/DakLak/Drao2_EaTul_DakLak_VN.html"}},{"type":"Feature","geometry":{"type":"Point","coordinates":[109.342,12.9]},"properties":{"id":"MB05138","name":"Hòn Dinh","name_en":"Hon Dinh","province":"Đắk Lắk","commune":"Đông Hòa","page":"dams/DakLak/HonDinh_DongHoa_DakLak_VN.html"}},{"type":"Feature","geometry":{"type":"Point","coordinates":[108.158,12.9]},"properties":{"id":"MB05135","name":"Đrao I","name_en":"Buon Brah","province":"Đắk Lắk","commune":"Ea Tul","page":"dams/DakLak/BuonBrah_EaTul_DakLak_VN.html"}},{"type":"Feature","geometry":{"type":"Point","coordinates":[109.358,12.9]},"properties":{"id":"MB01660","name":"Đồng Khôn","name_en":"Dong Khon","province":"Đắk Lắk","commune":"Đông Hòa","page":"dams/DakLak/DongKhon_DongHoa_DakLak_VN.html"}},{"type":"Feature","geometry":{"type":"Point","coordinates":[108.95,12.95]},"properties":{"id":"MB03278","name":"Sông Hinh","name_en":"Song Hinh","province":"Đắk Lắk","commune":"Sông Hinh","page":"dams/DakLak/SongHinh_SongHinh_DakLak_VN.html"}},{"type":"Feature","geometry":{"type":"Point","coordinates":[108.2,12.95]},"properties":{"id":"MB06048","name":"Đạt Hiếu","name_en":"Ho Dat Hieu","province":"Đắk Lắk","commune":"Pơng Drang","page":"dams/DakLak/HoDatHieu_PongDrang_DakLak_VN.html"}},{"type":"Feature","geometry":{"type":"Point","coordinates":[109.3,12.95]},"properties":{"id":"MB01661","name":"Hóc Răm","name_en":"Hoc Ram","province":"Đắk Lắk","commune":"Đông Hòa","page":"dams/DakLak/HocRam_DongHoa_DakLak_VN.html"}},{"type":"Feature","geometry":{"type":"Point","coordinates":[108.858,12.95]},"properties":{"id":"MB05696","name":"Ea Din 1","name_en":"Ea Din 1","province":"Đắk Lắk","commune":"Ea Bá","page":"dams/DakLak/EaDin1_EaBa_DakLak_VN.html"}},{"type":"Feature","geometry":{"type":"Point","coordinates":[108.7,12.95]},"properties":{"id":"MB03296","name":"Krông H'Năng","name_en":"Krong H'Nang","province":"Đắk Lắk","commune":"Ea Knốp","page":"dams/DakLak/KrongHNang_EaKnop_DakLak_VN.html"}},{"type":"Feature","geometry":{"type":"Point","coordinates":[108.842,12.95]},"properties":{"id":"MB06053","name":"Buôn La Bách","name_en":"Ho Buon La Bach","province":"Đắk Lắk","commune":"Sông Hinh","page":"dams/DakLak/HoBuonLaBach_SongHinh_DakLak_VN.html"}},{"type":"Feature","geometry":{"type":"Point","coordinates":[108.25,13.0]},"properties":{"id":"MB04179","name":"Krông Búk Thượng","name_en":"Ho Krong Buk Thuong","province":"Đắk Lắk","commune":"Krông Búk","page":"dams/DakLak/HoKrongBukThuong_KrongBuk_DakLak_VN.html"}},{"type":"Feature","geometry":{"type":"Point","coordinates":[108.4,13.0]},"properties":{"id":"MB06059","name":"Ea Tam","name_en":"Ho Ea Tam","province":"Đắk Lắk","commune":"Tam Giang","page":"dams/DakLak/HoEaTam_TamGiang_DakLak_VN.html"}},{"type":"Feature","geometry":{"type":"Point","coordinates":[108.9,13.0]},"properties":{"id":"MB00010","name":"Sông Ba Hạ","name_en":"Song Ba Ha","province":"Đắk Lắk","commune":"Suối Trai","page":"dams/DakLak/SongBaHa_SuoiTrai_DakLak_VN.html"}},{"type":"Feature","geometry":{"type":"Point","coordinates":[109.0,13.05]},"properties":{"id":"MB05140","name":"Giếng Tiên","name_en":"Gieng Tien","province":"Đắk Lắk","commune":"Sơn Hòa","page":"dams/DakLak/GiengTien_SonHoa_DakLak_VN.html"}},{"type":"Feature","geometry":{"type":"Point","coordinates":[107.9,13.05]},"properties":{"id":"MB01440","name":"Đập Ea Súp Hạ","name_en":"Dap Ea Sup Ha","province":"Đắk Lắk","commune":"Ea Súp","page":"dams/DakLak/DapEaSupHa_EaSup_DakLak_VN.html"}},{"type":"Feature","geometry":{"type":"Point","coordinates":[108.25,13.1]},"properties":{"id":"MB06060","name":"Cư Né","name_en":"Ho Cu Ne","province":"Đắk Lắk","commune":"Krông Búk","page":"dams/DakLak/HoCuNe_KrongBuk_DakLak_VN.html"}},{"type":"Feature","geometry":{"type":"Point","coordinates":[108.65,13.1]},"properties":{"id":"MB05700","name":"Ia Dreh","name_en":"Ia Dreh","province":"Gia Lai","commune":"Ia Dreh","page":"dams/GiaLai/IaDreh_IaDreh_GiaLai_VN.html"}},{"type":"Feature","geometry":{"type":"Point","coordinates":[107.6,13.15]},"properties":{"id":"MB05221","name":"739","name_en":"739","province":"Đắk Lắk","commune":"Ea Bung","page":"dams/DakLak/739_EaBung_DakLak_VN.html"}},{"type":"Feature","geometry":{"type":"Point","coordinates":[109.15,13.15]},"properties":{"id":"MB05141","name":"Vân Hòa 3","name_en":"Van Hoa 3","province":"Đắk Lắk","commune":"Vân Hòa","page":"dams/DakLak/VanHoa3_VanHoa_DakLak_VN.html"}},{"type":"Feature","geometry":{"type":"Point","coordinates":[109.25,13.15]},"properties":{"id":"MB90162","name":"Lỗ Ân","name_en":"Ho Lo An","province":"Đắk Lắk","commune":"Bình Kiến","page":"dams/DakLak/HoLoAn_BinhKien_DakLak_VN.html"}},{"type":"Feature","geometry":{"type":"Point","coordinates":[108.05,13.25]},"properties":{"id":"MB01014","name":"Ea Drăng 2","name_en":"Ea Drang 2","province":"Đắk Lắk","commune":"Ea Wy","page":"dams/DakLak/EaDrang2_EaWy_DakLak_VN.html"}},{"type":"Feature","geometry":{"type":"Point","coordinates":[108.8,13.3]},"properties":{"id":"MB03301","name":"Đập Ia Mlah","name_en":"Dap Ia Mlah","province":"Gia Lai","commune":"Phú Túc","page":"dams/GiaLai/DapIaMlah_PhuTuc_GiaLai_VN.html"}},{"type":"Feature","geometry":{"type":"Point","coordinates":[108.55,13.35]},"properties":{"id":"MB02792","name":"Đăk Srông 3B","name_en":"Dak Srong 3B","province":"Gia Lai","commune":"Ia Rsai","page":"dams/GiaLai/DakSrong3B_IaRsai_GiaLai_VN.html"}},{"type":"Feature","geometry":{"type":"Point","coordinates":[107.9,13.5]},"properties":{"id":"MB03786","name":"Pleipai","name_en":"Pleipai","province":"Gia Lai","commune":"Ia Lâu","page":"dams/GiaLai/Pleipai_IaLau_GiaLai_VN.html"}},{"type":"Feature","geometry":{"type":"Point","coordinates":[107.75,13.5]},"properties":{"id":"MB00092","name":"Ia Mơr","name_en":"Ia Mor","province":"Gia Lai","commune":"Ia Mơ","page":"dams/GiaLai/IaMor_IaMo_GiaLai_VN.html"}},{"type":"Feature","geometry":{"type":"Point","coordinates":[108.85,13.5]},"properties":{"id":"MB01284","name":"La Hiêng 2","name_en":"La Hieng 2","province":"Đắk Lắk","commune":"Phú Mỡ","page":"dams/DakLak/LaHieng2_PhuMo_DakLak_VN.html"}},{"type":"Feature","geometry":{"type":"Point","coordinates":[109.2,13.55]},"properties":{"id":"MB05701","name":"Xuân Bình","name_en":"Xuan Binh","province":"Đắk Lắk","commune":"Xuân Cảnh","page":"dams/DakLak/XuanBinh_XuanCanh_DakLak_VN.html"}},{"type":"Feature","geometry":{"type":"Point","coordinates":[108.25,13.6]},"properties":{"id":"MB01436","name":"Ayun Hạ","name_en":"Ayun Ha","province":"Gia Lai","commune":"Chư A Thai","page":"dams/GiaLai/AyunHa_ChuAThai_GiaLai_VN.html"}},{"type":"Feature","geometry":{"type":"Point","coordinates":[109.05,13.65]},"properties":{"id":"MB90158","name":"Quang Hiển","name_en":"Ho Quang Hien","province":"Gia Lai","commune":"Canh Vinh","page":"dams/GiaLai/HoQuangHien_CanhVinh_GiaLai_VN.html"}},{"type":"Feature","geometry":{"type":"Point","coordinates":[109.0,13.65]},"properties":{"id":"MB05146","name":"Suối Đuốc","name_en":"Suoi Duoc","province":"Gia Lai","commune":"Canh Vinh","page":"dams/GiaLai/SuoiDuoc_CanhVinh_GiaLai_VN.html"}},{"type":"Feature","geometry":{"type":"Point","coordinates":[107.8,13.65]},"properties":{"id":"MB00984","name":"Ia Meur 3","name_en":"Ia Meur 3","province":"Gia Lai","commune":"Ia Boòng","page":"dams/GiaLai/IaMeur3_IaBoong_GiaLai_VN.html"}},{"type":"Feature","geometry":{"type":"Point","coordinates":[107.8,13.7]},"properties":{"id":"MB00980","name":"Ia Drang 3","name_en":"Ia Drang 3","province":"Gia Lai","commune":"Ia Boòng","page":"dams/GiaLai/IaDrang3_IaBoong_GiaLai_VN.html"}},{"type":"Feature","geometry":{"type":"Point","coordinates":[108.55,13.7]},"properties":{"id":"MB01487","name":"Đăk Srông 2A","name_en":"Dak Srong 2","province":"Gia Lai","commune":"SRó","page":"dams/GiaLai/DakSrong2_SRo_GiaLai_VN.html"}},{"type":"Feature","geometry":{"type":"Point","coordinates":[109.15,13.7]},"properties":{"id":"MB05147","name":"Long Mỹ","name_en":"Long My","province":"Gia Lai","commune":"Quy Nhơn Tây","page":"dams/GiaLai/LongMy_QuyNhonTay_GiaLai_VN.html"}},{"type":"Feature","geometry":{"type":"Point","coordinates":[108.45,13.7]},"properties":{"id":"MB01097","name":"Đăk Pi Hao 2","name_en":"Dak Pi Hao 2","province":"Gia Lai","commune":"Chơ Long","page":"dams/GiaLai/DakPiHao2_ChoLong_GiaLai_VN.html"}},{"type":"Feature","geometry":{"type":"Point","coordinates":[109.1,13.7]},"properties":{"id":"MB05148","name":"Ông Lành","name_en":"Ong Lanh","province":"Gia Lai","commune":"Canh Vinh","page":"dams/GiaLai/OngLanh_CanhVinh_GiaLai_VN.html"}},{"type":"Feature","geometry":{"type":"Point","coordinates":[107.8,13.75]},"properties":{"id":"MB01069","name":"Ia Puch 3","name_en":"Ia Puch 3","province":"Gia Lai","commune":"Ia Boòng","page":"dams/GiaLai/IaPuch3_IaBoong_GiaLai_VN.html"}},{"type":"Feature","geometry":{"type":"Point","coordinates":[107.85,13.75]},"properties":{"id":"MB00710","name":"Ia Drang 2","name_en":"Ia Drang 2","province":"Gia Lai","commune":"Ia Boòng","page":"dams/GiaLai/IaDrang2_IaBoong_GiaLai_VN.html"}},{"type":"Feature","geometry":{"type":"Point","coordinates":[107.892,13.75]},"properties":{"id":"MB02771","name":"Hồ Chư Prông","name_en":"Ho Chu Prong","province":"Gia Lai","commune":"Chư Prông","page":"dams/GiaLai/HoChuProng_ChuProng_GiaLai_VN.html"}},{"type":"Feature","geometry":{"type":"Point","coordinates":[108.55,13.75]},"properties":{"id":"MB04126","name":"Đăk Srông","name_en":"Dak Srong","province":"Gia Lai","commune":"Kông Chro","page":"dams/GiaLai/DakSrong_KongChro_GiaLai_VN.html"}},{"type":"Feature","geometry":{"type":"Point","coordinates":[108.35,13.75]},"properties":{"id":"MB01044","name":"Đắk Pi Hao","name_en":"Dak Pi Hao 1","province":"Gia Lai","commune":"Kon Chiêng","page":"dams/GiaLai/DakPiHao1_KonChieng_GiaLai_VN.html"}},{"type":"Feature","geometry":{"type":"Point","coordinates":[107.908,13.75]},"properties":{"id":"MB00970","name":"Ia Drang 1","name_en":"Ia Drang 1","province":"Gia Lai","commune":"Chư Prông","page":"dams/GiaLai/IaDrang1_ChuProng_GiaLai_VN.html"}},{"type":"Feature","geometry":{"type":"Point","coordinates":[108.142,13.8]},"properties":{"id":"MB02858","name":"Plei Keo","name_en":"Plei Keo","province":"Gia Lai","commune":"Bờ Ngoong","page":"dams/GiaLai/PleiKeo_BoNgoong_GiaLai_VN.html"}},{"type":"Feature","geometry":{"type":"Point","coordinates":[109.1,13.8]},"properties":{"id":"MB05149","name":"Hóc Ké","name_en":"Hoc Ke","province":"Gia Lai","commune":"Tuy Phước Tây","page":"dams/GiaLai/HocKe_TuyPhuocTay_GiaLai_VN.html"}},{"type":"Feature","geometry":{"type":"Point","coordinates":[109.0,13.8]},"properties":{"id":"MB90154","name":"Núi Một","name_en":"Ho Nui Mot","province":"Gia Lai","commune":"An Nhơn Tây","page":"dams/GiaLai/HoNuiMot_AnNhonTay_GiaLai_VN.html"}},{"type":"Feature","geometry":{"type":"Point","coordinates":[108.158,13.8]},"properties":{"id":"MB01854","name":"H'Mun","name_en":"H'mun","province":"Gia Lai","commune":"Lơ Pang","page":"dams/GiaLai/HMun_LoPang_GiaLai_VN.html"}},{"type":"Feature","geometry":{"type":"Point","coordinates":[108.0,13.8]},"properties":{"id":"MB01829","name":"Iaring","name_en":"Ho Iaring","province":"Gia Lai","commune":"Bờ Ngoong","page":"dams/GiaLai/HoIaring_BoNgoong_GiaLai_VN.html"}},{"type":"Feature","geometry":{"type":"Point","coordinates":[107.95,13.8]},"properties":{"id":"MB02486","name":"Hoàng Ân","name_en":"Hoang An","province":"Gia Lai","commune":"Chư Prông","page":"dams/GiaLai/HoangAn_ChuProng_GiaLai_VN.html"}},{"type":"Feature","geometry":{"type":"Point","coordinates":[108.15,13.85]},"properties":{"id":"MB02795","name":"H'Chan","name_en":"H'Chan","province":"Gia Lai","commune":"Lơ Pang","page":"dams/GiaLai/HChan_LoPang_GiaLai_VN.html"}},{"type":"Feature","geometry":{"type":"Point","coordinates":[107.65,13.85]},"properties":{"id":"MB04178","name":"La Blang","name_en":"La Blang","province":"Gia Lai","commune":"Ia Dơk","page":"dams/GiaLai/LaBlang_IaDok_GiaLai_VN.html"}},{"type":"Feature","geometry":{"type":"Point","coordinates":[108.2,13.85]},"properties":{"id":"MB02796","name":"Ayun Trung","name_en":"Ayun Trung","province":"Gia Lai","commune":"KDang","page":"dams/GiaLai/AyunTrung_KDang_GiaLai_VN.html"}},{"type":"Feature","geometry":{"type":"Point","coordinates":[109.0,13.85]},"properties":{"id":"MB06065","name":"Thủ Thiện","name_en":"Ho Thu Thien","province":"Gia Lai","commune":"Tây Sơn","page":"dams/GiaLai/HoThuThien_TaySon_GiaLai_VN.html"}},{"type":"Feature","geometry":{"type":"Point","coordinates":[108.25,13.95]},"properties":{"id":"MB03290","name":"Ayun Thượng 1A","name_en":"Ayun Thuong 1A","province":"Gia Lai","commune":"Lơ Pang","page":"dams/GiaLai/AyunThuong1A_LoPang_GiaLai_VN.html"}},{"type":"Feature","geometry":{"type":"Point","coordinates":[107.45,13.95]},"properties":{"id":"MB03811","name":"Sê San 4A","name_en":"Se san 4A","province":"Gia Lai","commune":"Ia O","page":"dams/GiaLai/SeSan4A_IaO_GiaLai_VN.html"}},{"type":"Feature","geometry":{"type":"Point","coordinates":[108.9,13.95]},"properties":{"id":"MB05150","name":"Hòn Gà","name_en":"Hon Ga","province":"Gia Lai","commune":"Bình An","page":"dams/GiaLai/HonGa_BinhAn_GiaLai_VN.html"}},{"type":"Feature","geometry":{"type":"Point","coordinates":[107.75,13.95]},"properties":{"id":"MB03775","name":"Ia Grang 2","name_en":"Ia Grang 2","province":"Gia Lai","commune":"Ia Grai","page":"dams/GiaLai/IaGrang2_IaGrai_GiaLai_VN.html"}},{"type":"Feature","geometry":{"type":"Point","coordinates":[107.5,13.95]},"properties":{"id":"MB00098","name":"Sê San 4","name_en":"Sesan 4","province":"Gia Lai","commune":"Ia O","page":"dams/GiaLai/Sesan4_IaO_GiaLai_VN.html"}},{"type":"Feature","geometry":{"type":"Point","coordinates":[107.7,14.0]},"properties":{"id":"MB02803","name":"Ia Grai 2","name_en":"Ia Grai 2","province":"Gia Lai","commune":"Ia Krái","page":"dams/GiaLai/IaGrai2_IaKrai_GiaLai_VN.html"}},{"type":"Feature","geometry":{"type":"Point","coordinates":[107.8,14.0]},"properties":{"id":"MB00711","name":"Ia Grang 1","name_en":"Ia Grang 1","province":"Gia Lai","commune":"Ia Grai","page":"dams/GiaLai/IaGrang1_IaGrai_GiaLai_VN.html"}},{"type":"Feature","geometry":{"type":"Point","coordinates":[109.2,14.0]},"properties":{"id":"MB01272","name":"Mỹ Thuận","name_en":"Ho My Thuan","province":"Gia Lai","commune":"Ngô Mây","page":"dams/GiaLai/HoMyThuan_NgoMay_GiaLai_VN.html"}},{"type":"Feature","geometry":{"type":"Point","coordinates":[108.7,14.0]},"properties":{"id":"MB00099","name":"An Khê","name_en":"An Khe","province":"Gia Lai","commune":"An Khê","page":"dams/GiaLai/AnKhe_AnKhe_GiaLai_VN.html"}},{"type":"Feature","geometry":{"type":"Point","coordinates":[108.05,14.0]},"properties":{"id":"MB05162","name":"Trà Đa","name_en":"Tra Da","province":"Gia Lai","commune":"Pleiku","page":"dams/GiaLai/TraDa_Pleiku_GiaLai_VN.html"}},{"type":"Feature","geometry":{"type":"Point","coordinates":[107.65,14.0]},"properties":{"id":"MB02675","name":"Ia Grai 3","name_en":"Ia Grai 3","province":"Gia Lai","commune":"Ia Krái","page":"dams/GiaLai/IaGrai3_IaKrai_GiaLai_VN.html"}},{"type":"Feature","geometry":{"type":"Point","coordinates":[109.1,14.05]},"properties":{"id":"MB05153","name":"Suối Chay","name_en":"Suoi Chay","province":"Gia Lai","commune":"Phù Cát","page":"dams/GiaLai/SuoiChay_PhuCat_GiaLai_VN.html"}},{"type":"Feature","geometry":{"type":"Point","coordinates":[107.85,14.05]},"properties":{"id":"MB07064","name":"Ia H'Rung","name_en":"Ia H'Rung","province":"Gia Lai","commune":"Ia Hrung","page":"dams/GiaLai/IaHRung_IaHrung_GiaLai_VN.html"}},{"type":"Feature","geometry":{"type":"Point","coordinates":[108.85,14.05]},"properties":{"id":"MB05142","name":"Hà Nhe","name_en":"Ha Nhe","province":"Gia Lai","commune":"Vĩnh Quang","page":"dams/GiaLai/HaNhe_VinhQuang_GiaLai_VN.html"}},{"type":"Feature","geometry":{"type":"Point","coordinates":[109.05,14.05]},"properties":{"id":"MB05155","name":"Bờ Sề","name_en":"Bo Se","province":"Gia Lai","commune":"Hòa Hội","page":"dams/GiaLai/BoSe_HoaHoi_GiaLai_VN.html"}},{"type":"Feature","geometry":{"type":"Point","coordinates":[109.208,14.05]},"properties":{"id":"MB05154","name":"Chánh Hùng","name_en":"Chanh Hung","province":"Gia Lai","commune":"Cát Tiến","page":"dams/GiaLai/ChanhHung_CatTien_GiaLai_VN.html"}},{"type":"Feature","geometry":{"type":"Point","coordinates":[109.192,14.05]},"properties":{"id":"MB05156","name":"Tân Thắng","name_en":"Tan Thang","province":"Gia Lai","commune":"Cát Tiến","page":"dams/GiaLai/TanThang_CatTien_GiaLai_VN.html"}},{"type":"Feature","geometry":{"type":"Point","coordinates":[108.0,14.05]},"properties":{"id":"MB03770","name":"Biển Hồ","name_en":"Bien Ho","province":"Gia Lai","commune":"Biển Hồ","page":"dams/GiaLai/BienHo_BienHo_GiaLai_VN.html"}},{"type":"Feature","geometry":{"type":"Point","coordinates":[108.95,14.05]},"properties":{"id":"MB05157","name":"Tam Sơn","name_en":"Tam Son","province":"Gia Lai","commune":"Hội Sơn","page":"dams/GiaLai/TamSon_HoiSon_GiaLai_VN.html"}},{"type":"Feature","geometry":{"type":"Point","coordinates":[109.1,14.1]},"properties":{"id":"MB05158","name":"Hố Xoài","name_en":"Ho Xoai","province":"Gia Lai","commune":"Đề Gi","page":"dams/GiaLai/HoXoai_DeGi_GiaLai_VN.html"}},{"type":"Feature","geometry":{"type":"Point","coordinates":[109.15,14.1]},"properties":{"id":"MB06074","name":"Hóc Xeo","name_en":"Ho Hoc Xeo","province":"Gia Lai","commune":"Đề Gi","page":"dams/GiaLai/HoHocXeo_DeGi_GiaLai_VN.html"}},{"type":"Feature","geometry":{"type":"Point","coordinates":[108.8,14.1]},"properties":{"id":"MB05143","name":"Hòn Lập","name_en":"Hon Lap","province":"Gia Lai","commune":"Vĩnh Thịnh","page":"dams/GiaLai/HonLap_VinhThinh_GiaLai_VN.html"}},{"type":"Feature","geometry":{"type":"Point","coordinates":[107.65,14.1]},"properties":{"id":"MB01489","name":"Sê San 3A","name_en":"Se San 3A","province":"Quảng Ngãi","commune":"Ia Tơi","page":"dams/QuangNgai/SeSan3A_IaToi_QuangNgai_VN.html"}},{"type":"Feature","geometry":{"type":"Point","coordinates":[108.0,14.1]},"properties":{"id":"MB05163","name":"Tân Sơn","name_en":"Tan Son","province":"Gia Lai","commune":"Biển Hồ","page":"dams/GiaLai/TanSon_BienHo_GiaLai_VN.html"}},{"type":"Feature","geometry":{"type":"Point","coordinates":[109.0,14.1]},"properties":{"id":"MB05161","name":"Chí Hòa 2","name_en":"Chi Hoa 2","province":"Gia Lai","commune":"Phù Mỹ Nam","page":"dams/GiaLai/ChiHoa2_PhuMyNam_GiaLai_VN.html"}},{"type":"Feature","geometry":{"type":"Point","coordinates":[109.0,14.15]},"properties":{"id":"MB05166","name":"Đại Sơn","name_en":"Dai Son","province":"Gia Lai","commune":"Phù Mỹ Nam","page":"dams/GiaLai/DaiSon_PhuMyNam_GiaLai_VN.html"}},{"type":"Feature","geometry":{"type":"Point","coordinates":[108.95,14.15]},"properties":{"id":"MB90148","name":"Hội Sơn","name_en":"Ho Hoi Son","province":"Gia Lai","commune":"Hội Sơn","page":"dams/GiaLai/HoHoiSon_HoiSon_GiaLai_VN.html"}},{"type":"Feature","geometry":{"type":"Point","coordinates":[109.1,14.15]},"properties":{"id":"MB05167","name":"Núi Giàu","name_en":"Nui Giau","province":"Gia Lai","commune":"Phù Mỹ","page":"dams/GiaLai/NuiGiau_PhuMy_GiaLai_VN.html"}},{"type":"Feature","geometry":{"type":"Point","coordinates":[108.3,14.15]},"properties":{"id":"MB00963","name":"Yang Trung","name_en":"Yang Trung","province":"Gia Lai","commune":"Ayun","page":"dams/GiaLai/YangTrung_Ayun_GiaLai_VN.html"}},{"type":"Feature","geometry":{"type":"Point","coordinates":[108.6,14.15]},"properties":{"id":"MB01477","name":"Ka Nak","name_en":"Kanak","province":"Gia Lai","commune":"Kbang","page":"dams/GiaLai/Kanak_Kbang_GiaLai_VN.html"}},{"type":"Feature","geometry":{"type":"Point","coordinates":[108.1,14.2]},"properties":{"id":"MB03771","name":"Đak Đoa","name_en":"Dak Doa","province":"Gia Lai","commune":"Đak Sơmei","page":"dams/GiaLai/DakDoa_DakSomei_GiaLai_VN.html"}},{"type":"Feature","geometry":{"type":"Point","coordinates":[109.008,14.2]},"properties":{"id":"MB05168","name":"Hội Khánh","name_en":"Hoi Khanh","province":"Gia Lai","commune":"Phù Mỹ Tây","page":"dams/GiaLai/HoiKhanh_PhuMyTay_GiaLai_VN.html"}},{"type":"Feature","geometry":{"type":"Point","coordinates":[109.05,14.2]},"properties":{"id":"MB05236","name":"Diêm Tiêu","name_en":"Diem Tieu","province":"Gia Lai","commune":"Phù Mỹ Tây","page":"dams/GiaLai/DiemTieu_PhuMyTay_GiaLai_VN.html"}},{"type":"Feature","geometry":{"type":"Point","coordinates":[107.8,14.2]},"properties":{"id":"MB00863","name":"Ry Ninh","name_en":"Ry Ninh 2","province":"Gia Lai","commune":"Ia Ly","page":"dams/GiaLai/RyNinh2_IaLy_GiaLai_VN.html"}},{"type":"Feature","geometry":{"type":"Point","coordinates":[107.7,14.2]},"properties":{"id":"MB00054","name":"Sê San 3","name_en":"Se San 3","province":"Gia Lai","commune":"Ia Ly","page":"dams/GiaLai/SeSan3_IaLy_GiaLai_VN.html"}},{"type":"Feature","geometry":{"type":"Point","coordinates":[108.758,14.2]},"properties":{"id":"MB01062","name":"Ken Lút Hạ","name_en":"Ken Lut Ha","province":"Gia Lai","commune":"Vĩnh Thạnh","page":"dams/GiaLai/KenLutHa_VinhThanh_GiaLai_VN.html"}},{"type":"Feature","geometry":{"type":"Point","coordinates":[108.996,14.207]},"properties":{"id":"MB05237","name":"Đập Lồi","name_en":"Dap Loi","province":"Gia Lai","commune":"Phù Mỹ Tây","page":"dams/GiaLai/DapLoi_PhuMyTay_GiaLai_VN.html"}},{"type":"Feature","geometry":{"type":"Point","coordinates":[109.15,14.2]},"properties":{"id":"MB05238","name":"Hóc Nhạn","name_en":"Hoc Nhan","province":"Gia Lai","commune":"Phù Mỹ Đông","page":"dams/GiaLai/HocNhan_PhuMyDong_GiaLai_VN.html"}},{"type":"Feature","geometry":{"type":"Point","coordinates":[108.996,14.193]},"properties":{"id":"MB06075","name":"Hố Voi","name_en":"Ho Ho Voi","province":"Gia Lai","commune":"Phù Mỹ Tây","page":"dams/GiaLai/HoHoVoi_PhuMyTay_GiaLai_VN.html"}},{"type":"Feature","geometry":{"type":"Point","coordinates":[107.85,14.25]},"properties":{"id":"MB00712","name":"Ialy","name_en":"Yali","province":"Gia Lai","commune":"Ia Ly","page":"dams/GiaLai/Yali_IaLy_GiaLai_VN.html"}},{"type":"Feature","geometry":{"type":"Point","coordinates":[109.1,14.25]},"properties":{"id":"MB05239","name":"Suối Sổ","name_en":"Suoi So","province":"Gia Lai","commune":"Bình Dương","page":"dams/GiaLai/SuoiSo_BinhDuong_GiaLai_VN.html"}},{"type":"Feature","geometry":{"type":"Point","coordinates":[108.1,14.25]},"properties":{"id":"MB01490","name":"Hà Tây","name_en":"Ha Tay","province":"Gia Lai","commune":"Ia Khươl","page":"dams/GiaLai/HaTay_IaKhuol_GiaLai_VN.html"}},{"type":"Feature","geometry":{"type":"Point","coordinates":[107.95,14.25]},"properties":{"id":"MB01380","name":"Ia Bang Thượng","name_en":"Ia Bang Thuong","province":"Quảng Ngãi","commune":"Đăk Rơ Wa","page":"dams/QuangNgai/IaBangThuong_DakRoWa_QuangNgai_VN.html"}},{"type":"Feature","geometry":{"type":"Point","coordinates":[109.15,14.25]},"properties":{"id":"MB05240","name":"Núi Miếu","name_en":"Nui Mieu","province":"Gia Lai","commune":"Bình Dương","page":"dams/GiaLai/NuiMieu_BinhDuong_GiaLai_VN.html"}},{"type":"Feature","geometry":{"type":"Point","coordinates":[108.55,14.25]},"properties":{"id":"MB05144","name":"Plêi Tơ Kon","name_en":"Plei To Kon","province":"Gia Lai","commune":"Sơn Lang","page":"dams/GiaLai/PleiToKon_SonLang_GiaLai_VN.html"}},{"type":"Feature","geometry":{"type":"Point","coordinates":[108.6,14.25]},"properties":{"id":"MB05265","name":"Buôn Lưới","name_en":"Buon Luoi","province":"Gia Lai","commune":"Sơn Lang","page":"dams/GiaLai/BuonLuoi_SonLang_GiaLai_VN.html"}},{"type":"Feature","geometry":{"type":"Point","coordinates":[109.058,14.3]},"properties":{"id":"MB05243","name":"An Tường","name_en":"An Tuong","province":"Gia Lai","commune":"Phù Mỹ Bắc","page":"dams/GiaLai/AnTuong_PhuMyBac_GiaLai_VN.html"}},{"type":"Feature","geometry":{"type":"Point","coordinates":[108.0,14.3]},"properties":{"id":"MB05165","name":"Đăk Yên","name_en":"Dak Yen","province":"Quảng Ngãi","commune":"Đăk Rơ Wa","page":"dams/QuangNgai/DakYen_DakRoWa_QuangNgai_VN.html"}},{"type":"Feature","geometry":{"type":"Point","coordinates":[109.046,14.307]},"properties":{"id":"MB05244","name":"Cây Sung","name_en":"Cay Sung","province":"Gia Lai","commune":"Phù Mỹ Bắc","page":"dams/GiaLai/CaySung_PhuMyBac_GiaLai_VN.html"}},{"type":"Feature","geometry":{"type":"Point","coordinates":[108.992,14.3]},"properties":{"id":"MB05245","name":"Hóc Sim","name_en":"Hoc Sim","province":"Gia Lai","commune":"Hoài Ân","page":"dams/GiaLai/HocSim_HoaiAn_GiaLai_VN.html"}},{"type":"Feature","geometry":{"type":"Point","coordinates":[109.046,14.293]},"properties":{"id":"MB08376","name":"Vạn Sơn","name_en":"Ho Van Son","province":"Gia Lai","commune":"Phù Mỹ Bắc","page":"dams/GiaLai/HoVanSon_PhuMyBac_GiaLai_VN.html"}},{"type":"Feature","geometry":{"type":"Point","coordinates":[108.1,14.3]},"properties":{"id":"MB03984","name":"Đăk Bla","name_en":"Dak Bla","province":"Quảng Ngãi","commune":"Đăk Rơ Wa","page":"dams/QuangNgai/DakBla_DakRoWa_QuangNgai_VN.html"}},{"type":"Feature","geometry":{"type":"Point","coordinates":[108.9,14.35]},"properties":{"id":"MB05246","name":"Hóc Mỹ","name_en":"Hoc My","province":"Gia Lai","commune":"Ân Tường","page":"dams/GiaLai/HocMy_AnTuong_GiaLai_VN.html"}},{"type":"Feature","geometry":{"type":"Point","coordinates":[107.95,14.35]},"properties":{"id":"MB05230","name":"Tân Điền","name_en":"Tan Dien","province":"Quảng Ngãi","commune":"Ia Chim","page":"dams/QuangNgai/TanDien_IaChim_QuangNgai_VN.html"}},{"type":"Feature","geometry":{"type":"Point","coordinates":[109.108,14.35]},"properties":{"id":"MB03340","name":"DAM TRA O","name_en":"DAM TRA O","province":"Gia Lai","commune":"Phù Mỹ Bắc","page":"dams/GiaLai/DAMTRAO_PhuMyBac_GiaLai_VN.html"}},{"type":"Feature","geometry":{"type":"Point","coordinates":[108.0,14.35]},"properties":{"id":"MB01535","name":"Đập tràn","name_en":"Dap tran","province":"Quảng Ngãi","commune":"Kon Tum","page":"dams/QuangNgai/DapTran_KonTum_QuangNgai_VN.html"}},{"type":"Feature","geometry":{"type":"Point","coordinates":[108.992,14.35]},"properties":{"id":"MB05248","name":"Đá Bàn","name_en":"Da Ban","province":"Gia Lai","commune":"Hoài Ân","page":"dams/GiaLai/DaBan_HoaiAn_GiaLai_VN.html"}},{"type":"Feature","geometry":{"type":"Point","coordinates":[109.092,14.35]},"properties":{"id":"MB05250","name":"Hóc Môn","name_en":"Hoc Mon","province":"Gia Lai","commune":"Phù Mỹ Bắc","page":"dams/GiaLai/HocMon_PhuMyBac_GiaLai_VN.html"}},{"type":"Feature","geometry":{"type":"Point","coordinates":[108.696,14.357]},"properties":{"id":"MB02866","name":"Vĩnh Sơn 5","name_en":"Vinh Son 5","province":"Gia Lai","commune":"Vĩnh Sơn","page":"dams/GiaLai/VinhSon5_VinhSon_GiaLai_VN.html"}},{"type":"Feature","geometry":{"type":"Point","coordinates":[109.1,14.4]},"properties":{"id":"MB05251","name":"Phú Hà","name_en":"Phu Ha","province":"Gia Lai","commune":"Phù Mỹ Bắc","page":"dams/GiaLai/PhuHa_PhuMyBac_GiaLai_VN.html"}},{"type":"Feature","geometry":{"type":"Point","coordinates":[107.9,14.4]},"properties":{"id":"MB05231","name":"Đăk Sa Men","name_en":"Dak Sa Men","province":"Quảng Ngãi","commune":"Ia Chim","page":"dams/QuangNgai/DakSaMen_IaChim_QuangNgai_VN.html"}},{"type":"Feature","geometry":{"type":"Point","coordinates":[108.458,14.4]},"properties":{"id":"MB01043","name":"Đăk Ble","name_en":"Dak Ble","province":"Gia Lai","commune":"Đak Rong","page":"dams/GiaLai/DakBle_DakRong_GiaLai_VN.html"}},{"type":"Feature","geometry":{"type":"Point","coordinates":[108.708,14.35]},"properties":{"id":"MB01162","name":"Vĩnh Sơn 4","name_en":"Vinh Son 4","province":"Gia Lai","commune":"Vĩnh Sơn","page":"dams/GiaLai/VinhSon4_VinhSon_GiaLai_VN.html"}},{"type":"Feature","geometry":{"type":"Point","coordinates":[107.55,14.4]},"properties":{"id":"MB05232","name":"Ya Xăng","name_en":"Ya Xang","province":"Quảng Ngãi","commune":"Mô Rai","page":"dams/QuangNgai/YaXang_MoRai_QuangNgai_VN.html"}},{"type":"Feature","geometry":{"type":"Point","coordinates":[109.05,14.4]},"properties":{"id":"MB05252","name":"Văn Khánh Đức","name_en":"Van Khanh Duc","province":"Gia Lai","commune":"Bồng Sơn","page":"dams/GiaLai/VanKhanhDuc_BongSon_GiaLai_VN.html"}},{"type":"Feature","geometry":{"type":"Point","coordinates":[107.858,14.4]},"properties":{"id":"MB03773","name":"PleiKrông","name_en":"Pleikrong","province":"Quảng Ngãi","commune":"Ngọk Bay","page":"dams/QuangNgai/Pleikrong_NgokBay_QuangNgai_VN.html"}},{"type":"Feature","geometry":{"type":"Point","coordinates":[108.442,14.4]},"properties":{"id":"MB01057","name":"Krông Pa 2","name_en":"Krong Pa 2","province":"Gia Lai","commune":"Đak Rong","page":"dams/GiaLai/KrongPa2_DakRong_GiaLai_VN.html"}},{"type":"Feature","geometry":{"type":"Point","coordinates":[108.15,14.45]},"properties":{"id":"MB04183","name":"Đăk Bla 1","name_en":"Dak Bla 1","province":"Quảng Ngãi","commune":"Kon Braih","page":"dams/QuangNgai/DakBla1_KonBraih_QuangNgai_VN.html"}},{"type":"Feature","geometry":{"type":"Point","coordinates":[109.0,14.45]},"properties":{"id":"MB05254","name":"Thiết Đính","name_en":"Thiet Dinh","province":"Gia Lai","commune":"Bồng Sơn","page":"dams/GiaLai/ThietDinh_BongSon_GiaLai_VN.html"}},{"type":"Feature","geometry":{"type":"Point","coordinates":[109.1,14.45]},"properties":{"id":"MB05255","name":"Cây Khế","name_en":"Cay Khe","province":"Gia Lai","commune":"Hoài Nhơn Đông","page":"dams/GiaLai/CayKhe_HoaiNhonDong_GiaLai_VN.html"}},{"type":"Feature","geometry":{"type":"Point","coordinates":[107.95,14.45]},"properties":{"id":"MB05234","name":"Đăk Trít","name_en":"Dak Trit","province":"Quảng Ngãi","commune":"Đăk Hà","page":"dams/QuangNgai/DakTrit_DakHa_QuangNgai_VN.html"}},{"type":"Feature","geometry":{"type":"Point","coordinates":[108.95,14.5]},"properties":{"id":"MB05257","name":"Hội Long","name_en":"Hoi Long","province":"Gia Lai","commune":"Ân Hảo","page":"dams/GiaLai/HoiLong_AnHao_GiaLai_VN.html"}},{"type":"Feature","geometry":{"type":"Point","coordinates":[109.008,14.5]},"properties":{"id":"MB05258","name":"Giao Hội","name_en":"Giao Hoi","province":"Gia Lai","commune":"Hoài Nhơn Nam","page":"dams/GiaLai/GiaoHoi_HoaiNhonNam_GiaLai_VN.html"}},{"type":"Feature","geometry":{"type":"Point","coordinates":[107.8,14.5]},"properties":{"id":"MB05235","name":"Đội 5","name_en":"Doi 5","province":"Quảng Ngãi","commune":"Sa Bình","page":"dams/QuangNgai/Doi5_SaBinh_QuangNgai_VN.html"}},{"type":"Feature","geometry":{"type":"Point","coordinates":[108.992,14.5]},"properties":{"id":"MB05259","name":"Phú Thạnh","name_en":"Phu Thanh","province":"Gia Lai","commune":"Hoài Nhơn Tây","page":"dams/GiaLai/PhuThanh_HoaiNhonTay_GiaLai_VN.html"}},{"type":"Feature","geometry":{"type":"Point","coordinates":[108.0,14.5]},"properties":{"id":"MB05279","name":"Đăk Loh","name_en":"Ngok Wang","province":"Quảng Ngãi","commune":"Ngọk Réo","page":"dams/QuangNgai/NgokWang_NgokReo_QuangNgai_VN.html"}},{"type":"Feature","geometry":{"type":"Point","coordinates":[108.85,14.5]},"properties":{"id":"MB01052","name":"Nước Xáng","name_en":"Nuoc Xang","province":"Gia Lai","commune":"An Hòa","page":"dams/GiaLai/NuocXang_AnHoa_GiaLai_VN.html"}},{"type":"Feature","geometry":{"type":"Point","coordinates":[108.2,14.5]},"properties":{"id":"MB00910","name":"Dak A Koi","name_en":"Dak A Koi","province":"Quảng Ngãi","commune":"Đăk Kôi","page":"dams/QuangNgai/DakAKoi_DakKoi_QuangNgai_VN.html"}},{"type":"Feature","geometry":{"type":"Point","coordinates":[108.3,14.55]},"properties":{"id":"MB01869","name":"Dak Po Ne 2","name_en":"Dak Po Ne 2","province":"Quảng Ngãi","commune":"Đăk Rve","page":"dams/QuangNgai/DakPoNe2_DakRve_QuangNgai_VN.html"}},{"type":"Feature","geometry":{"type":"Point","coordinates":[108.2,14.55]},"properties":{"id":"MB01434","name":"Đăk Ne","name_en":"Dak Ne","province":"Quảng Ngãi","commune":"Đăk Rve","page":"dams/QuangNgai/DakNe_DakRve_QuangNgai_VN.html"}},{"type":"Feature","geometry":{"type":"Point","coordinates":[107.946,14.557]},"properties":{"id":"MB01506","name":"Đập Đăk Uy","name_en":"Dak Wi","province":"Quảng Ngãi","commune":"Đăk Ui","page":"dams/QuangNgai/DakWi_DakUi_QuangNgai_VN.html"}},{"type":"Feature","geometry":{"type":"Point","coordinates":[108.9,14.55]},"properties":{"id":"MB01280","name":"Hưng Long","name_en":"Hung Long","province":"Gia Lai","commune":"An Lão","page":"dams/GiaLai/HungLong_AnLao_GiaLai_VN.html"}},{"type":"Feature","geometry":{"type":"Point","coordinates":[107.8,14.55]},"properties":{"id":"MB02693","name":"Kon Tu Zốp","name_en":"Kon Tu Zop","province":"Quảng Ngãi","commune":"Đăk Tô","page":"dams/QuangNgai/KonTuZop_DakTo_QuangNgai_VN.html"}},{"type":"Feature","geometry":{"type":"Point","coordinates":[109.0,14.55]},"properties":{"id":"MB90324","name":"Mỹ Bình","name_en":"Ho My Binh","province":"Gia Lai","commune":"Hoài Nhơn Tây","page":"dams/GiaLai/HoMyBinh_HoaiNhonTay_GiaLai_VN.html"}},{"type":"Feature","geometry":{"type":"Point","coordinates":[107.958,14.55]},"properties":{"id":"MB01505","name":"Hồ 6A/Đập đăk mar","name_en":"Ho C3 (Ho 704)","province":"Quảng Ngãi","commune":"Đăk Mar","page":"dams/QuangNgai/HoC3Ho704_DakMar_QuangNgai_VN.html"}},{"type":"Feature","geometry":{"type":"Point","coordinates":[108.3,14.6]},"properties":{"id":"MB00978","name":"Đăk Pône","name_en":"Dak Po Ne 1B","province":"Quảng Ngãi","commune":"Măng Đen","page":"dams/QuangNgai/DakPoNe1B_MangDen_QuangNgai_VN.html"}},{"type":"Feature","geometry":{"type":"Point","coordinates":[108.992,14.6]},"properties":{"id":"MB90325","name":"Hố Giang","name_en":"Ho Ho Giang","province":"Gia Lai","commune":"Tam Quan","page":"dams/GiaLai/HoHoGiang_TamQuan_GiaLai_VN.html"}},{"type":"Feature","geometry":{"type":"Point","coordinates":[109.008,14.6]},"properties":{"id":"MB05263","name":"Suối Mới","name_en":"Suoi Moi","province":"Gia Lai","commune":"Hoài Nhơn Bắc","page":"dams/GiaLai/SuoiMoi_HoaiNhonBac_GiaLai_VN.html"}},{"type":"Feature","geometry":{"type":"Point","coordinates":[108.15,14.6]},"properties":{"id":"MB01021","name":"Đăk Grét","name_en":"Dak Gret","province":"Quảng Ngãi","commune":"Đăk Kôi","page":"dams/QuangNgai/DakGret_DakKoi_QuangNgai_VN.html"}},{"type":"Feature","geometry":{"type":"Point","coordinates":[107.85,14.6]},"properties":{"id":"MB06069","name":"Hố Chè","name_en":"Ho Ho Che","province":"Quảng Ngãi","commune":"Đăk Tô","page":"dams/QuangNgai/HoHoChe_DakTo_QuangNgai_VN.html"}},{"type":"Feature","geometry":{"type":"Point","coordinates":[108.5,14.6]},"properties":{"id":"MB01196","name":"Đăk Re","name_en":"Dak Re","province":"Quảng Ngãi","commune":"Kon Plông","page":"dams/QuangNgai/DakRe_KonPlong_QuangNgai_VN.html"}},{"type":"Feature","geometry":{"type":"Point","coordinates":[108.9,14.6]},"properties":{"id":"MB05264","name":"Sông Vố","name_en":"Ho Song Vo","province":"Gia Lai","commune":"An Lão","page":"dams/GiaLai/HoSongVo_AnLao_GiaLai_VN.html"}},{"type":"Feature","geometry":{"type":"Point","coordinates":[107.95,14.6]},"properties":{"id":"MB05282","name":"Thôn 9","name_en":"Thon 9","province":"Quảng Ngãi","commune":"Đăk Mar","page":"dams/QuangNgai/Thon9_DakMar_QuangNgai_VN.html"}},{"type":"Feature","geometry":{"type":"Point","coordinates":[109.008,14.65]},"properties":{"id":"MB05272","name":"Đồng Tranh","name_en":"Dong Tranh","province":"Gia Lai","commune":"Hoài Nhơn Bắc","page":"dams/GiaLai/DongTranh_HoaiNhonBac_GiaLai_VN.html"}},{"type":"Feature","geometry":{"type":"Point","coordinates":[108.992,14.65]},"properties":{"id":"MB05273","name":"Cẩn Hậu","name_en":"Can Hau","province":"Gia Lai","commune":"Hoài Nhơn Bắc","page":"dams/GiaLai/CanHau_HoaiNhonBac_GiaLai_VN.html"}},{"type":"Feature","geometry":{"type":"Point","coordinates":[107.958,14.65]},"properties":{"id":"MB02869","name":"Đăk Spi 3","name_en":"Dak Psi 3","province":"Quảng Ngãi","commune":"Đăk Pxi","page":"dams/QuangNgai/DakPsi3_DakPxi_QuangNgai_VN.html"}},{"type":"Feature","geometry":{"type":"Point","coordinates":[108.15,14.65]},"properties":{"id":"MB00645","name":"Đăk Pia","name_en":"Dak Pia","province":"Quảng Ngãi","commune":"Đăk Kôi","page":"dams/QuangNgai/DakPia_DakKoi_QuangNgai_VN.html"}},{"type":"Feature","geometry":{"type":"Point","coordinates":[107.75,14.7]},"properties":{"id":"MB03772","name":"Ðak Ron Ga","name_en":"Dak Po","province":"Quảng Ngãi","commune":"Đăk Tô","page":"dams/QuangNgai/DakPo_DakTo_QuangNgai_VN.html"}},{"type":"Feature","geometry":{"type":"Point","coordinates":[108.25,14.7]},"properties":{"id":"MB90061","name":"Thượng Kon Tum","name_en":"Thuong KonTum","province":"Quảng Ngãi","commune":"Măng Đen","page":"dams/QuangNgai/ThuongKonTum_MangDen_QuangNgai_VN.html"}},{"type":"Feature","geometry":{"type":"Point","coordinates":[109.008,14.7]},"properties":{"id":"MB05274","name":"Huân Phong","name_en":"Huan Phong","province":"Quảng Ngãi","commune":"Khánh Cường","page":"dams/QuangNgai/HuanPhong_KhanhCuong_QuangNgai_VN.html"}},{"type":"Feature","geometry":{"type":"Point","coordinates":[107.7,14.7]},"properties":{"id":"MB02871","name":"Plei Kan","name_en":"Plei Kan","province":"Quảng Ngãi","commune":"Bờ Y","page":"dams/QuangNgai/PleiKan_BoY_QuangNgai_VN.html"}},{"type":"Feature","geometry":{"type":"Point","coordinates":[108.992,14.7]},"properties":{"id":"MB05275","name":"Diên Trường","name_en":"Dien Truong","province":"Quảng Ngãi","commune":"Khánh Cường","page":"dams/QuangNgai/DienTruong_KhanhCuong_QuangNgai_VN.html"}},{"type":"Feature","geometry":{"type":"Point","coordinates":[107.8,14.7]},"properties":{"id":"MB00646","name":"Đăk Rơ Sa 2","name_en":"Dak Ro Sa 2","province":"Quảng Ngãi","commune":"Ngọk Tụ","page":"dams/QuangNgai/DakRoSa2_NgokTu_QuangNgai_VN.html"}},{"type":"Feature","geometry":{"type":"Point","coordinates":[108.342,14.75]},"properties":{"id":"MB03212","name":"Ðak Lô","name_en":"Dak Lo","province":"Quảng Ngãi","commune":"Kon Plông","page":"dams/QuangNgai/DakLo_KonPlong_QuangNgai_VN.html"}},{"type":"Feature","geometry":{"type":"Point","coordinates":[108.358,14.75]},"properties":{"id":"MB01107","name":"Dak Lo 3","name_en":"Dak Lo 3","province":"Quảng Ngãi","commune":"Kon Plông","page":"dams/QuangNgai/DakLo3_KonPlong_QuangNgai_VN.html"}},{"type":"Feature","geometry":{"type":"Point","coordinates":[107.65,14.75]},"properties":{"id":"MB01009","name":"Đăk Xú","name_en":"Dak Xu","province":"Quảng Ngãi","commune":"Bờ Y","page":"dams/QuangNgai/DakXu_BoY_QuangNgai_VN.html"}},{"type":"Feature","geometry":{"type":"Point","coordinates":[109.0,14.75]},"properties":{"id":"MB05277","name":"Hóc Cầy","name_en":"Hoc Cay","province":"Quảng Ngãi","commune":"Khánh Cường","page":"dams/QuangNgai/HocCay_KhanhCuong_QuangNgai_VN.html"}},{"type":"Feature","geometry":{"type":"Point","coordinates":[107.85,14.75]},"properties":{"id":"MB04184","name":"Đăk Rơ Sa","name_en":"Dak Ro Sa","province":"Quảng Ngãi","commune":"Kon Đào","page":"dams/QuangNgai/DakRoSa_KonDao_QuangNgai_VN.html"}},{"type":"Feature","geometry":{"type":"Point","coordinates":[108.95,14.75]},"properties":{"id":"MB90271","name":"Liệt Sơn","name_en":"Ho Liet Son","province":"Quảng Ngãi","commune":"Đức Phổ","page":"dams/QuangNgai/HoLietSon_DucPho_QuangNgai_VN.html"}},{"type":"Feature","geometry":{"type":"Point","coordinates":[108.0,14.75]},"properties":{"id":"MB04142","name":"Đăk Spi 4","name_en":"Dak Psi 4","province":"Quảng Ngãi","commune":"Đăk Pxi","page":"dams/QuangNgai/DakPsi4_DakPxi_QuangNgai_VN.html"}},{"type":"Feature","geometry":{"type":"Point","coordinates":[107.958,14.75]},"properties":{"id":"MB01022","name":"Đăk Ter 1","name_en":"Dak Ter 1","province":"Quảng Ngãi","commune":"Tu Mơ Rông","page":"dams/QuangNgai/DakTer1_TuMoRong_QuangNgai_VN.html"}},{"type":"Feature","geometry":{"type":"Point","coordinates":[108.4,14.75]},"properties":{"id":"MB01060","name":"Đắk Lô 2","name_en":"Dak Lo 2","province":"Quảng Ngãi","commune":"Kon Plông","page":"dams/QuangNgai/DakLo2_KonPlong_QuangNgai_VN.html"}},{"type":"Feature","geometry":{"type":"Point","coordinates":[108.95,14.8]},"properties":{"id":"MB05278","name":"An Thọ","name_en":"An Tho","province":"Quảng Ngãi","commune":"Đức Phổ","page":"dams/QuangNgai/AnTho_DucPho_QuangNgai_VN.html"}},{"type":"Feature","geometry":{"type":"Point","coordinates":[108.0,14.8]},"properties":{"id":"MB04143","name":"Đăk Lây","name_en":"Dak Lay","province":"Quảng Ngãi","commune":"Đăk Pxi","page":"dams/QuangNgai/DakLay_DakPxi_QuangNgai_VN.html"}},{"type":"Feature","geometry":{"type":"Point","coordinates":[108.9,14.8]},"properties":{"id":"MB90328","name":"Sở Hầu","name_en":"So Hau","province":"Quảng Ngãi","commune":"Nguyễn Nghiêm","page":"dams/QuangNgai/SoHau_NguyenNghiem_QuangNgai_VN.html"}},{"type":"Feature","geometry":{"type":"Point","coordinates":[108.8,14.85]},"properties":{"id":"MB03287","name":"Núi Ngang","name_en":"Ho Nui Ngang","province":"Quảng Ngãi","commune":"Ba Động","page":"dams/QuangNgai/HoNuiNgang_BaDong_QuangNgai_VN.html"}},{"type":"Feature","geometry":{"type":"Point","coordinates":[107.85,14.85]},"properties":{"id":"MB01150","name":"Dak Ro Ong","name_en":"Dak Ro Ong","province":"Quảng Ngãi","commune":"Đăk Tờ Kan","page":"dams/QuangNgai/DakRoOng_DakToKan_QuangNgai_VN.html"}},{"type":"Feature","geometry":{"type":"Point","coordinates":[108.45,14.85]},"properties":{"id":"MB02805","name":"Sơn Trà 1A","name_en":"Son Tra 1A","province":"Quảng Ngãi","commune":"Sơn Kỳ","page":"dams/QuangNgai/SonTra1A_SonKy_QuangNgai_VN.html"}},{"type":"Feature","geometry":{"type":"Point","coordinates":[107.7,14.85]},"properties":{"id":"MB01026","name":"Ðak Piu 2","name_en":"Dak Piu 2","province":"Quảng Ngãi","commune":"Dục Nông","page":"dams/QuangNgai/DakPiu2_DucNong_QuangNgai_VN.html"}},{"type":"Feature","geometry":{"type":"Point","coordinates":[108.0,14.85]},"properties":{"id":"MB01142","name":"Đăk Psi 2B","name_en":"Dak Psi 2B","province":"Quảng Ngãi","commune":"Măng Ri","page":"dams/QuangNgai/DakPsi2B_MangRi_QuangNgai_VN.html"}},{"type":"Feature","geometry":{"type":"Point","coordinates":[108.45,14.9]},"properties":{"id":"MB01098","name":"Sơn Trà 1C","name_en":"Son Tra 1C","province":"Quảng Ngãi","commune":"Sơn Kỳ","page":"dams/QuangNgai/SonTra1C_SonKy_QuangNgai_VN.html"}},{"type":"Feature","geometry":{"type":"Point","coordinates":[108.9,14.9]},"properties":{"id":"MB01680","name":"Ông Tới","name_en":"Ong Toi","province":"Quảng Ngãi","commune":"Lân Phong","page":"dams/QuangNgai/OngToi_LanPhong_QuangNgai_VN.html"}},{"type":"Feature","geometry":{"type":"Point","coordinates":[108.75,14.95]},"properties":{"id":"MB9500172","name":"Cây Quen","name_en":"Cay Quen","province":"Quảng Ngãi","commune":"Thiện Tín","page":"dams/QuangNgai/CayQuen_ThienTin_QuangNgai_VN.html"}},{"type":"Feature","geometry":{"type":"Point","coordinates":[108.808,14.95]},"properties":{"id":"MB05270","name":"Hóc Mít","name_en":"Hoc Mit","province":"Quảng Ngãi","commune":"Mộ Đức","page":"dams/QuangNgai/HocMit_MoDuc_QuangNgai_VN.html"}},{"type":"Feature","geometry":{"type":"Point","coordinates":[108.85,14.95]},"properties":{"id":"MB05269","name":"Đá Bàn","name_en":"Da Ban","province":"Quảng Ngãi","commune":"Mộ Đức","page":"dams/QuangNgai/DaBan_MoDuc_QuangNgai_VN.html"}},{"type":"Feature","geometry":{"type":"Point","coordinates":[107.95,14.95]},"properties":{"id":"MB01027","name":"Ðak Psi 1","name_en":"Dak Psi 1","province":"Quảng Ngãi","commune":"Măng Ri","page":"dams/QuangNgai/DakPsi1_MangRi_QuangNgai_VN.html"}},{"type":"Feature","geometry":{"type":"Point","coordinates":[108.792,14.95]},"properties":{"id":"MB05284","name":"Mạch Điểu","name_en":"Mach Dieu","province":"Quảng Ngãi","commune":"Mộ Đức","page":"dams/QuangNgai/MachDieu_MoDuc_QuangNgai_VN.html"}},{"type":"Feature","geometry":{"type":"Point","coordinates":[108.308,15.0]},"properties":{"id":"MB03286","name":"Đăk Đrinh","name_en":"Dak Drinh","province":"Quảng Ngãi","commune":"Sơn Tây Thượng","page":"dams/QuangNgai/DakDrinh_SonTayThuong_QuangNgai_VN.html"}},{"type":"Feature","geometry":{"type":"Point","coordinates":[108.75,15.0]},"properties":{"id":"MB9500171","name":"Hố Cả","name_en":"Ho Ca","province":"Quảng Ngãi","commune":"Sơn Mai","page":"dams/QuangNgai/HoCa_SonMai_QuangNgai_VN.html"}},{"type":"Feature","geometry":{"type":"Point","coordinates":[108.358,15.0]},"properties":{"id":"MB00983","name":"Huy Mang","name_en":"Huy Mang","province":"Quảng Ngãi","commune":"Sơn Tây","page":"dams/QuangNgai/HuyMang_SonTay_QuangNgai_VN.html"}},{"type":"Feature","geometry":{"type":"Point","coordinates":[108.058,15.05]},"properties":{"id":"MB01079","name":"Tra Linh 3","name_en":"Tra Linh 3","province":"Đà Nẵng","commune":"Trà Tập","page":"dams/DaNang/TraLinh3_TraTap_DaNang_VN.html"}},{"type":"Feature","geometry":{"type":"Point","coordinates":[107.7,15.05]},"properties":{"id":"MB01072","name":"Đăk Pru 1","name_en":"Dak Pru 1","province":"Quảng Ngãi","commune":"Đăk Plô","page":"dams/QuangNgai/DakPru1_DakPlo_QuangNgai_VN.html"}},{"type":"Feature","geometry":{"type":"Point","coordinates":[108.4,15.1]},"properties":{"id":"MB00104","name":"Nước Trong","name_en":"Nuoc Trong","province":"Quảng Ngãi","commune":"Sơn Hà","page":"dams/QuangNgai/NuocTrong_SonHa_QuangNgai_VN.html"}},{"type":"Feature","geometry":{"type":"Point","coordinates":[108.05,15.1]},"properties":{"id":"MB01145","name":"Nuoc Bieu","name_en":"Nuoc Bieu","province":"Đà Nẵng","commune":"Trà Tập","page":"dams/DaNang/NuocBieu_TraTap_DaNang_VN.html"}},{"type":"Feature","geometry":{"type":"Point","coordinates":[108.7,15.1]},"properties":{"id":"MB05285","name":"Hóc Xoài","name_en":"Hoc Xoai","province":"Quảng Ngãi","commune":"Trà Giang","page":"dams/QuangNgai/HocXoai_TraGiang_QuangNgai_VN.html"}},{"type":"Feature","geometry":{"type":"Point","coordinates":[108.6,15.1]},"properties":{"id":"MB02689","name":"Đập Thạch Nham","name_en":"Dap Thach Nham","province":"Quảng Ngãi","commune":"Sơn Hạ","page":"dams/QuangNgai/DapThachNham_SonHa_QuangNgai_VN.html"}},{"type":"Feature","geometry":{"type":"Point","coordinates":[108.85,15.15]},"properties":{"id":"MB01725","name":"Đập dâng Trà Khúc","name_en":"Dap dang Tra Khuc","province":"Quảng Ngãi","commune":"Trương Quang Trọng","page":"dams/QuangNgai/DapDangTraKhuc_TruongQuangTrong_QuangNgai_VN.html"}},{"type":"Feature","geometry":{"type":"Point","coordinates":[108.35,15.15]},"properties":{"id":"MB01006","name":"Sông Riềng","name_en":"Song Rieng","province":"Quảng Ngãi","commune":"Tây Trà","page":"dams/QuangNgai/SongRieng_TayTra_QuangNgai_VN.html"}},{"type":"Feature","geometry":{"type":"Point","coordinates":[108.6,15.25]},"properties":{"id":"MB9500174","name":"Vực Thành","name_en":"Vuc Thanh","province":"Quảng Ngãi","commune":"Đông Trà Bồng","page":"dams/QuangNgai/VucThanh_DongTraBong_QuangNgai_VN.html"}},{"type":"Feature","geometry":{"type":"Point","coordinates":[107.8,15.25]},"properties":{"id":"MB02883","name":"Đắk Mi 2","name_en":"Dak Mi 2","province":"Đà Nẵng","commune":"Phước Chánh","page":"dams/DaNang/DakMi2_PhuocChanh_DaNang_VN.html"}},{"type":"Feature","geometry":{"type":"Point","coordinates":[108.8,15.25]},"properties":{"id":"MB05287","name":"Liên Trì","name_en":"Lien Tri","province":"Quảng Ngãi","commune":"Đông Sơn","page":"dams/QuangNgai/LienTri_DongSon_QuangNgai_VN.html"}},{"type":"Feature","geometry":{"type":"Point","coordinates":[108.75,15.25]},"properties":{"id":"MB9500173","name":"Hố Quýt","name_en":"Ho Quyt","province":"Quảng Ngãi","commune":"Thọ Phong","page":"dams/QuangNgai/HoQuyt_ThoPhong_QuangNgai_VN.html"}},{"type":"Feature","geometry":{"type":"Point","coordinates":[108.15,15.25]},"properties":{"id":"MB01328","name":"Tà Vi","name_en":"Ta Vi","province":"Đà Nẵng","commune":"Trà Tân","page":"dams/DaNang/Ta6_TraTan_DaNang_VN.html"}},{"type":"Feature","geometry":{"type":"Point","coordinates":[108.508,15.25]},"properties":{"id":"MB01001","name":"Cà Ðú","name_en":"Ca Du","province":"Quảng Ngãi","commune":"Trà Bồng","page":"dams/QuangNgai/CaDu_TraBong_QuangNgai_VN.html"}},{"type":"Feature","geometry":{"type":"Point","coordinates":[108.2,15.3]},"properties":{"id":"MB00992","name":"Nuoc Oa","name_en":"Nuoc Oa","province":"Đà Nẵng","commune":"Trà Tân","page":"dams/DaNang/NuocOa_TraTan_DaNang_VN.html"}},{"type":"Feature","geometry":{"type":"Point","coordinates":[108.5,15.3]},"properties":{"id":"MB01125","name":"Hà Nang","name_en":"Ha Nang","province":"Quảng Ngãi","commune":"Trà Bồng","page":"dams/QuangNgai/HaNang_TraBong_QuangNgai_VN.html"}},{"type":"Feature","geometry":{"type":"Point","coordinates":[107.85,15.3]},"properties":{"id":"MB01633","name":"Đak Mi 3","name_en":"Dak Mi 3","province":"Đà Nẵng","commune":"Phước Thành","page":"dams/DaNang/DakMi3_PhuocThanh_DaNang_VN.html"}},{"type":"Feature","geometry":{"type":"Point","coordinates":[108.15,15.35]},"properties":{"id":"MB00105","name":"Sông Tranh 2","name_en":"Song Tranh 2","province":"Đà Nẵng","commune":"Trà Đốc","page":"dams/DaNang/SongTranh2_TraDoc_DaNang_VN.html"}},{"type":"Feature","geometry":{"type":"Point","coordinates":[108.3,15.35]},"properties":{"id":"MB01327","name":"Hồ Nước Rôn","name_en":"Nuoc Oa 3","province":"Đà Nẵng","commune":"Trà My","page":"dams/DaNang/NuocOa3_TraMy_DaNang_VN.html"}},{"type":"Feature","geometry":{"type":"Point","coordinates":[108.7,15.4]},"properties":{"id":"MB05292","name":"Hố Mây","name_en":"Ho May","province":"Đà Nẵng","commune":"Núi Thành","page":"dams/DaNang/HoMay_NuiThanh_DaNang_VN.html"}},{"type":"Feature","geometry":{"type":"Point","coordinates":[108.65,15.4]},"properties":{"id":"MB06084","name":"Hố Cái","name_en":"Ho Ho Cai","province":"Đà Nẵng","commune":"Tam Mỹ","page":"dams/DaNang/HoHoCai_TamMy_DaNang_VN.html"}},{"type":"Feature","geometry":{"type":"Point","coordinates":[108.6,15.4]},"properties":{"id":"MB05293","name":"Đồng Nhơn","name_en":"Dong Nhon","province":"Đà Nẵng","commune":"Tam Mỹ","page":"dams/DaNang/DongNhon_TamMy_DaNang_VN.html"}},{"type":"Feature","geometry":{"type":"Point","coordinates":[108.6,15.45]},"properties":{"id":"MB01768","name":"Hồ Thái Xuân","name_en":"Ho Thai Xuan","province":"Đà Nẵng","commune":"Núi Thành","page":"dams/DaNang/HoThaiXuan_NuiThanh_DaNang_VN.html"}},{"type":"Feature","geometry":{"type":"Point","coordinates":[108.15,15.45]},"properties":{"id":"MB01330","name":"Sông Tranh 3","name_en":"Song Tranh 3","province":"Đà Nẵng","commune":"Phước Trà","page":"dams/DaNang/SongTranh3_PhuocTra_DaNang_VN.html"}},{"type":"Feature","geometry":{"type":"Point","coordinates":[107.85,15.45]},"properties":{"id":"MB01190","name":"Đăk Mi 4","name_en":"Dak Mi 4","province":"Đà Nẵng","commune":"Khâm Đức","page":"dams/DaNang/DakMi4_KhamDuc_DaNang_VN.html"}},{"type":"Feature","geometry":{"type":"Point","coordinates":[107.95,15.45]},"properties":{"id":"MB00415","name":"Đăk Mi 4C","name_en":"Dak Mi 4C","province":"Đà Nẵng","commune":"Phước Hiệp","page":"dams/DaNang/DakMi4C_PhuocHiep_DaNang_VN.html"}},{"type":"Feature","geometry":{"type":"Point","coordinates":[108.3,15.45]},"properties":{"id":"MB05373","name":"Hồ Đá Vách","name_en":"Da Vach","province":"Đà Nẵng","commune":"Thạnh Bình","page":"dams/DaNang/DaVach_ThanhBinh_DaNang_VN.html"}},{"type":"Feature","geometry":{"type":"Point","coordinates":[108.5,15.5]},"properties":{"id":"MB01433","name":"Phú Ninh","name_en":"Phu Ninh","province":"Đà Nẵng","commune":"Tam Xuân","page":"dams/DaNang/PhuNinh_TamXuan_DaNang_VN.html"}},{"type":"Feature","geometry":{"type":"Point","coordinates":[108.15,15.55]},"properties":{"id":"MB04185","name":"Sông Tranh 4","name_en":"Song Tranh 4","province":"Đà Nẵng","commune":"Hiệp Đức","page":"dams/DaNang/SongTranh4_HiepDuc_DaNang_VN.html"}},{"type":"Feature","geometry":{"type":"Point","coordinates":[108.2,15.6]},"properties":{"id":"MB01315","name":"Hồ Việt An","name_en":"Ho Viet An","province":"Đà Nẵng","commune":"Việt An","page":"dams/DaNang/HoVietAn_VietAn_DaNang_VN.html"}},{"type":"Feature","geometry":{"type":"Point","coordinates":[108.3,15.6]},"properties":{"id":"MB01314","name":"Hồ Phước Hà","name_en":"Ho Phuoc Ha","province":"Đà Nẵng","commune":"Thăng Phú","page":"dams/DaNang/HoPhuocHa_ThangPhu_DaNang_VN.html"}},{"type":"Feature","geometry":{"type":"Point","coordinates":[108.3,15.65]},"properties":{"id":"MB90331","name":"Hồ Đông Tiển","name_en":"Ho Dong Tien","province":"Đà Nẵng","commune":"Đồng Dương","page":"dams/DaNang/HoDongTien_DongDuong_DaNang_VN.html"}},{"type":"Feature","geometry":{"type":"Point","coordinates":[108.15,15.65]},"properties":{"id":"MB01311","name":"Hồ An Long","name_en":"An Long","province":"Đà Nẵng","commune":"Quế Sơn","page":"dams/DaNang/AnLong_QueSon_DaNang_VN.html"}},{"type":"Feature","geometry":{"type":"Point","coordinates":[107.55,15.65]},"properties":{"id":"MB01082","name":"Ðak Pring","name_en":"Dak Pring","province":"Đà Nẵng","commune":"Nam Giang","page":"dams/DaNang/DakPring_NamGiang_DaNang_VN.html"}},{"type":"Feature","geometry":{"type":"Point","coordinates":[108.208,15.7]},"properties":{"id":"MB05379","name":"Hồ Hố Giang","name_en":"Ho Giang","province":"Đà Nẵng","commune":"Quế Sơn","page":"dams/DaNang/HoGiang_QueSon_DaNang_VN.html"}},{"type":"Feature","geometry":{"type":"Point","coordinates":[107.958,15.7]},"properties":{"id":"MB03383","name":"Khe Diên","name_en":"Khe Dien","province":"Đà Nẵng","commune":"Quế Phước","page":"dams/DaNang/KheDien_QuePhuoc_DaNang_VN.html"}},{"type":"Feature","geometry":{"type":"Point","coordinates":[107.65,15.7]},"properties":{"id":"MB01430","name":"Sông Bung 4","name_en":"Song Bung 4","province":"Đà Nẵng","commune":"Bến Giằng","page":"dams/DaNang/SongBung4_BenGiang_DaNang_VN.html"}},{"type":"Feature","geometry":{"type":"Point","coordinates":[108.092,15.7]},"properties":{"id":"MB01308","name":"Hồ Trung Lộc","name_en":"Trung Loc","province":"Đà Nẵng","commune":"Nông Sơn","page":"dams/DaNang/TrungLoc_NongSon_DaNang_VN.html"}},{"type":"Feature","geometry":{"type":"Point","coordinates":[108.108,15.7]},"properties":{"id":"MB01306","name":"Phước Bình","name_en":"Phuoc Binh","province":"Đà Nẵng","commune":"Nông Sơn","page":"dams/DaNang/PhuocBinh_NongSon_DaNang_VN.html"}},{"type":"Feature","geometry":{"type":"Point","coordinates":[108.192,15.7]},"properties":{"id":"MB06089","name":"Suối Tiên","name_en":"Ho Suoi Tien","province":"Đà Nẵng","commune":"Quế Sơn Trung","page":"dams/DaNang/HoSuoiTien_QueSonTrung_DaNang_VN.html"}},{"type":"Feature","geometry":{"type":"Point","coordinates":[108.242,15.75]},"properties":{"id":"MB9500166","name":"Hồ Cây Thông","name_en":"Cay Thong","province":"Đà Nẵng","commune":"Quế Sơn Trung","page":"dams/DaNang/CayThong_QueSonTrung_DaNang_VN.html"}},{"type":"Feature","geometry":{"type":"Point","coordinates":[108.3,15.75]},"properties":{"id":"MB01767","name":"Hồ Hương Mao","name_en":"Huong Mao","province":"Đà Nẵng","commune":"Xuân Phú","page":"dams/DaNang/HuongMao_XuanPhu_DaNang_VN.html"}},{"type":"Feature","geometry":{"type":"Point","coordinates":[108.258,15.75]},"properties":{"id":"MB06090","name":"Khe Cát","name_en":"Khe Cat","province":"Đà Nẵng","commune":"Duy Xuyên","page":"dams/DaNang/KheCat_DuyXuyen_DaNang_VN.html"}},{"type":"Feature","geometry":{"type":"Point","coordinates":[108.2,15.75]},"properties":{"id":"MB00971","name":"Duy Son","name_en":"Duy Son","province":"Đà Nẵng","commune":"Duy Xuyên","page":"dams/DaNang/DuySon_DuyXuyen_DaNang_VN.html"}},{"type":"Feature","geometry":{"type":"Point","coordinates":[108.208,15.8]},"properties":{"id":"MB00990","name":"Duy Son II","name_en":"Duy Son II","province":"Đà Nẵng","commune":"Duy Xuyên","page":"dams/DaNang/DuySon2_DuyXuyen_DaNang_VN.html"}},{"type":"Feature","geometry":{"type":"Point","coordinates":[107.6,15.8]},"properties":{"id":"MB03327","name":"A Vương","name_en":"A Vuong","province":"Đà Nẵng","commune":"Bến Hiên","page":"dams/DaNang/AVuong_BenHien_DaNang_VN.html"}},{"type":"Feature","geometry":{"type":"Point","coordinates":[107.75,15.8]},"properties":{"id":"MB03380","name":"Sông Bung 5","name_en":"Song Bung 5","province":"Đà Nẵng","commune":"Thạnh Mỹ","page":"dams/DaNang/SongBung5_ThanhMy_DaNang_VN.html"}},{"type":"Feature","geometry":{"type":"Point","coordinates":[107.8,15.8]},"properties":{"id":"MB01770","name":"Sông Bung 6","name_en":"Song Bung 6","province":"Đà Nẵng","commune":"Bến Hiên","page":"dams/DaNang/SongBung6_BenHien_DaNang_VN.html"}},{"type":"Feature","geometry":{"type":"Point","coordinates":[108.0,15.85]},"properties":{"id":"MB05383","name":"Hố Chình","name_en":"Ho Chinh","province":"Đà Nẵng","commune":"Hà Nha","page":"dams/DaNang/HoChinh_HaNha_DaNang_VN.html"}},{"type":"Feature","geometry":{"type":"Point","coordinates":[107.65,15.85]},"properties":{"id":"MB04181","name":"Za Hưng","name_en":"ZaHung","province":"Đà Nẵng","commune":"Bến Hiên","page":"dams/DaNang/ZaHung_BenHien_DaNang_VN.html"}},{"type":"Feature","geometry":{"type":"Point","coordinates":[108.0,15.9]},"properties":{"id":"MB00969","name":"Dai Dong","name_en":"Dai Dong","province":"Đà Nẵng","commune":"Hà Nha","page":"dams/DaNang/DaiDong_HaNha_DaNang_VN.html"}},{"type":"Feature","geometry":{"type":"Point","coordinates":[107.908,15.9]},"properties":{"id":"MB01051","name":"An Diem 1","name_en":"An Diem 1","province":"Đà Nẵng","commune":"Thượng Đức","page":"dams/DaNang/AnDiem1_ThuongDuc_DaNang_VN.html"}},{"type":"Feature","geometry":{"type":"Point","coordinates":[107.55,15.9]},"properties":{"id":"MB01041","name":"A Vương 3","name_en":"A Vuong 3","province":"Đà Nẵng","commune":"Avương","page":"dams/DaNang/AVuong3_Avuong_DaNang_VN.html"}},{"type":"Feature","geometry":{"type":"Point","coordinates":[107.9,15.95]},"properties":{"id":"MB01309","name":"An Điềm 2","name_en":"An Diem 2","province":"Đà Nẵng","commune":"Sông Vàng","page":"dams/DaNang/AnDiem2_SongVang_DaNang_VN.html"}},{"type":"Feature","geometry":{"type":"Point","coordinates":[107.8,15.95]},"properties":{"id":"MB00874","name":"Sông Con 2","name_en":"Song Con 2","province":"Đà Nẵng","commune":"Sông Kôn","page":"dams/DaNang/SongCon2_SongKon_DaNang_VN.html"}},{"type":"Feature","geometry":{"type":"Point","coordinates":[108.108,15.95]},"properties":{"id":"MB05384","name":"Trà Cân","name_en":"Tra Can","province":"Đà Nẵng","commune":"Đại Lộc","page":"dams/DaNang/TraCan_DaiLoc_DaNang_VN.html"}},{"type":"Feature","geometry":{"type":"Point","coordinates":[107.8,16.0]},"properties":{"id":"MB01310","name":"Sông Côn 2 (Bậc 1)","name_en":"Song Con 2 Bac 1","province":"Đà Nẵng","commune":"Sông Kôn","page":"dams/DaNang/SongCon2Bac1_SongKon_DaNang_VN.html"}},{"type":"Feature","geometry":{"type":"Point","coordinates":[108.208,15.95]},"properties":{"id":"MB01291","name":"Đập Bàu Nít","name_en":"Bau Nit","province":"Đà Nẵng","commune":"Điện Bàn Bắc","page":"dams/DaNang/BauNit_DienBanBac_DaNang_VN.html"}},{"type":"Feature","geometry":{"type":"Point","coordinates":[108.05,16.1]},"properties":{"id":"MB05831","name":"Hồ Hòa Trung","name_en":"Ho Hoa Trung","province":"Đà Nẵng","commune":"Liên Chiểu","page":"dams/DaNang/HoHoaTrung_LienChieu_DaNang_VN.html"}},{"type":"Feature","geometry":{"type":"Point","coordinates":[107.692,16.1]},"properties":{"id":"MB9500160","name":"Tà Rinh","name_en":"Ta Rinh","province":"Huế","commune":"Nam Đông","page":"dams/Hue/TaRinh_NamDong_Hue_VN.html"}},{"type":"Feature","geometry":{"type":"Point","coordinates":[107.708,16.1]},"properties":{"id":"MB01076","name":"Thượng Nhật","name_en":"Thuong Nhat","province":"Huế","commune":"Nam Đông","page":"dams/Hue/ThuongNhat_NamDong_Hue_VN.html"}},{"type":"Feature","geometry":{"type":"Point","coordinates":[107.4,16.15]},"properties":{"id":"MB01077","name":"A Roàng","name_en":"A Roang","province":"Huế","commune":"A Lưới 4","page":"dams/Hue/ARoang_ALuoi4_Hue_VN.html"}},{"type":"Feature","geometry":{"type":"Point","coordinates":[107.75,16.15]},"properties":{"id":"MB02816","name":"Thượng Lộ","name_en":"Thuong Lo","province":"Huế","commune":"Khe Tre","page":"dams/Hue/ThuongLo_KheTre_Hue_VN.html"}},{"type":"Feature","geometry":{"type":"Point","coordinates":[107.15,16.2]},"properties":{"id":"MB03807","name":"A Lưới","name_en":"A Luoi","province":"Huế","commune":"A Lưới 2","page":"dams/Hue/ALuoi_ALuoi2_Hue_VN.html"}},{"type":"Feature","geometry":{"type":"Point","coordinates":[107.35,16.25]},"properties":{"id":"MB01569","name":"Sông Bồ","name_en":"Song Bo","province":"Huế","commune":"A Lưới 5","page":"dams/Hue/SongBo_ALuoi5_Hue_VN.html"}},{"type":"Feature","geometry":{"type":"Point","coordinates":[107.95,16.25]},"properties":{"id":"MB05305","name":"Hồ Thủy Yên","name_en":"Thuy Yen","province":"Huế","commune":"Chân Mây - Lăng Cô","page":"dams/Hue/ThuyYen_ChanMayLangCo_Hue_VN.html"}},{"type":"Feature","geometry":{"type":"Point","coordinates":[107.65,16.3]},"properties":{"id":"MB03390","name":"Đập Tả Trạch","name_en":"Dap Ta Trach","province":"Huế","commune":"Phú Bài","page":"dams/Hue/DapTaTrach_PhuBai_Hue_VN.html"}},{"type":"Feature","geometry":{"type":"Point","coordinates":[107.15,16.3]},"properties":{"id":"MB90014","name":"A Lin B1","name_en":"A Lin B1","province":"Huế","commune":"A Lưới 1","page":"dams/Hue/ALinB1_ALuoi1_Hue_VN.html"}},{"type":"Feature","geometry":{"type":"Point","coordinates":[107.5,16.3]},"properties":{"id":"MB01276","name":"Đập Bình Điền","name_en":"Binh Dien","province":"Huế","commune":"Bình Điền","page":"dams/Hue/BinhDien_BinhDien_Hue_VN.html"}},{"type":"Feature","geometry":{"type":"Point","coordinates":[107.15,16.35]},"properties":{"id":"MB90013","name":"A Lin Thượng","name_en":"A Lin Thuong","province":"Huế","commune":"A Lưới 1","page":"dams/Hue/ALinThuong_ALuoi1_Hue_VN.html"}},{"type":"Feature","geometry":{"type":"Point","coordinates":[107.6,16.35]},"properties":{"id":"MB05306","name":"Khe Rưng","name_en":"Khe Rung","province":"Huế","commune":"Kim Long","page":"dams/Hue/KheRung_KimLong_Hue_VN.html"}},{"type":"Feature","geometry":{"type":"Point","coordinates":[107.7,16.4]},"properties":{"id":"MB05307","name":"Ba Cửa","name_en":"Ba Cua","province":"Huế","commune":"Phú Bài","page":"dams/Hue/BaCua_PhuBai_Hue_VN.html"}},{"type":"Feature","geometry":{"type":"Point","coordinates":[107.25,16.4]},"properties":{"id":"MB01544","name":"Rào Trăng 3","name_en":"Rao Trang 3","province":"Huế","commune":"Phong Điền","page":"dams/Hue/RaoTrang3_PhongDien_Hue_VN.html"}},{"type":"Feature","geometry":{"type":"Point","coordinates":[107.65,16.4]},"properties":{"id":"MB90133","name":"Châu Sơn","name_en":"Ho Chau Son","province":"Huế","commune":"Thanh Thủy","page":"dams/Hue/HoChauSon_ThanhThuy_Hue_VN.html"}},{"type":"Feature","geometry":{"type":"Point","coordinates":[107.55,16.4]},"properties":{"id":"MB05309","name":"Khe Nước","name_en":"Khe Nuoc","province":"Huế","commune":"Kim Long","page":"dams/Hue/KheNuoc_KimLong_Hue_VN.html"}},{"type":"Feature","geometry":{"type":"Point","coordinates":[107.5,16.45]},"properties":{"id":"MB01492","name":"Hồ Khe Ngang","name_en":"Ho Khe Ngang","province":"Huế","commune":"Kim Long","page":"dams/Hue/HoKheNgang_KimLong_Hue_VN.html"}},{"type":"Feature","geometry":{"type":"Point","coordinates":[107.4,16.45]},"properties":{"id":"MB01270","name":"Hương Điền","name_en":"Ho Huong Dien","province":"Huế","commune":"Phong Thái","page":"dams/Hue/HoHuongDien_PhongThai_Hue_VN.html"}},{"type":"Feature","geometry":{"type":"Point","coordinates":[106.7,16.45]},"properties":{"id":"MB05226","name":"Lìa","name_en":"Ho Lia","province":"Quảng Trị","commune":"Lìa","page":"dams/QuangTri/HoLia_Lia_QuangTri_VN.html"}},{"type":"Feature","geometry":{"type":"Point","coordinates":[107.5,16.5]},"properties":{"id":"MB02461","name":"Hồ Thọ Sơn","name_en":"Tho Son","province":"Huế","commune":"Kim Trà","page":"dams/Hue/ThoSon_KimTra_Hue_VN.html"}},{"type":"Feature","geometry":{"type":"Point","coordinates":[106.95,16.5]},"properties":{"id":"MB01131","name":"Đakrong 1","name_en":"Dakrong 1","province":"Quảng Trị","commune":"Tà Rụt","page":"dams/QuangTri/Dakrong1_TaRut_QuangTri_VN.html"}},{"type":"Feature","geometry":{"type":"Point","coordinates":[107.3,16.5]},"properties":{"id":"MB02460","name":"Hồ Hòa Mỹ","name_en":"Hoa My","province":"Huế","commune":"Phong Điền","page":"dams/Hue/HoaMy_PhongDien_Hue_VN.html"}},{"type":"Feature","geometry":{"type":"Point","coordinates":[107.45,16.5]},"properties":{"id":"MB05300","name":"Cừa","name_en":"Cua","province":"Huế","commune":"Hương Trà","page":"dams/Hue/Cua_HuongTra_Hue_VN.html"}},{"type":"Feature","geometry":{"type":"Point","coordinates":[107.0,16.5]},"properties":{"id":"MB01137","name":"La Tó","name_en":"La To","province":"Quảng Trị","commune":"Tà Rụt","page":"dams/QuangTri/LaTo_TaRut_QuangTri_VN.html"}},{"type":"Feature","geometry":{"type":"Point","coordinates":[107.4,16.55]},"properties":{"id":"MB01812","name":"Phụ Nữ","name_en":"Phu Nu","province":"Huế","commune":"Phong Thái","page":"dams/Hue/PhuNu_PhongThai_Hue_VN.html"}},{"type":"Feature","geometry":{"type":"Point","coordinates":[106.95,16.55]},"properties":{"id":"MB01089","name":"ĐakRông 3","name_en":"Dakrong 3","province":"Quảng Trị","commune":"Đakrông","page":"dams/QuangTri/Dakrong3_Dakrong_QuangTri_VN.html"}},{"type":"Feature","geometry":{"type":"Point","coordinates":[106.8,16.6]},"properties":{"id":"MB01035","name":"Khe Giông","name_en":"Khe Giong","province":"Quảng Trị","commune":"Khe Sanh","page":"dams/QuangTri/KheGiong_KheSanh_QuangTri_VN.html"}},{"type":"Feature","geometry":{"type":"Point","coordinates":[106.9,16.6]},"properties":{"id":"MB01179","name":"Đăkrông 4","name_en":"Dakrong 4","province":"Quảng Trị","commune":"Đakrông","page":"dams/QuangTri/Dakrong4_Dakrong_QuangTri_VN.html"}},{"type":"Feature","geometry":{"type":"Point","coordinates":[106.7,16.6]},"properties":{"id":"MB01548","name":"Đập La La","name_en":"La La","province":"Quảng Trị","commune":"Tân Lập","page":"dams/QuangTri/LaLa_TanLap_QuangTri_VN.html"}},{"type":"Feature","geometry":{"type":"Point","coordinates":[107.346,16.657]},"properties":{"id":"MB05312","name":"Thôn Niêm","name_en":"Thon Niem","province":"Huế","commune":"Phong Dinh","page":"dams/Hue/ThonNiem_PhongDinh_Hue_VN.html"}},{"type":"Feature","geometry":{"type":"Point","coordinates":[107.358,16.65]},"properties":{"id":"MB05310","name":"Hồ Mỹ Xuyên","name_en":"My Xuyen","province":"Huế","commune":"Phong Dinh","page":"dams/Hue/MyXuyen_PhongDinh_Hue_VN.html"}},{"type":"Feature","geometry":{"type":"Point","coordinates":[106.758,16.65]},"properties":{"id":"MB05227","name":"Khóm 7","name_en":"Khom 7","province":"Quảng Trị","commune":"Khe Sanh","page":"dams/QuangTri/Khom7_KheSanh_QuangTri_VN.html"}},{"type":"Feature","geometry":{"type":"Point","coordinates":[107.346,16.643]},"properties":{"id":"MB05313","name":"Trầm Giàng","name_en":"Tram Giang","province":"Huế","commune":"Phong Dinh","page":"dams/Hue/TramGiang_PhongDinh_Hue_VN.html"}},{"type":"Feature","geometry":{"type":"Point","coordinates":[106.8,16.65]},"properties":{"id":"MB01549","name":"Đập Đắk Krông 2","name_en":"Dakrong 2","province":"Quảng Trị","commune":"Đakrông","page":"dams/QuangTri/Dakrong2_Dakrong_QuangTri_VN.html"}},{"type":"Feature","geometry":{"type":"Point","coordinates":[107.2,16.65]},"properties":{"id":"MB05314","name":"Thác Kheo II (Thác Heo)","name_en":"Thac Kheo II (Thac Heo)","province":"Quảng Trị","commune":"Hải Lăng","page":"dams/QuangTri/ThacKheo2ThacHeo_HaiLang_QuangTri_VN.html"}},{"type":"Feature","geometry":{"type":"Point","coordinates":[107.2,16.7]},"properties":{"id":"MB05316","name":"Phú Long (Khe Khế)","name_en":"Phu Long (Khe Khe)","province":"Quảng Trị","commune":"Hải Lăng","page":"dams/QuangTri/PhuLongKheKhe_HaiLang_QuangTri_VN.html"}},{"type":"Feature","geometry":{"type":"Point","coordinates":[106.8,16.7]},"properties":{"id":"MB01090","name":"Khe Nghi","name_en":"Khe Nghi","province":"Quảng Trị","commune":"Hướng Phùng","page":"dams/QuangTri/KheNghi_HuongPhung_QuangTri_VN.html"}},{"type":"Feature","geometry":{"type":"Point","coordinates":[107.15,16.75]},"properties":{"id":"MB02458","name":"Triệu Thượng 2","name_en":"Trieu Thuong 2","province":"Quảng Trị","commune":"Ái Tử","page":"dams/QuangTri/TrieuThuong2_AiTu_QuangTri_VN.html"}},{"type":"Feature","geometry":{"type":"Point","coordinates":[107.0,16.8]},"properties":{"id":"MB05321","name":"Nghĩa Hy","name_en":"Nghia Hy","province":"Quảng Trị","commune":"Cam Lộ","page":"dams/QuangTri/NghiaHy_CamLo_QuangTri_VN.html"}},{"type":"Feature","geometry":{"type":"Point","coordinates":[107.05,16.8]},"properties":{"id":"MB05322","name":"Hiếu Nam","name_en":"Hieu Nam","province":"Quảng Trị","commune":"Hiếu Giang","page":"dams/QuangTri/HieuNam_HieuGiang_QuangTri_VN.html"}},{"type":"Feature","geometry":{"type":"Point","coordinates":[107.092,16.8]},"properties":{"id":"MB05323","name":"Trung Chỉ","name_en":"Trung Chi","province":"Quảng Trị","commune":"Nam Đông Hà","page":"dams/QuangTri/TrungChi_NamDongHa_QuangTri_VN.html"}},{"type":"Feature","geometry":{"type":"Point","coordinates":[106.95,16.8]},"properties":{"id":"MB9500149","name":"Đa Mai","name_en":"Da Mai","province":"Quảng Trị","commune":"Hiếu Giang","page":"dams/QuangTri/DaMai_HieuGiang_QuangTri_VN.html"}},{"type":"Feature","geometry":{"type":"Point","coordinates":[106.95,16.85]},"properties":{"id":"MB9500155","name":"Tâm Kim","name_en":"Tan Kim II","province":"Quảng Trị","commune":"Hiếu Giang","page":"dams/QuangTri/TanKim2_HieuGiang_QuangTri_VN.html"}},{"type":"Feature","geometry":{"type":"Point","coordinates":[107.0,16.9]},"properties":{"id":"MB9500150","name":"Phú Dụng","name_en":"Phu Dung","province":"Quảng Trị","commune":"Cồn Tiên","page":"dams/QuangTri/PhuDung_ConTien_QuangTri_VN.html"}},{"type":"Feature","geometry":{"type":"Point","coordinates":[107.058,16.9]},"properties":{"id":"MB90124","name":"Hồ Hà Thượng","name_en":"Ho Truc Kinh","province":"Quảng Trị","commune":"Gio Linh","page":"dams/QuangTri/HoTrucKinh_GioLinh_QuangTri_VN.html"}},{"type":"Feature","geometry":{"type":"Point","coordinates":[107.1,16.95]},"properties":{"id":"MB05327","name":"Đập Hoi 1","name_en":"Dap Hoi 1","province":"Quảng Trị","commune":"Bến Hải","page":"dams/QuangTri/DapHoi1_BenHai_QuangTri_VN.html"}},{"type":"Feature","geometry":{"type":"Point","coordinates":[107.0,17.0]},"properties":{"id":"MB05328","name":"Dục Đức","name_en":"Duc Duc","province":"Quảng Trị","commune":"Vĩnh Thủy","page":"dams/QuangTri/DucDuc_VinhThuy_QuangTri_VN.html"}},{"type":"Feature","geometry":{"type":"Point","coordinates":[106.9,17.0]},"properties":{"id":"MB05329","name":"Quyết Thắng 2","name_en":"Quyet Thang 2","province":"Quảng Trị","commune":"Bến Quan","page":"dams/QuangTri/QuyetThang2_BenQuan_QuangTri_VN.html"}},{"type":"Feature","geometry":{"type":"Point","coordinates":[106.95,17.0]},"properties":{"id":"MB05834","name":"La Ngà","name_en":"Ho La Nga","province":"Quảng Trị","commune":"Vĩnh Linh","page":"dams/QuangTri/HoLaNga_VinhLinh_QuangTri_VN.html"}},{"type":"Feature","geometry":{"type":"Point","coordinates":[106.95,17.1]},"properties":{"id":"MB05331","name":"Trằm","name_en":"Tram","province":"Quảng Trị","commune":"Vĩnh Linh","page":"dams/QuangTri/Tram_VinhLinh_QuangTri_VN.html"}},{"type":"Feature","geometry":{"type":"Point","coordinates":[106.846,17.143]},"properties":{"id":"MB02455","name":"Dạ Lam","name_en":"Da Lam","province":"Quảng Trị","commune":"Tân Mỹ","page":"dams/QuangTri/DaLam_TanMy_QuangTri_VN.html"}},{"type":"Feature","geometry":{"type":"Point","coordinates":[106.846,17.157]},"properties":{"id":"MB02454","name":"Minh Tiến (Cổ Hụ)","name_en":"Minh Tien (Co Hu)","province":"Quảng Trị","commune":"Tân Mỹ","page":"dams/QuangTri/MinhTienCoHu_TanMy_QuangTri_VN.html"}},{"type":"Feature","geometry":{"type":"Point","coordinates":[106.858,17.15]},"properties":{"id":"MB01599","name":"Vũng Mồ","name_en":"Vung Mo","province":"Quảng Trị","commune":"Tân Mỹ","page":"dams/QuangTri/VungMo_TanMy_QuangTri_VN.html"}},{"type":"Feature","geometry":{"type":"Point","coordinates":[106.742,17.15]},"properties":{"id":"MB06095","name":"Cam Ly","name_en":"Ho Cam Ly","province":"Quảng Trị","commune":"Trường Phú","page":"dams/QuangTri/HoCamLy_TruongPhu_QuangTri_VN.html"}},{"type":"Feature","geometry":{"type":"Point","coordinates":[106.85,17.2]},"properties":{"id":"MB02555","name":"Cải Cách","name_en":"Cai Cach","province":"Quảng Trị","commune":"Tân Mỹ","page":"dams/QuangTri/CaiCach_TanMy_QuangTri_VN.html"}},{"type":"Feature","geometry":{"type":"Point","coordinates":[106.908,17.15]},"properties":{"id":"MB05424","name":"Bàu Sen","name_en":"Bau Sen","province":"Quảng Trị","commune":"Sen Ngư","page":"dams/QuangTri/BauSen_SenNgu_QuangTri_VN.html"}},{"type":"Feature","geometry":{"type":"Point","coordinates":[106.65,17.2]},"properties":{"id":"MB02333","name":"Cẩm Ly","name_en":"Ho Cam Ly","province":"Quảng Trị","commune":"Kim Ngân","page":"dams/QuangTri/HoCamLy_KimNgan_QuangTri_VN.html"}},{"type":"Feature","geometry":{"type":"Point","coordinates":[106.65,17.3]},"properties":{"id":"MB90117","name":"Rào Đá","name_en":"Ho Rao Da","province":"Quảng Trị","commune":"Trường Sơn","page":"dams/QuangTri/HoRaoDa_TruongSon_QuangTri_VN.html"}},{"type":"Feature","geometry":{"type":"Point","coordinates":[106.6,17.45]},"properties":{"id":"MB05342","name":"Rẫy Họ","name_en":"Ray Ho","province":"Quảng Trị","commune":"Đồng Sơn","page":"dams/QuangTri/RayHo_DongSon_QuangTri_VN.html"}},{"type":"Feature","geometry":{"type":"Point","coordinates":[106.558,17.45]},"properties":{"id":"MB05343","name":"Đồng Sơn","name_en":"Dong Son","province":"Quảng Trị","commune":"Đồng Sơn","page":"dams/QuangTri/DongSon_DongSon_QuangTri_VN.html"}},{"type":"Feature","geometry":{"type":"Point","coordinates":[106.542,17.45]},"properties":{"id":"MB05344","name":"Đập Phú Vinh","name_en":"Dap Phu Vinh","province":"Quảng Trị","commune":"Đồng Sơn","page":"dams/QuangTri/DapPhuVinh_DongSon_QuangTri_VN.html"}},{"type":"Feature","geometry":{"type":"Point","coordinates":[106.5,17.45]},"properties":{"id":"MB06122","name":"Thắng Lợi","name_en":"Ho Thang Loi","province":"Quảng Trị","commune":"Nam Trạch","page":"dams/QuangTri/HoThangLoi_NamTrach_QuangTri_VN.html"}},{"type":"Feature","geometry":{"type":"Point","coordinates":[106.608,17.5]},"properties":{"id":"MB06124","name":"Bàu Luồng","name_en":"Ho Bau Luong","province":"Quảng Trị","commune":"Đồng Thuận","page":"dams/QuangTri/HoBauLuong_DongThuan_QuangTri_VN.html"}},{"type":"Feature","geometry":{"type":"Point","coordinates":[106.55,17.5]},"properties":{"id":"MB01613","name":"Khe Chè","name_en":"Ho Khe Che","province":"Quảng Trị","commune":"Nam Trạch","page":"dams/QuangTri/HoKheChe_NamTrach_QuangTri_VN.html"}},{"type":"Feature","geometry":{"type":"Point","coordinates":[106.6,17.55]},"properties":{"id":"MB05346","name":"Bàu Bàng 2","name_en":"Bau Bang 2","province":"Quảng Trị","commune":"Nam Trạch","page":"dams/QuangTri/BauBang2_NamTrach_QuangTri_VN.html"}},{"type":"Feature","geometry":{"type":"Point","coordinates":[106.45,17.55]},"properties":{"id":"MB01578","name":"Đầu Ngọn","name_en":"Ho Dong Ngon","province":"Quảng Trị","commune":"Hoàn Lão","page":"dams/QuangTri/HoDongNgon_HoanLao_QuangTri_VN.html"}},{"type":"Feature","geometry":{"type":"Point","coordinates":[106.55,17.55]},"properties":{"id":"MB05348","name":"Bàu Mía","name_en":"Bau Mia","province":"Quảng Trị","commune":"Hoàn Lão","page":"dams/QuangTri/BauMia_HoanLao_QuangTri_VN.html"}},{"type":"Feature","geometry":{"type":"Point","coordinates":[106.392,17.6]},"properties":{"id":"MB02451","name":"Cỏ Đắng","name_en":"Co Dang","province":"Quảng Trị","commune":"Bố Trạch","page":"dams/QuangTri/CoDang_BoTrach_QuangTri_VN.html"}},{"type":"Feature","geometry":{"type":"Point","coordinates":[106.5,17.6]},"properties":{"id":"MB01577","name":"Đồng Sen","name_en":"Dong Sen","province":"Quảng Trị","commune":"Bố Trạch","page":"dams/QuangTri/DongSen_BoTrach_QuangTri_VN.html"}},{"type":"Feature","geometry":{"type":"Point","coordinates":[106.458,17.6]},"properties":{"id":"MB06097","name":"Khe Cạn","name_en":"Ho Khe Can","province":"Quảng Trị","commune":"Bố Trạch","page":"dams/QuangTri/HoKheCan_BoTrach_QuangTri_VN.html"}},{"type":"Feature","geometry":{"type":"Point","coordinates":[106.3,17.65]},"properties":{"id":"MB01581","name":"Khe Ngàng","name_en":"Khe Ngang","province":"Quảng Trị","commune":"Phong Nha","page":"dams/QuangTri/KheNgang_PhongNha_QuangTri_VN.html"}},{"type":"Feature","geometry":{"type":"Point","coordinates":[106.4,17.65]},"properties":{"id":"MB05357","name":"Khe Tắt","name_en":"Khe Tat","province":"Quảng Trị","commune":"Bắc Trạch","page":"dams/QuangTri/KheTat_BacTrach_QuangTri_VN.html"}},{"type":"Feature","geometry":{"type":"Point","coordinates":[106.458,17.7]},"properties":{"id":"MB01615","name":"Đồng Ran","name_en":"Dong Ran","province":"Quảng Trị","commune":"Bắc Trạch","page":"dams/QuangTri/DongRan_BacTrach_QuangTri_VN.html"}},{"type":"Feature","geometry":{"type":"Point","coordinates":[106.442,17.7]},"properties":{"id":"MB05358","name":"Vực Sanh","name_en":"Vuc Sanh","province":"Quảng Trị","commune":"Bắc Trạch","page":"dams/QuangTri/VucSanh_BacTrach_QuangTri_VN.html"}},{"type":"Feature","geometry":{"type":"Point","coordinates":[106.35,17.7]},"properties":{"id":"MB01595","name":"Rào Nan","name_en":"Dap Thuy loi Rao Nan","province":"Quảng Trị","commune":"Nam Ba Đồn","page":"dams/QuangTri/DapThuyLoiRaoNan_NamBaDon_QuangTri_VN.html"}},{"type":"Feature","geometry":{"type":"Point","coordinates":[106.358,17.8]},"properties":{"id":"MB01573","name":"Tiên Lang","name_en":"Ho Tien Lang","province":"Quảng Trị","commune":"Tân Gianh","page":"dams/QuangTri/HoTienLang_TanGianh_QuangTri_VN.html"}},{"type":"Feature","geometry":{"type":"Point","coordinates":[106.4,17.8]},"properties":{"id":"MB01576","name":"Bàu Sen","name_en":"Bau Sen","province":"Quảng Trị","commune":"Quảng Trạch","page":"dams/QuangTri/BauSen_QuangTrach_QuangTri_VN.html"}},{"type":"Feature","geometry":{"type":"Point","coordinates":[106.346,17.793]},"properties":{"id":"MB05364","name":"Vân Tiền","name_en":"Van Tien","province":"Quảng Trị","commune":"Trung Thuần","page":"dams/QuangTri/VanTien_TrungThuan_QuangTri_VN.html"}},{"type":"Feature","geometry":{"type":"Point","coordinates":[106.346,17.807]},"properties":{"id":"MB01584","name":"Trung Thuần","name_en":"Ho Tung Thuan","province":"Quảng Trị","commune":"Trung Thuần","page":"dams/QuangTri/HoTungThuan_TrungThuan_QuangTri_VN.html"}},{"type":"Feature","geometry":{"type":"Point","coordinates":[105.95,17.9]},"properties":{"id":"MB01593","name":"Khe Ron","name_en":"Khe Ron","province":"Quảng Trị","commune":"Đồng Lê","page":"dams/QuangTri/KheRon_DongLe_QuangTri_VN.html"}},{"type":"Feature","geometry":{"type":"Point","coordinates":[106.4,17.95]},"properties":{"id":"MB01799","name":"Đập Sông Thai","name_en":"Dap Song Thai","province":"Quảng Trị","commune":"Phú Trạch","page":"dams/QuangTri/DapSongThai_PhuTrach_QuangTri_VN.html"}},{"type":"Feature","geometry":{"type":"Point","coordinates":[106.3,17.95]},"properties":{"id":"MB05369","name":"Bưởi Rỏi","name_en":"Buoi Roi","province":"Quảng Trị","commune":"Phú Trạch","page":"dams/QuangTri/BuoiRoi_PhuTrach_QuangTri_VN.html"}},{"type":"Feature","geometry":{"type":"Point","coordinates":[106.5,17.95]},"properties":{"id":"MB05370","name":"Đồng Mười","name_en":"Dong Muoi","province":"Quảng Trị","commune":"Phú Trạch","page":"dams/QuangTri/DongMuoi_PhuTrach_QuangTri_VN.html"}},{"type":"Feature","geometry":{"type":"Point","coordinates":[106.258,18.0]},"properties":{"id":"MB01567","name":"Kim Sơn","name_en":"Ho Kim Son","province":"Hà Tĩnh","commune":"Kỳ Hoa","page":"dams/HaTinh/HoKimSon_KyHoa_HaTinh_VN.html"}},{"type":"Feature","geometry":{"type":"Point","coordinates":[105.85,18.05]},"properties":{"id":"MB00667","name":"Hố Hô","name_en":"Ho Ho","province":"Quảng Trị","commune":"Tuyên Sơn","page":"dams/QuangTri/HoHo_TuyenSon_QuangTri_VN.html"}},{"type":"Feature","geometry":{"type":"Point","coordinates":[106.292,18.05]},"properties":{"id":"MB9500123","name":"Thượng Sông Trí","name_en":"Thuong Song Tri","province":"Hà Tĩnh","commune":"Sông Trí","page":"dams/HaTinh/ThuongSongTri_SongTri_HaTinh_VN.html"}},{"type":"Feature","geometry":{"type":"Point","coordinates":[105.75,18.05]},"properties":{"id":"MB01585","name":"Nước Vàng","name_en":"Nuoc Vang","province":"Hà Tĩnh","commune":"Phúc Trạch","page":"dams/HaTinh/NuocVang_PhucTrach_HaTinh_VN.html"}},{"type":"Feature","geometry":{"type":"Point","coordinates":[105.758,18.1]},"properties":{"id":"MB05390","name":"Cơn Trồi","name_en":"Con Troi","province":"Hà Tĩnh","commune":"Phúc Trạch","page":"dams/HaTinh/ConTroi_PhucTrach_HaTinh_VN.html"}},{"type":"Feature","geometry":{"type":"Point","coordinates":[105.746,18.107]},"properties":{"id":"MB06024","name":"Ma Leng","name_en":"Ma Leng","province":"Hà Tĩnh","commune":"Phúc Trạch","page":"dams/HaTinh/MaLeng_PhucTrach_HaTinh_VN.html"}},{"type":"Feature","geometry":{"type":"Point","coordinates":[105.708,18.15]},"properties":{"id":"MB05391","name":"Nhà Lào","name_en":"Nha Lao","province":"Hà Tĩnh","commune":"Hương Xuân","page":"dams/HaTinh/NhaLao_HuongXuan_HaTinh_VN.html"}},{"type":"Feature","geometry":{"type":"Point","coordinates":[106.2,18.15]},"properties":{"id":"MB05423","name":"Mạc Khê","name_en":"Mac Khe","province":"Hà Tĩnh","commune":"Kỳ Anh","page":"dams/HaTinh/MacKhe_KyAnh_HaTinh_VN.html"}},{"type":"Feature","geometry":{"type":"Point","coordinates":[106.15,18.15]},"properties":{"id":"MB05393","name":"Nước Xanh","name_en":"Nuoc Xanh","province":"Hà Tĩnh","commune":"Kỳ Xuân","page":"dams/HaTinh/NuocXanh_KyXuan_HaTinh_VN.html"}},{"type":"Feature","geometry":{"type":"Point","coordinates":[106.05,18.2]},"properties":{"id":"MB01634","name":"Thượng Tuy","name_en":"Ho Thuong Tuy","province":"Hà Tĩnh","commune":"Cẩm Lạc","page":"dams/HaTinh/HoThuongTuy_CamLac_HaTinh_VN.html"}},{"type":"Feature","geometry":{"type":"Point","coordinates":[105.95,18.2]},"properties":{"id":"MB03349","name":"Kẻ Gỗ","name_en":"Ke Go","province":"Hà Tĩnh","commune":"Cẩm Duệ","page":"dams/HaTinh/KeGo_CamDue_HaTinh_VN.html"}},{"type":"Feature","geometry":{"type":"Point","coordinates":[105.758,18.2]},"properties":{"id":"MB05395","name":"Nước Đỏ","name_en":"Nuoc Do","province":"Hà Tĩnh","commune":"Hương Đô","page":"dams/HaTinh/NuocDo_HuongDo_HaTinh_VN.html"}},{"type":"Feature","geometry":{"type":"Point","coordinates":[106.15,18.2]},"properties":{"id":"MB05400","name":"Ba Khe","name_en":"Ba Khe","province":"Hà Tĩnh","commune":"Kỳ Xuân","page":"dams/HaTinh/BaKhe_KyXuan_HaTinh_VN.html"}},{"type":"Feature","geometry":{"type":"Point","coordinates":[105.6,18.2]},"properties":{"id":"MB9500119","name":"Đa Bac","name_en":"Da Bac","province":"Hà Tĩnh","commune":"Hương Bình","page":"dams/HaTinh/DaBac_HuongBinh_HaTinh_VN.html"}},{"type":"Feature","geometry":{"type":"Point","coordinates":[105.742,18.2]},"properties":{"id":"MB05397","name":"Họ Võ","name_en":"Ho Vo","province":"Hà Tĩnh","commune":"Hương Phố","page":"dams/HaTinh/HoVo_HuongPho_HaTinh_VN.html"}},{"type":"Feature","geometry":{"type":"Point","coordinates":[105.708,18.2]},"properties":{"id":"MB00517","name":"Đập Làng","name_en":"Dap Lang","province":"Hà Tĩnh","commune":"Hương Phố","page":"dams/HaTinh/DapLang_HuongPho_HaTinh_VN.html"}},{"type":"Feature","geometry":{"type":"Point","coordinates":[105.75,18.25]},"properties":{"id":"MB05411","name":"Khe Con","name_en":"Khe Con","province":"Hà Tĩnh","commune":"Hương Phố","page":"dams/HaTinh/KheCon_HuongPho_HaTinh_VN.html"}},{"type":"Feature","geometry":{"type":"Point","coordinates":[105.7,18.25]},"properties":{"id":"MB05410","name":"Đập Trạng","name_en":"Dap Trang","province":"Hà Tĩnh","commune":"Hương Phố","page":"dams/HaTinh/DapTrang_HuongPho_HaTinh_VN.html"}},{"type":"Feature","geometry":{"type":"Point","coordinates":[105.65,18.25]},"properties":{"id":"MB05403","name":"Rú Mạo","name_en":"Ru Mao","province":"Hà Tĩnh","commune":"Hương Bình","page":"dams/HaTinh/RuMao_HuongBinh_HaTinh_VN.html"}},{"type":"Feature","geometry":{"type":"Point","coordinates":[105.608,18.25]},"properties":{"id":"MB03352","name":"Đá Hàn","name_en":"Da Han","province":"Hà Tĩnh","commune":"Hương Bình","page":"dams/HaTinh/DaHan_HuongBinh_HaTinh_VN_MB03352.html"}},{"type":"Feature","geometry":{"type":"Point","coordinates":[105.592,18.25]},"properties":{"id":"MB04118","name":"Đá Hàn","name_en":"Da Han","province":"Hà Tĩnh","commune":"Hương Bình","page":"dams/HaTinh/DaHan_HuongBinh_HaTinh_VN_MB04118.html"}},{"type":"Feature","geometry":{"type":"Point","coordinates":[105.6,18.3]},"properties":{"id":"MB01404","name":"Đập Mưng","name_en":"Dap Mung","province":"Hà Tĩnh","commune":"Hà Linh","page":"dams/HaTinh/DapMung_HaLinh_HaTinh_VN.html"}},{"type":"Feature","geometry":{"type":"Point","coordinates":[105.808,18.35]},"properties":{"id":"MB05409","name":"Đá Đen","name_en":"Da Den","province":"Hà Tĩnh","commune":"Toàn Lưu","page":"dams/HaTinh/DaDen_ToanLuu_HaTinh_VN.html"}},{"type":"Feature","geometry":{"type":"Point","coordinates":[105.792,18.35]},"properties":{"id":"MB05416","name":"19/5","name_en":"19/5","province":"Hà Tĩnh","commune":"Toàn Lưu","page":"dams/HaTinh/195_ToanLuu_HaTinh_VN.html"}},{"type":"Feature","geometry":{"type":"Point","coordinates":[105.75,18.35]},"properties":{"id":"MB02443","name":"Cửa Thờ- Trại Tiểu","name_en":"Cua Tho- Trai Tieu","province":"Hà Tĩnh","commune":"Đồng Lộc","page":"dams/HaTinh/CuaThoTraiTieu_DongLoc_HaTinh_VN.html"}},{"type":"Feature","geometry":{"type":"Point","coordinates":[105.7,18.35]},"properties":{"id":"MB01628","name":"Khe Tho- Ho Trai Tieu","name_en":"Ho Khe Tho- Ho Trai Tieu","province":"Hà Tĩnh","commune":"Đồng Lộc","page":"dams/HaTinh/HoKheThoHoTraiTieu_DongLoc_HaTinh_VN.html"}},{"type":"Feature","geometry":{"type":"Point","coordinates":[105.5,18.4]},"properties":{"id":"MB01539","name":"Đập Ngàn Trươi","name_en":"Ngan Truoi","province":"Hà Tĩnh","commune":"Vũ Quang","page":"dams/HaTinh/NganTruoi_VuQuang_HaTinh_VN.html"}},{"type":"Feature","geometry":{"type":"Point","coordinates":[105.45,18.45]},"properties":{"id":"MB05504","name":"Bãi Sậy","name_en":"Bai Say","province":"Hà Tĩnh","commune":"Kim Hoa","page":"dams/HaTinh/BaiSay_KimHoa_HaTinh_VN.html"}},{"type":"Feature","geometry":{"type":"Point","coordinates":[105.4,18.5]},"properties":{"id":"MB01612","name":"Cơn Trường","name_en":"Con Truong","province":"Hà Tĩnh","commune":"Sơn Giang","page":"dams/HaTinh/ConTruong_SonGiang_HaTinh_VN.html"}},{"type":"Feature","geometry":{"type":"Point","coordinates":[105.8,18.5]},"properties":{"id":"MB01411","name":"Cù Lây- Trường Lão","name_en":"Cu Lay- Truong Lao","province":"Hà Tĩnh","commune":"Tùng Lộc","page":"dams/HaTinh/CuLayTruongLao_TungLoc_HaTinh_VN.html"}},{"type":"Feature","geometry":{"type":"Point","coordinates":[105.6,18.5]},"properties":{"id":"MB02441","name":"Phượng Thành","name_en":"Phuong Thanh","province":"Hà Tĩnh","commune":"Đức Thọ","page":"dams/HaTinh/PhuongThanh_DucTho_HaTinh_VN.html"}},{"type":"Feature","geometry":{"type":"Point","coordinates":[105.4,18.55]},"properties":{"id":"MB05508","name":"Cao Thắng","name_en":"Cao Thang","province":"Hà Tĩnh","commune":"Sơn Giang","page":"dams/HaTinh/CaoThang_SonGiang_HaTinh_VN.html"}},{"type":"Feature","geometry":{"type":"Point","coordinates":[105.75,18.55]},"properties":{"id":"MB05547","name":"Đá Bạc/Suối Bục","name_en":"Da Bac","province":"Hà Tĩnh","commune":"Nam Hồng Lĩnh","page":"dams/HaTinh/DaBac_NamHongLinh_HaTinh_VN.html"}},{"type":"Feature","geometry":{"type":"Point","coordinates":[105.45,18.55]},"properties":{"id":"MB01606","name":"Nồi Tranh Thượng","name_en":"Noi Tranh Thuong","province":"Hà Tĩnh","commune":"Sơn Tiến","page":"dams/HaTinh/NoiTranhThuong_SonTien_HaTinh_VN.html"}},{"type":"Feature","geometry":{"type":"Point","coordinates":[105.808,18.55]},"properties":{"id":"MB05551","name":"Cao Sơn","name_en":"Cao Son","province":"Hà Tĩnh","commune":"Cổ Đạm","page":"dams/HaTinh/CaoSon_CoDam_HaTinh_VN.html"}},{"type":"Feature","geometry":{"type":"Point","coordinates":[105.55,18.6]},"properties":{"id":"MB02440","name":"Thành","name_en":"Thanh","province":"Nghệ An","commune":"Thiên Nhẫn","page":"dams/NgheAn/Thanh_ThienNhan_NgheAn_VN.html"}},{"type":"Feature","geometry":{"type":"Point","coordinates":[105.792,18.55]},"properties":{"id":"MB05558","name":"Xuân Hoa","name_en":"Xuan Hoa","province":"Hà Tĩnh","commune":"Cổ Đạm","page":"dams/HaTinh/XuanHoa_CoDam_HaTinh_VN.html"}},{"type":"Feature","geometry":{"type":"Point","coordinates":[105.453,18.608]},"properties":{"id":"MB05511","name":"Đập Háp","name_en":"Dap Hap","province":"Hà Tĩnh","commune":"Sơn Tiến","page":"dams/HaTinh/DapHap_SonTien_HaTinh_VN.html"}},{"type":"Feature","geometry":{"type":"Point","coordinates":[105.458,18.6]},"properties":{"id":"MB01834","name":"Khe Cò","name_en":"Khe Co","province":"Hà Tĩnh","commune":"Sơn Tiến","page":"dams/HaTinh/KheCo_SonTien_HaTinh_VN.html"}},{"type":"Feature","geometry":{"type":"Point","coordinates":[105.8,18.6]},"properties":{"id":"MB05559","name":"Cồn Tranh","name_en":"Con Tranh","province":"Hà Tĩnh","commune":"Cổ Đạm","page":"dams/HaTinh/ConTranh_CoDam_HaTinh_VN.html"}},{"type":"Feature","geometry":{"type":"Point","coordinates":[105.443,18.605]},"properties":{"id":"MB05512","name":"Khe Nhảy","name_en":"Khe Nhay","province":"Hà Tĩnh","commune":"Sơn Tiến","page":"dams/HaTinh/KheNhay_SonTien_HaTinh_VN.html"}},{"type":"Feature","geometry":{"type":"Point","coordinates":[105.408,18.65]},"properties":{"id":"MB05848","name":"Mụ Sỹ","name_en":"Mu Sy","province":"Nghệ An","commune":"Bích Hào","page":"dams/NgheAn/MuSy_BichHao_NgheAn_VN.html"}},{"type":"Feature","geometry":{"type":"Point","coordinates":[105.508,18.6]},"properties":{"id":"MB05519","name":"Hao Hao","name_en":"Hao Hao","province":"Nghệ An","commune":"Thiên Nhẫn","page":"dams/NgheAn/HaoHao_ThienNhan_NgheAn_VN.html"}},{"type":"Feature","geometry":{"type":"Point","coordinates":[105.5,18.65]},"properties":{"id":"MB01659","name":"Ba Khe","name_en":"Ba Khe","province":"Nghệ An","commune":"Vạn An","page":"dams/NgheAn/BaKhe_VanAn_NgheAn_VN.html"}},{"type":"Feature","geometry":{"type":"Point","coordinates":[105.35,18.7]},"properties":{"id":"MB07192","name":"Hồ Sông Rộ","name_en":"Ho Song Ro","province":"Nghệ An","commune":"Kim Bảng","page":"dams/NgheAn/HoSongRo_KimBang_NgheAn_VN.html"}},{"type":"Feature","geometry":{"type":"Point","coordinates":[105.6,18.75]},"properties":{"id":"MB07261","name":"Thạch Tiền","name_en":"Thach Tien","province":"Nghệ An","commune":"Yên Trung","page":"dams/NgheAn/ThachTien_YenTrung_NgheAn_VN.html"}},{"type":"Feature","geometry":{"type":"Point","coordinates":[105.508,18.75]},"properties":{"id":"MB05516","name":"Rào Băng","name_en":"Rao Bang","province":"Nghệ An","commune":"Nam Đàn","page":"dams/NgheAn/RaoBang_NamDan_NgheAn_VN.html"}},{"type":"Feature","geometry":{"type":"Point","coordinates":[105.442,18.75]},"properties":{"id":"MB07266","name":"Hồ Tràng Đen","name_en":"Ho Trang Den","province":"Nghệ An","commune":"Nam Đàn","page":"dams/NgheAn/HoTrangDen_NamDan_NgheAn_VN.html"}},{"type":"Feature","geometry":{"type":"Point","coordinates":[105.458,18.75]},"properties":{"id":"MB05517","name":"Cửa Ông","name_en":"Cua Ong","province":"Nghệ An","commune":"Nam Đàn","page":"dams/NgheAn/CuaOng_NamDan_NgheAn_VN.html"}},{"type":"Feature","geometry":{"type":"Point","coordinates":[105.55,18.75]},"properties":{"id":"MB05520","name":"Hồ Khe Thị","name_en":"Khe Thi","province":"Nghệ An","commune":"Phúc Lộc","page":"dams/NgheAn/KheThi_PhucLoc_NgheAn_VN.html"}},{"type":"Feature","geometry":{"type":"Point","coordinates":[105.5,18.8]},"properties":{"id":"MB06105","name":"Khe Làng","name_en":"Ho Khe Lang","province":"Nghệ An","commune":"Văn Kiều","page":"dams/NgheAn/HoKheLang_VanKieu_NgheAn_VN.html"}},{"type":"Feature","geometry":{"type":"Point","coordinates":[105.45,18.8]},"properties":{"id":"MB05536","name":"Bàu đá","name_en":"Bau da","province":"Nghệ An","commune":"Bạch Hà","page":"dams/NgheAn/BauDa_BachHa_NgheAn_VN.html"}},{"type":"Feature","geometry":{"type":"Point","coordinates":[105.546,18.843]},"properties":{"id":"MB90098","name":"Khe Gỗ","name_en":"Ho Khe Go","province":"Nghệ An","commune":"Phúc Lộc","page":"dams/NgheAn/HoKheGo_PhucLoc_NgheAn_VN.html"}},{"type":"Feature","geometry":{"type":"Point","coordinates":[105.592,18.85]},"properties":{"id":"MB05553","name":"Khe Xiêm","name_en":"Khe Xiem","province":"Nghệ An","commune":"Thần Lĩnh","page":"dams/NgheAn/KheXiem_ThanLinh_NgheAn_VN.html"}},{"type":"Feature","geometry":{"type":"Point","coordinates":[105.546,18.857]},"properties":{"id":"MB06111","name":"Khe Lách","name_en":"Ho Khe Lach","province":"Nghệ An","commune":"Văn Kiều","page":"dams/NgheAn/HoKheLach_VanKieu_NgheAn_VN.html"}},{"type":"Feature","geometry":{"type":"Point","coordinates":[105.45,18.85]},"properties":{"id":"MB05537","name":"Bàu Tròng","name_en":"Bau Trong","province":"Nghệ An","commune":"Bạch Hà","page":"dams/NgheAn/BauTrong_BachHa_NgheAn_VN.html"}},{"type":"Feature","geometry":{"type":"Point","coordinates":[105.558,18.85]},"properties":{"id":"MB05529","name":"Khe Bưởi","name_en":"Khe Buoi","province":"Nghệ An","commune":"Văn Kiều","page":"dams/NgheAn/KheBuoi_VanKieu_NgheAn_VN.html"}},{"type":"Feature","geometry":{"type":"Point","coordinates":[105.608,18.85]},"properties":{"id":"MB01586","name":"Khe Quánh","name_en":"Khe Quanh","province":"Nghệ An","commune":"Hải Lộc","page":"dams/NgheAn/KheQuanh_HaiLoc_NgheAn_VN.html"}},{"type":"Feature","geometry":{"type":"Point","coordinates":[105.55,18.9]},"properties":{"id":"MB01769","name":"Xuân Dương","name_en":"Ho Xuan Duong","province":"Nghệ An","commune":"Tân Châu","page":"dams/NgheAn/HoXuanDuong_TanChau_NgheAn_VN.html"}},{"type":"Feature","geometry":{"type":"Point","coordinates":[105.4,18.9]},"properties":{"id":"MB05524","name":"Hồng Thái","name_en":"Hong Thai","province":"Nghệ An","commune":"Văn Hiến","page":"dams/NgheAn/HongThai_VanHien_NgheAn_VN.html"}},{"type":"Feature","geometry":{"type":"Point","coordinates":[105.108,18.9]},"properties":{"id":"MB07308","name":"Cao Cang","name_en":"Cao Cang","province":"Nghệ An","commune":"Anh Sơn","page":"dams/NgheAn/CaoCang_AnhSon_NgheAn_VN.html"}},{"type":"Feature","geometry":{"type":"Point","coordinates":[105.092,18.9]},"properties":{"id":"MB07309","name":"Ba Cơi","name_en":"Ba Coi","province":"Nghệ An","commune":"Yên Xuân","page":"dams/NgheAn/BaCoi_YenXuan_NgheAn_VN.html"}},{"type":"Feature","geometry":{"type":"Point","coordinates":[105.2,18.95]},"properties":{"id":"MB05495","name":"Khe Chung","name_en":"Khe Chung","province":"Nghệ An","commune":"Anh Sơn Đông","page":"dams/NgheAn/KheChung_AnhSonDong_NgheAn_VN.html"}},{"type":"Feature","geometry":{"type":"Point","coordinates":[105.4,18.95]},"properties":{"id":"MB05525","name":"Đồng Lèn","name_en":"Dong Len","province":"Nghệ An","commune":"Quan Thành","page":"dams/NgheAn/DongLen_QuanThanh_NgheAn_VN.html"}},{"type":"Feature","geometry":{"type":"Point","coordinates":[105.25,19.0]},"properties":{"id":"MB05496","name":"Đồng Thiêng","name_en":"Dong Thieng","province":"Nghệ An","commune":"Bạch Ngọc","page":"dams/NgheAn/DongThieng_BachNgoc_NgheAn_VN.html"}},{"type":"Feature","geometry":{"type":"Point","coordinates":[105.4,19.0]},"properties":{"id":"MB05526","name":"Xuân Nguyên","name_en":"Xuan Nguyen","province":"Nghệ An","commune":"Quang Đồng","page":"dams/NgheAn/XuanNguyen_QuangDong_NgheAn_VN.html"}},{"type":"Feature","geometry":{"type":"Point","coordinates":[105.5,19.05]},"properties":{"id":"MB05539","name":"Khe Chùa","name_en":"Khe Chua","province":"Nghệ An","commune":"Yên Thành","page":"dams/NgheAn/KheChua_YenThanh_NgheAn_VN.html"}},{"type":"Feature","geometry":{"type":"Point","coordinates":[105.4,19.05]},"properties":{"id":"MB05527","name":"Vệ Vừng","name_en":"Ve Vung","province":"Nghệ An","commune":"Quang Đồng","page":"dams/NgheAn/VeVung_QuangDong_NgheAn_VN.html"}},{"type":"Feature","geometry":{"type":"Point","coordinates":[105.15,19.05]},"properties":{"id":"MB05491","name":"Khe Vành","name_en":"Dong Vanh","province":"Nghệ An","commune":"Tân An","page":"dams/NgheAn/DongVanh_TanAn_NgheAn_VN.html"}},{"type":"Feature","geometry":{"type":"Point","coordinates":[105.45,19.1]},"properties":{"id":"MB05540","name":"Đồn Húng","name_en":"Don Hung","province":"Nghệ An","commune":"Giai Lạc","page":"dams/NgheAn/DonHung_GiaiLac_NgheAn_VN.html"}},{"type":"Feature","geometry":{"type":"Point","coordinates":[104.8,19.1]},"properties":{"id":"MB02730","name":"Chi Khê","name_en":"Chi Khe","province":"Nghệ An","commune":"Con Cuông","page":"dams/NgheAn/ChiKhe_ConCuong_NgheAn_VN.html"}},{"type":"Feature","geometry":{"type":"Point","coordinates":[104.7,19.1]},"properties":{"id":"MB01557","name":"Khe Thơi","name_en":"Khe Thoi","province":"Nghệ An","commune":"Châu Khê","page":"dams/NgheAn/KheThoi_ChauKhe_NgheAn_VN.html"}},{"type":"Feature","geometry":{"type":"Point","coordinates":[105.15,19.1]},"properties":{"id":"MB05492","name":"Đồng Kho","name_en":"Dong Kho","province":"Nghệ An","commune":"Tiên Đồng","page":"dams/NgheAn/DongKho_TienDong_NgheAn_VN.html"}},{"type":"Feature","geometry":{"type":"Point","coordinates":[105.508,19.15]},"properties":{"id":"MB05542","name":"Nhà Trò","name_en":"Nha Tro","province":"Nghệ An","commune":"Bình Minh","page":"dams/NgheAn/NhaTro_BinhMinh_NgheAn_VN.html"}},{"type":"Feature","geometry":{"type":"Point","coordinates":[105.25,19.15]},"properties":{"id":"MB07293","name":"Mai Tân","name_en":"Mai Tan","province":"Nghệ An","commune":"Giai Xuân","page":"dams/NgheAn/MaiTan_GiaiXuan_NgheAn_VN.html"}},{"type":"Feature","geometry":{"type":"Point","coordinates":[105.4,19.15]},"properties":{"id":"MB9500108","name":"Khe Thần","name_en":"Khe Than","province":"Nghệ An","commune":"Nghĩa Đồng","page":"dams/NgheAn/KheThan_NghiaDong_NgheAn_VN.html"}},{"type":"Feature","geometry":{"type":"Point","coordinates":[105.3,19.15]},"properties":{"id":"MB05498","name":"Xuân Dương","name_en":"Xuan Duong","province":"Nghệ An","commune":"Tân Phú","page":"dams/NgheAn/XuanDuong_TanPhu_NgheAn_VN.html"}},{"type":"Feature","geometry":{"type":"Point","coordinates":[104.65,19.2]},"properties":{"id":"MB00118","name":"Khe Bố","name_en":"Khe Bo","province":"Nghệ An","commune":"Tam Quang","page":"dams/NgheAn/KheBo_TamQuang_NgheAn_VN.html"}},{"type":"Feature","geometry":{"type":"Point","coordinates":[104.45,19.2]},"properties":{"id":"MB01153","name":"Xoỏng Con","name_en":"Xoong Con","province":"Nghệ An","commune":"Tam Thái","page":"dams/NgheAn/XoongCon_TamThai_NgheAn_VN.html"}},{"type":"Feature","geometry":{"type":"Point","coordinates":[105.6,19.2]},"properties":{"id":"MB05532","name":"Khe Sái","name_en":"Khe Sai","province":"Nghệ An","commune":"Quỳnh Sơn","page":"dams/NgheAn/KheSai_QuynhSon_NgheAn_VN.html"}},{"type":"Feature","geometry":{"type":"Point","coordinates":[105.55,19.2]},"properties":{"id":"MB05533","name":"Thài Lài","name_en":"Thai Lai","province":"Nghệ An","commune":"Quỳnh Tam","page":"dams/NgheAn/ThaiLai_QuynhTam_NgheAn_VN.html"}},{"type":"Feature","geometry":{"type":"Point","coordinates":[105.45,19.2]},"properties":{"id":"MB05544","name":"Hòn Mát","name_en":"Hon Mat","province":"Nghệ An","commune":"Nghĩa Lộc","page":"dams/NgheAn/HonMat_NghiaLoc_NgheAn_VN.html"}},{"type":"Feature","geometry":{"type":"Point","coordinates":[105.65,19.2]},"properties":{"id":"MB02434","name":"Ba Tuỳ","name_en":"Ba Tuy","province":"Nghệ An","commune":"Quỳnh Văn","page":"dams/NgheAn/BaTuy_QuynhVan_NgheAn_VN.html"}},{"type":"Feature","geometry":{"type":"Point","coordinates":[105.35,19.25]},"properties":{"id":"MB05499","name":"Khe Đá","name_en":"Khe Da","province":"Nghệ An","commune":"Nghĩa Khánh","page":"dams/NgheAn/KheDa_NghiaKhanh_NgheAn_VN.html"}},{"type":"Feature","geometry":{"type":"Point","coordinates":[105.6,19.25]},"properties":{"id":"MB05534","name":"Khe Dung","name_en":"Khe Dung","province":"Nghệ An","commune":"Quỳnh Thắng","page":"dams/NgheAn/KheDung_QuynhThang_NgheAn_VN.html"}},{"type":"Feature","geometry":{"type":"Point","coordinates":[105.508,19.25]},"properties":{"id":"MB05535","name":"Khe Làng","name_en":"Khe Lang","province":"Nghệ An","commune":"Đông Hiếu","page":"dams/NgheAn/KheLang_DongHieu_NgheAn_VN.html"}},{"type":"Feature","geometry":{"type":"Point","coordinates":[104.4,19.25]},"properties":{"id":"MB02935","name":"Bản Ang","name_en":"Ban Ang","province":"Nghệ An","commune":"Tương Dương","page":"dams/NgheAn/BanAng_TuongDuong_NgheAn_VN.html"}},{"type":"Feature","geometry":{"type":"Point","coordinates":[105.55,19.25]},"properties":{"id":"MB05572","name":"Khe Sâu","name_en":"Khe San","province":"Nghệ An","commune":"Quỳnh Thắng","page":"dams/NgheAn/KheSan_QuynhThang_NgheAn_VN.html"}},{"type":"Feature","geometry":{"type":"Point","coordinates":[104.15,19.25]},"properties":{"id":"MB01070","name":"Ca Nan 1","name_en":"Ca Nan 1","province":"Nghệ An","commune":"Na Ngoi","page":"dams/NgheAn/CaNan1_NaNgoi_NgheAn_VN.html"}},{"type":"Feature","geometry":{"type":"Point","coordinates":[105.708,19.3]},"properties":{"id":"MB05555","name":"Khe Bung","name_en":"Khe Bung","province":"Nghệ An","commune":"Hoàng Mai","page":"dams/NgheAn/KheBung_HoangMai_NgheAn_VN.html"}},{"type":"Feature","geometry":{"type":"Point","coordinates":[105.508,19.3]},"properties":{"id":"MB05545","name":"Khe Lau","name_en":"Khe Lau","province":"Nghệ An","commune":"Đông Hiếu","page":"dams/NgheAn/KheLau_DongHieu_NgheAn_VN.html"}},{"type":"Feature","geometry":{"type":"Point","coordinates":[105.658,19.3]},"properties":{"id":"MB06116","name":"Đồi Tương","name_en":"Doi Tuong","province":"Nghệ An","commune":"Hoàng Mai","page":"dams/NgheAn/DoiTuong_HoangMai_NgheAn_VN.html"}},{"type":"Feature","geometry":{"type":"Point","coordinates":[105.55,19.3]},"properties":{"id":"MB05573","name":"Khe Bai","name_en":"Khe Bai","province":"Nghệ An","commune":"Quỳnh Thắng","page":"dams/NgheAn/KheBai_QuynhThang_NgheAn_VN.html"}},{"type":"Feature","geometry":{"type":"Point","coordinates":[105.45,19.3]},"properties":{"id":"MB9500109","name":"Lách - Bưởi","name_en":"Lach - Buoi","province":"Nghệ An","commune":"Đông Hiếu","page":"dams/NgheAn/LachBuoi_DongHieu_NgheAn_VN.html"}},{"type":"Feature","geometry":{"type":"Point","coordinates":[105.492,19.3]},"properties":{"id":"MB06117","name":"Lim","name_en":"Ho Lim","province":"Nghệ An","commune":"Nghĩa Thọ","page":"dams/NgheAn/HoLim_NghiaTho_NgheAn_VN.html"}},{"type":"Feature","geometry":{"type":"Point","coordinates":[105.692,19.3]},"properties":{"id":"MB05556","name":"Đập Trường Lâm","name_en":"Dong Dang","province":"Thanh Hóa","commune":"Trường Lâm","page":"dams/ThanhHoa/DongDang_TruongLam_ThanhHoa_VN.html"}},{"type":"Feature","geometry":{"type":"Point","coordinates":[105.8,19.35]},"properties":{"id":"MB05560","name":"Đồng Chùa","name_en":"Dong Chua","province":"Thanh Hóa","commune":"Nghi Sơn","page":"dams/ThanhHoa/DongChua_NghiSon_ThanhHoa_VN.html"}},{"type":"Feature","geometry":{"type":"Point","coordinates":[104.3,19.35]},"properties":{"id":"MB01155","name":"Ca Nan 2","name_en":"Ca Nan 2","province":"Nghệ An","commune":"Chiêu Lưu","page":"dams/NgheAn/CaNan2_ChieuLuu_NgheAn_VN.html"}},{"type":"Feature","geometry":{"type":"Point","coordinates":[104.5,19.35]},"properties":{"id":"MB00621","name":"Bản Vẽ","name_en":"Ban Ve","province":"Nghệ An","commune":"Yên Na","page":"dams/NgheAn/BanVe_YenNa_NgheAn_VN.html"}},{"type":"Feature","geometry":{"type":"Point","coordinates":[105.5,19.35]},"properties":{"id":"MB01589","name":"Đồng Sằng","name_en":"Dong Sang","province":"Nghệ An","commune":"Nghĩa Thọ","page":"dams/NgheAn/DongSang_NghiaTho_NgheAn_VN.html"}},{"type":"Feature","geometry":{"type":"Point","coordinates":[105.65,19.35]},"properties":{"id":"MB01790","name":"Kim Giao II","name_en":"Kim Giao II","province":"Thanh Hóa","commune":"Trường Lâm","page":"dams/ThanhHoa/KimGiao2_TruongLam_ThanhHoa_VN.html"}},{"type":"Feature","geometry":{"type":"Point","coordinates":[105.65,19.4]},"properties":{"id":"MB05566","name":"Kim Giao 1","name_en":"Kim Giao 1","province":"Thanh Hóa","commune":"Trường Lâm","page":"dams/ThanhHoa/KimGiao1_TruongLam_ThanhHoa_VN.html"}},{"type":"Feature","geometry":{"type":"Point","coordinates":[105.75,19.4]},"properties":{"id":"MB05567","name":"Khe San","name_en":"Khe San","province":"Thanh Hóa","commune":"Trúc Lâm","page":"dams/ThanhHoa/KheSan_TrucLam_ThanhHoa_VN.html"}},{"type":"Feature","geometry":{"type":"Point","coordinates":[105.4,19.4]},"properties":{"id":"MB07304","name":"Khe Canh","name_en":"Khe Canh","province":"Nghệ An","commune":"Nghĩa Mai","page":"dams/NgheAn/KheCanh_NghiaMai_NgheAn_VN.html"}},{"type":"Feature","geometry":{"type":"Point","coordinates":[104.1,19.4]},"properties":{"id":"MB02939","name":"Nậm Mô","name_en":"Nam Mo","province":"Nghệ An","commune":"Mường Xén","page":"dams/NgheAn/NamMo_MuongXen_NgheAn_VN.html"}},{"type":"Feature","geometry":{"type":"Point","coordinates":[105.3,19.45]},"properties":{"id":"MB04153","name":"Bản Mồng","name_en":"Ban Mong","province":"Nghệ An","commune":"Nghĩa Mai","page":"dams/NgheAn/BanMong_NghiaMai_NgheAn_VN.html"}},{"type":"Feature","geometry":{"type":"Point","coordinates":[104.1,19.45]},"properties":{"id":"MB01165","name":"Nậm Cắn 2","name_en":"Nam Can 2","province":"Nghệ An","commune":"Nậm Cắn","page":"dams/NgheAn/NamCan2_NamCan_NgheAn_VN.html"}},{"type":"Feature","geometry":{"type":"Point","coordinates":[105.75,19.45]},"properties":{"id":"MB05568","name":"Ao Quan","name_en":"Ao Quan","province":"Thanh Hóa","commune":"Tĩnh Gia","page":"dams/ThanhHoa/AoQuan_TinhGia_ThanhHoa_VN.html"}},{"type":"Feature","geometry":{"type":"Point","coordinates":[105.45,19.5]},"properties":{"id":"MB05574","name":"Đồng Cần","name_en":"Dong Can","province":"Thanh Hóa","commune":"Xuân Bình","page":"dams/ThanhHoa/DongCan_XuanBinh_ThanhHoa_VN.html"}},{"type":"Feature","geometry":{"type":"Point","coordinates":[105.75,19.5]},"properties":{"id":"MB01527","name":"Hồ Hao Hao","name_en":"Hao Hao","province":"Thanh Hóa","commune":"Hải Lĩnh","page":"dams/ThanhHoa/HaoHao_HaiLinh_ThanhHoa_VN.html"}},{"type":"Feature","geometry":{"type":"Point","coordinates":[105.6,19.5]},"properties":{"id":"MB05570","name":"Khe Tre","name_en":"Khe Tre","province":"Thanh Hóa","commune":"Yên Thọ","page":"dams/ThanhHoa/KheTre_YenTho_ThanhHoa_VN.html"}},{"type":"Feature","geometry":{"type":"Point","coordinates":[105.05,19.5]},"properties":{"id":"MB00806","name":"Nậm Pông","name_en":"Nam Pong","province":"Nghệ An","commune":"Hùng Chân","page":"dams/NgheAn/NamPong_HungChan_NgheAn_VN.html"}},{"type":"Feature","geometry":{"type":"Point","coordinates":[105.658,19.55]},"properties":{"id":"MB05571","name":"Khe Lau","name_en":"Khe Lau","province":"Thanh Hóa","commune":"Yên Thọ","page":"dams/ThanhHoa/KheLau_YenTho_ThanhHoa_VN.html"}},{"type":"Feature","geometry":{"type":"Point","coordinates":[105.6,19.55]},"properties":{"id":"MB05592","name":"Rẫy Cồ","name_en":"Ray Co","province":"Thanh Hóa","commune":"Yên Thọ","page":"dams/ThanhHoa/RayCo_YenTho_ThanhHoa_VN.html"}},{"type":"Feature","geometry":{"type":"Point","coordinates":[105.642,19.55]},"properties":{"id":"MB05593","name":"Ao Sen","name_en":"Ao Sen","province":"Thanh Hóa","commune":"Yên Thọ","page":"dams/ThanhHoa/AoSen_YenTho_ThanhHoa_VN.html"}},{"type":"Feature","geometry":{"type":"Point","coordinates":[104.95,19.55]},"properties":{"id":"MB01031","name":"Nhạn Hạc A","name_en":"Nhan Hac B","province":"Nghệ An","commune":"Quế Phong","page":"dams/NgheAn/NhanHacB_QuePhong_NgheAn_VN.html"}},{"type":"Feature","geometry":{"type":"Point","coordinates":[104.75,19.55]},"properties":{"id":"MB00877","name":"Sông Quang","name_en":"Song Quang","province":"Nghệ An","commune":"Tri Lễ","page":"dams/NgheAn/SongQuang_TriLe_NgheAn_VN.html"}},{"type":"Feature","geometry":{"type":"Point","coordinates":[105.6,19.6]},"properties":{"id":"MB05575","name":"Chẩm Khê","name_en":"Cham Khe","province":"Thanh Hóa","commune":"Thăng Bình","page":"dams/ThanhHoa/ChamKhe_ThangBinh_ThanhHoa_VN.html"}},{"type":"Feature","geometry":{"type":"Point","coordinates":[105.75,19.6]},"properties":{"id":"MB05594","name":"Ông Xã","name_en":"Ong Xa","province":"Thanh Hóa","commune":"Ngọc Sơn","page":"dams/ThanhHoa/OngXa_NgocSon_ThanhHoa_VN.html"}},{"type":"Feature","geometry":{"type":"Point","coordinates":[105.0,19.6]},"properties":{"id":"MB04154","name":"Châu Thắng","name_en":"Chau Thang","province":"Nghệ An","commune":"Tiền Phong","page":"dams/NgheAn/ChauThang_TienPhong_NgheAn_VN.html"}},{"type":"Feature","geometry":{"type":"Point","coordinates":[104.842,19.6]},"properties":{"id":"MB03228","name":"Bản Cốc","name_en":"Ban Coc","province":"Nghệ An","commune":"Quế Phong","page":"dams/NgheAn/BanCoc_QuePhong_NgheAn_VN.html"}},{"type":"Feature","geometry":{"type":"Point","coordinates":[104.8,19.6]},"properties":{"id":"MB01175","name":"Chau Thon","name_en":"Chau Thon","province":"Nghệ An","commune":"Mường Quàng","page":"dams/NgheAn/ChauThon_MuongQuang_NgheAn_VN.html"}},{"type":"Feature","geometry":{"type":"Point","coordinates":[104.858,19.6]},"properties":{"id":"MB01030","name":"Nậm Giải","name_en":"Nam Giai","province":"Nghệ An","commune":"Quế Phong","page":"dams/NgheAn/NamGiai_QuePhong_NgheAn_VN.html"}},{"type":"Feature","geometry":{"type":"Point","coordinates":[104.95,19.65]},"properties":{"id":"MB00868","name":"Sao Va","name_en":"Sao Va","province":"Nghệ An","commune":"Tiền Phong","page":"dams/NgheAn/SaoVa_TienPhong_NgheAn_VN.html"}},{"type":"Feature","geometry":{"type":"Point","coordinates":[105.65,19.65]},"properties":{"id":"MB05576","name":"Đá Bàn","name_en":"Da Ban","province":"Thanh Hóa","commune":"Mậu Lâm","page":"dams/ThanhHoa/DaBan_MauLam_ThanhHoa_VN.html"}},{"type":"Feature","geometry":{"type":"Point","coordinates":[105.55,19.75]},"properties":{"id":"MB05577","name":"Đồng Bể","name_en":"Dong Be","province":"Thanh Hóa","commune":"Xuân Du","page":"dams/ThanhHoa/DongBe_XuanDu_ThanhHoa_VN.html"}},{"type":"Feature","geometry":{"type":"Point","coordinates":[105.496,19.807]},"properties":{"id":"MB05589","name":"Long Hưng/ Hồ Lai Triều","name_en":"Long Hung","province":"Thanh Hóa","commune":"Hợp Tiến","page":"dams/ThanhHoa/LongHung_HopTien_ThanhHoa_VN.html"}},{"type":"Feature","geometry":{"type":"Point","coordinates":[105.509,19.8]},"properties":{"id":"MB01783","name":"Khe Lùng","name_en":"Khe Lung","province":"Thanh Hóa","commune":"Thọ Bình","page":"dams/ThanhHoa/KheLung_ThoBinh_ThanhHoa_VN.html"}},{"type":"Feature","geometry":{"type":"Point","coordinates":[105.496,19.793]},"properties":{"id":"MB05590","name":"Nội Sơn","name_en":"Noi Son","province":"Thanh Hóa","commune":"Hợp Tiến","page":"dams/ThanhHoa/NoiSon_HopTien_ThanhHoa_VN.html"}},{"type":"Feature","geometry":{"type":"Point","coordinates":[105.1,19.85]},"properties":{"id":"MB01379","name":"Đập Hủa Na","name_en":"Hua Na","province":"Nghệ An","commune":"Thông Thụ","page":"dams/NgheAn/HuaNa_ThongThu_NgheAn_VN.html"}},{"type":"Feature","geometry":{"type":"Point","coordinates":[105.5,19.85]},"properties":{"id":"MB05582","name":"Ngô Công","name_en":"Ngo Cong","province":"Thanh Hóa","commune":"Thọ Bình","page":"dams/ThanhHoa/NgoCong_ThoBinh_ThanhHoa_VN.html"}},{"type":"Feature","geometry":{"type":"Point","coordinates":[105.441,19.85]},"properties":{"id":"MB01788","name":"Cửa Trát","name_en":"Cua Trat","province":"Thanh Hóa","commune":"Sao Vàng","page":"dams/ThanhHoa/CuaTrat_SaoVang_ThanhHoa_VN.html"}},{"type":"Feature","geometry":{"type":"Point","coordinates":[105.459,19.85]},"properties":{"id":"MB01787","name":"Cây Quýt","name_en":"Cay Quyt","province":"Thanh Hóa","commune":"Sao Vàng","page":"dams/ThanhHoa/CayQuyt_SaoVang_ThanhHoa_VN.html"}},{"type":"Feature","geometry":{"type":"Point","coordinates":[105.35,19.9]},"properties":{"id":"MB02688","name":"Xuân Minh","name_en":"Xuan Minh","province":"Thanh Hóa","commune":"Luận Thành","page":"dams/ThanhHoa/XuanMinh_LuanThanh_ThanhHoa_VN.html"}},{"type":"Feature","geometry":{"type":"Point","coordinates":[105.15,19.9]},"properties":{"id":"MB01180","name":"Đồng Văn","name_en":"Dong Van","province":"Nghệ An","commune":"Thông Thụ","page":"dams/NgheAn/DongVan_ThongThu_NgheAn_VN.html"}},{"type":"Feature","geometry":{"type":"Point","coordinates":[105.45,19.9]},"properties":{"id":"MB05587","name":"Vĩnh Chinh","name_en":"Vinh Chinh","province":"Thanh Hóa","commune":"Sao Vàng","page":"dams/ThanhHoa/VinhChinh_SaoVang_ThanhHoa_VN.html"}},{"type":"Feature","geometry":{"type":"Point","coordinates":[105.55,19.9]},"properties":{"id":"MB01008","name":"Ban Thach","name_en":"Ban Thach","province":"Thanh Hóa","commune":"Sao Vàng","page":"dams/ThanhHoa/BanThach_SaoVang_ThanhHoa_VN.html"}},{"type":"Feature","geometry":{"type":"Point","coordinates":[105.3,19.95]},"properties":{"id":"MB05503","name":"21","name_en":"Ho 21","province":"Thanh Hóa","commune":"Lương Sơn","page":"dams/ThanhHoa/Ho21_LuongSon_ThanhHoa_VN.html"}},{"type":"Feature","geometry":{"type":"Point","coordinates":[105.8,19.95]},"properties":{"id":"MB05563","name":"Sun","name_en":"Sun","province":"Thanh Hóa","commune":"Triệu Lộc","page":"dams/ThanhHoa/Sun_TrieuLoc_ThanhHoa_VN.html"}},{"type":"Feature","geometry":{"type":"Point","coordinates":[105.809,20.0]},"properties":{"id":"MB01786","name":"Ho Khe Tien","name_en":"Ho Khe Tien","province":"Thanh Hóa","commune":"Hà Trung","page":"dams/ThanhHoa/HoKheTien_HaTrung_ThanhHoa_VN.html"}},{"type":"Feature","geometry":{"type":"Point","coordinates":[105.45,20.0]},"properties":{"id":"MB05631","name":"Làng Mọ","name_en":"Lang Mo","province":"Thanh Hóa","commune":"Xuân Tín","page":"dams/ThanhHoa/LangMo_XuanTin_ThanhHoa_VN.html"}},{"type":"Feature","geometry":{"type":"Point","coordinates":[105.791,20.0]},"properties":{"id":"MB05596","name":"Đập Cầu (Đồng Cầu)","name_en":"Dap Cau (Dong Cau)","province":"Thanh Hóa","commune":"Tống Sơn","page":"dams/ThanhHoa/DapCauDongCau_TongSon_ThanhHoa_VN.html"}},{"type":"Feature","geometry":{"type":"Point","coordinates":[105.8,20.05]},"properties":{"id":"MB00567","name":"Vĩnh Liệt (Đồng Soài)","name_en":"Vinh Liet (Dong Soai)","province":"Thanh Hóa","commune":"Tống Sơn","page":"dams/ThanhHoa/VinhLietDongSoai_TongSon_ThanhHoa_VN.html"}},{"type":"Feature","geometry":{"type":"Point","coordinates":[105.659,20.05]},"properties":{"id":"MB01785","name":"Đồng Mực","name_en":"Dong Muc","province":"Thanh Hóa","commune":"Biện Thượng","page":"dams/ThanhHoa/DongMuc_BienThuong_ThanhHoa_VN.html"}},{"type":"Feature","geometry":{"type":"Point","coordinates":[105.759,20.05]},"properties":{"id":"MB01784","name":"Đá Kẽm","name_en":"Da Ken (Kem)","province":"Thanh Hóa","commune":"Biện Thượng","page":"dams/ThanhHoa/DaKenKem_BienThuong_ThanhHoa_VN.html"}},{"type":"Feature","geometry":{"type":"Point","coordinates":[105.641,20.05]},"properties":{"id":"MB05585","name":"Mang Mang","name_en":"Mang Mang","province":"Thanh Hóa","commune":"Vĩnh Lộc","page":"dams/ThanhHoa/MangMang_VinhLoc_ThanhHoa_VN.html"}},{"type":"Feature","geometry":{"type":"Point","coordinates":[105.35,20.1]},"properties":{"id":"MB05615","name":"Cống Khê","name_en":"Cong Khe","province":"Thanh Hóa","commune":"Ngọc Lặc","page":"dams/ThanhHoa/CongKhe_NgocLac_ThanhHoa_VN.html"}},{"type":"Feature","geometry":{"type":"Point","coordinates":[105.709,20.1]},"properties":{"id":"MB01385","name":"Tây Trác","name_en":"Tay Trac","province":"Thanh Hóa","commune":"Ngọc Trạo","page":"dams/ThanhHoa/TayTrac_NgocTrao_ThanhHoa_VN.html"}},{"type":"Feature","geometry":{"type":"Point","coordinates":[105.8,20.1]},"properties":{"id":"MB05601","name":"Bến Quân","name_en":"Ben Quan","province":"Thanh Hóa","commune":"Hà Long","page":"dams/ThanhHoa/BenQuan_HaLong_ThanhHoa_VN.html"}},{"type":"Feature","geometry":{"type":"Point","coordinates":[105.696,20.107]},"properties":{"id":"MB05602","name":"Đồng Ngư","name_en":"Dong Ngu","province":"Thanh Hóa","commune":"Ngọc Trạo","page":"dams/ThanhHoa/DongNgu_NgocTrao_ThanhHoa_VN.html"}},{"type":"Feature","geometry":{"type":"Point","coordinates":[105.45,20.1]},"properties":{"id":"MB05632","name":"Bai Sơn","name_en":"Bai Son","province":"Thanh Hóa","commune":"Thạch Lập","page":"dams/ThanhHoa/BaiSon_ThachLap_ThanhHoa_VN.html"}},{"type":"Feature","geometry":{"type":"Point","coordinates":[105.2,20.15]},"properties":{"id":"MB01053","name":"Tri Nang","name_en":"Tri Nang","province":"Thanh Hóa","commune":"Linh Sơn","page":"dams/ThanhHoa/TriNang_LinhSon_ThanhHoa_VN.html"}},{"type":"Feature","geometry":{"type":"Point","coordinates":[105.959,20.1]},"properties":{"id":"MB07353","name":"Yen Dong 2","name_en":"Yen Dong 2","province":"Ninh Bình","commune":"Trung Sơn","page":"dams/NinhBinh/YenDong2_TrungSon_NinhBinh_VN.html"}},{"type":"Feature","geometry":{"type":"Point","coordinates":[105.25,20.1]},"properties":{"id":"MB01782","name":"Lý Ải","name_en":"Ly Ai","province":"Thanh Hóa","commune":"Giao An","page":"dams/ThanhHoa/LyAi_GiaoAn_ThanhHoa_VN.html"}},{"type":"Feature","geometry":{"type":"Point","coordinates":[105.941,20.1]},"properties":{"id":"MB07354","name":"Yen Dong 1","name_en":"Yen Dong 1","province":"Ninh Bình","commune":"Trung Sơn","page":"dams/NinhBinh/YenDong1_TrungSon_NinhBinh_VN.html"}},{"type":"Feature","geometry":{"type":"Point","coordinates":[105.409,20.15]},"properties":{"id":"MB05634","name":"Bai Manh","name_en":"Bai Manh","province":"Thanh Hóa","commune":"Thạch Lập","page":"dams/ThanhHoa/BaiManh_ThachLap_ThanhHoa_VN.html"}},{"type":"Feature","geometry":{"type":"Point","coordinates":[105.396,20.157]},"properties":{"id":"MB9500100","name":"Bai Ngọc","name_en":"Bai Ngoc","province":"Thanh Hóa","commune":"Thạch Lập","page":"dams/ThanhHoa/BaiNgoc_ThachLap_ThanhHoa_VN.html"}},{"type":"Feature","geometry":{"type":"Point","coordinates":[105.959,20.15]},"properties":{"id":"MB07355","name":"Yên Thắng 3","name_en":"Yen Thang 3","province":"Ninh Bình","commune":"Yên Thắng","page":"dams/NinhBinh/YenThang3_YenThang_NinhBinh_VN.html"}},{"type":"Feature","geometry":{"type":"Point","coordinates":[105.941,20.15]},"properties":{"id":"MB07356","name":"Yên Thắng 2","name_en":"Yen Thang 2","province":"Ninh Bình","commune":"Trung Sơn","page":"dams/NinhBinh/YenThang2_TrungSon_NinhBinh_VN.html"}},{"type":"Feature","geometry":{"type":"Point","coordinates":[105.6,20.15]},"properties":{"id":"MB9500102","name":"Bằng Lợi","name_en":"Bang Loi","province":"Thanh Hóa","commune":"Thạch Bình","page":"dams/ThanhHoa/BangLoi_ThachBinh_ThanhHoa_VN.html"}},{"type":"Feature","geometry":{"type":"Point","coordinates":[105.859,20.15]},"properties":{"id":"MB05607","name":"Núi Vá","name_en":"Nui Va","province":"Ninh Bình","commune":"Tam Điệp","page":"dams/NinhBinh/NuiVa_TamDiep_NinhBinh_VN_MB05607.html"}},{"type":"Feature","geometry":{"type":"Point","coordinates":[105.9,20.2]},"properties":{"id":"MB05608","name":"Sòng Cầu","name_en":"Song Cau","province":"Ninh Bình","commune":"Yên Sơn","page":"dams/NinhBinh/SongCau_YenSon_NinhBinh_VN.html"}},{"type":"Feature","geometry":{"type":"Point","coordinates":[105.841,20.2]},"properties":{"id":"MB07357","name":"Đập Trời","name_en":"Dap Troi","province":"Ninh Bình","commune":"Yên Sơn","page":"dams/NinhBinh/DapTroi_YenSon_NinhBinh_VN.html"}},{"type":"Feature","geometry":{"type":"Point","coordinates":[105.65,20.2]},"properties":{"id":"MB05603","name":"Bỉnh Công","name_en":"Binh Cong","province":"Thanh Hóa","commune":"Vân Du","page":"dams/ThanhHoa/BinhCong_VanDu_ThanhHoa_VN.html"}},{"type":"Feature","geometry":{"type":"Point","coordinates":[105.5,20.2]},"properties":{"id":"MB01473","name":"Thung Bằng","name_en":"Thung Bang","province":"Thanh Hóa","commune":"Cẩm Thủy","page":"dams/ThanhHoa/ThungBang_CamThuy_ThanhHoa_VN.html"}},{"type":"Feature","geometry":{"type":"Point","coordinates":[105.55,20.2]},"properties":{"id":"MB05635","name":"Xuân Lũng","name_en":"Xuan Lung","province":"Thanh Hóa","commune":"Thạch Bình","page":"dams/ThanhHoa/XuanLung_ThachBinh_ThanhHoa_VN.html"}},{"type":"Feature","geometry":{"type":"Point","coordinates":[105.8,20.2]},"properties":{"id":"MB05609","name":"Đá Lải","name_en":"Da Lai","province":"Ninh Bình","commune":"Phú Long","page":"dams/NinhBinh/DaLai_PhuLong_NinhBinh_VN.html"}},{"type":"Feature","geometry":{"type":"Point","coordinates":[105.859,20.2]},"properties":{"id":"MB05610","name":"Đồng Liềm","name_en":"Dong Liem","province":"Ninh Bình","commune":"Quỳnh Lưu","page":"dams/NinhBinh/DongLiem_QuynhLuu_NinhBinh_VN.html"}},{"type":"Feature","geometry":{"type":"Point","coordinates":[105.4,20.25]},"properties":{"id":"MB01814","name":"Cẩm Thủy 1","name_en":"Cam Thuy 1","province":"Thanh Hóa","commune":"Cẩm Thạch","page":"dams/ThanhHoa/CamThuy1_CamThach_ThanhHoa_VN.html"}},{"type":"Feature","geometry":{"type":"Point","coordinates":[105.6,20.25]},"properties":{"id":"MB05605","name":"Vũng Sú","name_en":"Vung Su","province":"Thanh Hóa","commune":"Thành Vinh","page":"dams/ThanhHoa/VungSu_ThanhVinh_ThanhHoa_VN.html"}},{"type":"Feature","geometry":{"type":"Point","coordinates":[105.5,20.25]},"properties":{"id":"MB05637","name":"Hai Dòng","name_en":"Hai Dong","province":"Thanh Hóa","commune":"Cẩm Tú","page":"dams/ThanhHoa/HaiDong_CamTu_ThanhHoa_VN.html"}},{"type":"Feature","geometry":{"type":"Point","coordinates":[105.75,20.25]},"properties":{"id":"MB05604","name":"Thường Xung","name_en":"Thuong Xung","province":"Ninh Bình","commune":"Cúc Phương","page":"dams/NinhBinh/ThuongXung_CucPhuong_NinhBinh_VN.html"}},{"type":"Feature","geometry":{"type":"Point","coordinates":[105.5,20.3]},"properties":{"id":"MB05638","name":"Hồ Đồng Mực","name_en":"Dong Muc","province":"Thanh Hóa","commune":"Thạch Quảng","page":"dams/ThanhHoa/DongMuc_ThachQuang_ThanhHoa_VN.html"}},{"type":"Feature","geometry":{"type":"Point","coordinates":[105.709,20.3]},"properties":{"id":"MB07360","name":"Yên Quang 1","name_en":"Yen Quang 1","province":"Ninh Bình","commune":"Nho Quan","page":"dams/NinhBinh/YenQuang1_NhoQuan_NinhBinh_VN.html"}},{"type":"Feature","geometry":{"type":"Point","coordinates":[105.35,20.3]},"properties":{"id":"MB01797","name":"Bá Thước 2","name_en":"Ba Thuoc 2","province":"Thanh Hóa","commune":"Điền Lư","page":"dams/ThanhHoa/BaThuoc2_DienLu_ThanhHoa_VN.html"}},{"type":"Feature","geometry":{"type":"Point","coordinates":[105.15,20.3]},"properties":{"id":"MB90003","name":"Bá Thước 1","name_en":"Ba Thuoc 1","province":"Thanh Hóa","commune":"Thiết Ống","page":"dams/ThanhHoa/BaThuoc1_ThietOng_ThanhHoa_VN.html"}},{"type":"Feature","geometry":{"type":"Point","coordinates":[105.1,20.35]},"properties":{"id":"MB01124","name":"Trung Xuân","name_en":"Trung Xuan","province":"Thanh Hóa","commune":"Trung Hạ","page":"dams/ThanhHoa/TrungXuan_TrungHa_ThanhHoa_VN.html"}},{"type":"Feature","geometry":{"type":"Point","coordinates":[105.559,20.4]},"properties":{"id":"MB05639","name":"Hồ Mu Mạ","name_en":"Mu Ma","province":"Phú Thọ","commune":"Đại Đồng","page":"dams/PhuTho/MuMa_DaiDong_PhuTho_VN.html"}},{"type":"Feature","geometry":{"type":"Point","coordinates":[105.546,20.407]},"properties":{"id":"MB05640","name":"Hồ Me I","name_en":"Me I","province":"Phú Thọ","commune":"Yên Thủy","page":"dams/PhuTho/Me1_YenThuy_PhuTho_VN.html"}},{"type":"Feature","geometry":{"type":"Point","coordinates":[105.05,20.45]},"properties":{"id":"MB02729","name":"Hồi Xuân","name_en":"Hoi Xuan","province":"Thanh Hóa","commune":"Phú Xuân","page":"dams/ThanhHoa/HoiXuan_PhuXuan_ThanhHoa_VN.html"}},{"type":"Feature","geometry":{"type":"Point","coordinates":[105.409,20.45]},"properties":{"id":"MB02983","name":"Đình Dù","name_en":"Dinh Cu","province":"Phú Thọ","commune":"Quyết Thắng","page":"dams/PhuTho/DinhCu_QuyetThang_PhuTho_VN.html"}},{"type":"Feature","geometry":{"type":"Point","coordinates":[105.459,20.5]},"properties":{"id":"MB01742","name":"Hồ Rả","name_en":"Ho Ra","province":"Phú Thọ","commune":"Yên Phú","page":"dams/PhuTho/HoRa_YenPhu_PhuTho_VN.html"}},{"type":"Feature","geometry":{"type":"Point","coordinates":[105.396,20.557]},"properties":{"id":"MB05621","name":"Hồ Khang Trào","name_en":"Khang Trao","province":"Phú Thọ","commune":"Thượng Cốc","page":"dams/PhuTho/KhangTrao_ThuongCoc_PhuTho_VN.html"}},{"type":"Feature","geometry":{"type":"Point","coordinates":[105.409,20.55]},"properties":{"id":"MB00981","name":"Mien Doi","name_en":"Mien Doi","province":"Phú Thọ","commune":"Thượng Cốc","page":"dams/PhuTho/MienDoi_ThuongCoc_PhuTho_VN.html"}},{"type":"Feature","geometry":{"type":"Point","coordinates":[105.7,20.6]},"properties":{"id":"MB01625","name":"Đá Bạc/Lạc Thủy","name_en":"Ho Da Bac","province":"Phú Thọ","commune":"An Nghĩa","page":"dams/PhuTho/HoDaBac_AnNghia_PhuTho_VN.html"}},{"type":"Feature","geometry":{"type":"Point","coordinates":[104.9,20.6]},"properties":{"id":"MB01186","name":"Thành Sơn","name_en":"Thanh Son","province":"Thanh Hóa","commune":"Trung Thành","page":"dams/ThanhHoa/ThanhSon_TrungThanh_ThanhHoa_VN.html"}},{"type":"Feature","geometry":{"type":"Point","coordinates":[105.309,20.6]},"properties":{"id":"MB05619","name":"Hồ Nà Ai","name_en":"Na Ai","province":"Phú Thọ","commune":"Tân Lạc","page":"dams/PhuTho/NaAi_TanLac_PhuTho_VN.html"}},{"type":"Feature","geometry":{"type":"Point","coordinates":[104.85,20.6]},"properties":{"id":"MB01378","name":"Trung Sơn","name_en":"Trung Son","province":"Thanh Hóa","commune":"Trung Sơn","page":"dams/ThanhHoa/TrungSon_TrungSon_ThanhHoa_VN.html"}},{"type":"Feature","geometry":{"type":"Point","coordinates":[105.359,20.7]},"properties":{"id":"MB05622","name":"Hồ Cạn thượng","name_en":"Can Thuong","province":"Phú Thọ","commune":"Cao Phong","page":"dams/PhuTho/CanThuong_CaoPhong_PhuTho_VN.html"}},{"type":"Feature","geometry":{"type":"Point","coordinates":[105.65,20.7]},"properties":{"id":"MB05462","name":"Hồ An Thịnh I","name_en":"An Thinh I","province":"Phú Thọ","commune":"Cao Dương","page":"dams/PhuTho/AnThinh1_CaoDuong_PhuTho_VN.html"}},{"type":"Feature","geometry":{"type":"Point","coordinates":[104.75,20.7]},"properties":{"id":"MB01033","name":"Xuan Nha","name_en":"Xuan Nha","province":"Sơn La","commune":"Xuân Nha","page":"dams/SonLa/XuanNha_XuanNha_SonLa_VN.html"}},{"type":"Feature","geometry":{"type":"Point","coordinates":[104.991,20.75]},"properties":{"id":"MB00974","name":"So Lo 1B","name_en":"So Lo 1B","province":"Phú Thọ","commune":"Tân Mai","page":"dams/PhuTho/SoLo1B_TanMai_PhuTho_VN.html"}},{"type":"Feature","geometry":{"type":"Point","coordinates":[105.009,20.75]},"properties":{"id":"MB00973","name":"So Lo 1A","name_en":"So Lo 1A","province":"Phú Thọ","commune":"Tân Mai","page":"dams/PhuTho/SoLo1A_TanMai_PhuTho_VN.html"}},{"type":"Feature","geometry":{"type":"Point","coordinates":[105.359,20.8]},"properties":{"id":"MB04047","name":"Hoà Bình","name_en":"Hoa Binh","province":"Phú Thọ","commune":"Hòa Bình","page":"dams/PhuTho/HoaBinh_HoaBinh_PhuTho_VN.html"}},{"type":"Feature","geometry":{"type":"Point","coordinates":[104.6,20.8]},"properties":{"id":"MB00995","name":"Muong Sang 3","name_en":"Muong Sang 3","province":"Sơn La","commune":"Mộc Châu","page":"dams/SonLa/MuongSang3_MocChau_SonLa_VN.html"}},{"type":"Feature","geometry":{"type":"Point","coordinates":[105.6,20.85]},"properties":{"id":"MB05464","name":"Văn Sơn","name_en":"Van Son","province":"Hà Nội","commune":"Trần Phú","page":"dams/HaNoi/VanSon_TranPhu_HaNoi_VN.html"}},{"type":"Feature","geometry":{"type":"Point","coordinates":[104.559,20.85]},"properties":{"id":"MB01040","name":"Mường Sang 2","name_en":"Muong Sang 2","province":"Sơn La","commune":"Mộc Châu","page":"dams/SonLa/MuongSang2_MocChau_SonLa_VN.html"}},{"type":"Feature","geometry":{"type":"Point","coordinates":[105.559,20.85]},"properties":{"id":"MB05641","name":"Hồ Đồng Chanh","name_en":"Dong Chanh","province":"Phú Thọ","commune":"Lương Sơn","page":"dams/PhuTho/DongChanh_LuongSon_PhuTho_VN.html"}},{"type":"Feature","geometry":{"type":"Point","coordinates":[106.7,20.85]},"properties":{"id":"MB9500060","name":"An Biên","name_en":"An Bien","province":"Hải Phòng","commune":"Gia Viên","page":"dams/HaiPhong/AnBien_GiaVien_HaiPhong_VN.html"}},{"type":"Feature","geometry":{"type":"Point","coordinates":[104.541,20.85]},"properties":{"id":"MB01075","name":"Tắt Ngoẵng","name_en":"Tat Ngoang","province":"Sơn La","commune":"Mộc Châu","page":"dams/SonLa/TatNgoang_MocChau_SonLa_VN.html"}},{"type":"Feature","geometry":{"type":"Point","coordinates":[104.5,20.9]},"properties":{"id":"MB03237","name":"Tà Niết","name_en":"Ta Niet","province":"Sơn La","commune":"Mộc Châu","page":"dams/SonLa/TaNiet_MocChau_SonLa_VN.html"}},{"type":"Feature","geometry":{"type":"Point","coordinates":[104.85,20.9]},"properties":{"id":"MB01005","name":"Sơ Vin","name_en":"So Vin","province":"Sơn La","commune":"Tô Múa","page":"dams/SonLa/SoVin_ToMua_SonLa_VN.html"}},{"type":"Feature","geometry":{"type":"Point","coordinates":[103.75,20.9]},"properties":{"id":"MB01115","name":"Nậm Sọi","name_en":"Nam Soi","province":"Sơn La","commune":"Chiềng Khoong","page":"dams/SonLa/NamSoi_ChiengKhoong_SonLa_VN.html"}},{"type":"Feature","geometry":{"type":"Point","coordinates":[104.95,20.95]},"properties":{"id":"MB01019","name":"Đồng Chum 2b","name_en":"Dong Chum 2B","province":"Phú Thọ","commune":"Quy Đức","page":"dams/PhuTho/DongChum2B_QuyDuc_PhuTho_VN.html"}},{"type":"Feature","geometry":{"type":"Point","coordinates":[104.391,20.95]},"properties":{"id":"MB01119","name":"To Buông","name_en":"To Buong","province":"Sơn La","commune":"Chiềng Hặc","page":"dams/SonLa/ToBuong_ChiengHac_SonLa_VN.html"}},{"type":"Feature","geometry":{"type":"Point","coordinates":[104.409,20.95]},"properties":{"id":"MB00989","name":"Đông Khùa","name_en":"Dong Khua","province":"Sơn La","commune":"Chiềng Hặc","page":"dams/SonLa/DongKhua_ChiengHac_SonLa_VN.html"}},{"type":"Feature","geometry":{"type":"Point","coordinates":[104.959,21.0]},"properties":{"id":"MB01055","name":"Đồng Chum 2a","name_en":"Dong Chum 2A","province":"Phú Thọ","commune":"Tân Pheo","page":"dams/PhuTho/DongChum2A_TanPheo_PhuTho_VN.html"}},{"type":"Feature","geometry":{"type":"Point","coordinates":[103.65,20.95]},"properties":{"id":"MB01185","name":"Tà Cọ","name_en":"Ta Co","province":"Sơn La","commune":"Sốp Cộp","page":"dams/SonLa/TaCo_SopCop_SonLa_VN.html"}},{"type":"Feature","geometry":{"type":"Point","coordinates":[105.359,21.0]},"properties":{"id":"MB05646","name":"Hồ Đầm Bài","name_en":"Dam Bai","province":"Phú Thọ","commune":"Thịnh Minh","page":"dams/PhuTho/DamBai_ThinhMinh_PhuTho_VN.html"}},{"type":"Feature","geometry":{"type":"Point","coordinates":[103.8,21.0]},"properties":{"id":"MB02998","name":"Mường Hung","name_en":"Muong Hung","province":"Sơn La","commune":"Mường Hung","page":"dams/SonLa/MuongHung_MuongHung_SonLa_VN.html"}},{"type":"Feature","geometry":{"type":"Point","coordinates":[105.3,21.0]},"properties":{"id":"MB05626","name":"Đầm Gai","name_en":"Dam Gai","province":"Phú Thọ","commune":"Yên Sơn","page":"dams/PhuTho/DamGai_YenSon_PhuTho_VN.html"}},{"type":"Feature","geometry":{"type":"Point","coordinates":[106.9,21.0]},"properties":{"id":"MB04053","name":"Yên Lập","name_en":"Ho Yen Lap","province":"Quảng Ninh","commune":"Đông Mai","page":"dams/QuangNinh/HoYenLap_DongMai_QuangNinh_VN.html"}},{"type":"Feature","geometry":{"type":"Point","coordinates":[103.65,21.0]},"properties":{"id":"MB01368","name":"Nậm Công 3","name_en":"Nam Cong 3","province":"Sơn La","commune":"Huổi Một","page":"dams/SonLa/NamCong3_HuoiMot_SonLa_VN.html"}},{"type":"Feature","geometry":{"type":"Point","coordinates":[105.55,21.0]},"properties":{"id":"MB05642","name":"Tân Xã","name_en":"Tan Xa","province":"Hà Nội","commune":"Hòa Lạc","page":"dams/HaNoi/TanXa_HoaLac_HaNoi_VN.html"}},{"type":"Feature","geometry":{"type":"Point","coordinates":[104.3,21.0]},"properties":{"id":"MB05623","name":"Chiềng Khoi","name_en":"Chieng Khoi","province":"Sơn La","commune":"Yên Châu","page":"dams/SonLa/ChiengKhoi_YenChau_SonLa_VN.html"}},{"type":"Feature","geometry":{"type":"Point","coordinates":[104.5,21.0]},"properties":{"id":"MB9500072","name":"Mường Lựm","name_en":"Ho Muong Lum","province":"Sơn La","commune":"Chiềng Hặc","page":"dams/SonLa/HoMuongLum_ChiengHac_SonLa_VN.html"}},{"type":"Feature","geometry":{"type":"Point","coordinates":[103.7,21.05]},"properties":{"id":"MB01029","name":"Nậm Công 5","name_en":"Nam Cong 5","province":"Sơn La","commune":"Huổi Một","page":"dams/SonLa/NamCong5_HuoiMot_SonLa_VN.html"}},{"type":"Feature","geometry":{"type":"Point","coordinates":[105.291,21.05]},"properties":{"id":"MB06134","name":"Đầm Sản","name_en":"Dam San","province":"Hà Nội","commune":"Ba Vì","page":"dams/HaNoi/DamSan_BaVi_HaNoi_VN.html"}},{"type":"Feature","geometry":{"type":"Point","coordinates":[106.646,21.043]},"properties":{"id":"MB05429","name":"Cổ Lễ","name_en":"Co Le","province":"Quảng Ninh","commune":"Hoàng Quế","page":"dams/QuangNinh/CoLe_HoangQue_QuangNinh_VN.html"}},{"type":"Feature","geometry":{"type":"Point","coordinates":[106.709,21.05]},"properties":{"id":"MB05431","name":"Rộc Chày","name_en":"Roc Chay","province":"Quảng Ninh","commune":"Hoàng Quế","page":"dams/QuangNinh/RocChay_HoangQue_QuangNinh_VN.html"}},{"type":"Feature","geometry":{"type":"Point","coordinates":[106.75,21.05]},"properties":{"id":"MB05430","name":"Yên Trung","name_en":"Yen Trung","province":"Quảng Ninh","commune":"Yên Tử","page":"dams/QuangNinh/YenTrung_YenTu_QuangNinh_VN.html"}},{"type":"Feature","geometry":{"type":"Point","coordinates":[106.646,21.057]},"properties":{"id":"MB02431","name":"Khe Ươn 1","name_en":"Khe Uon 1","province":"Quảng Ninh","commune":"Hoàng Quế","page":"dams/QuangNinh/KheUon1_HoangQue_QuangNinh_VN.html"}},{"type":"Feature","geometry":{"type":"Point","coordinates":[105.309,21.05]},"properties":{"id":"MB05627","name":"Vống","name_en":"Vong","province":"Hà Nội","commune":"Ba Vì","page":"dams/HaNoi/Vong_BaVi_HaNoi_VN.html"}},{"type":"Feature","geometry":{"type":"Point","coordinates":[105.5,21.05]},"properties":{"id":"MB02321","name":"Đồng Mô","name_en":"Dong Mo","province":"Hà Nội","commune":"Đoài Phương","page":"dams/HaNoi/DongMo_DoaiPhuong_HaNoi_VN.html"}},{"type":"Feature","geometry":{"type":"Point","coordinates":[106.659,21.05]},"properties":{"id":"MB02430","name":"Nội Hoàng","name_en":"Noi Hoang","province":"Quảng Ninh","commune":"Hoàng Quế","page":"dams/QuangNinh/NoiHoang_HoangQue_QuangNinh_VN.html"}},{"type":"Feature","geometry":{"type":"Point","coordinates":[104.4,21.1]},"properties":{"id":"MB01170","name":"Sập Việt","name_en":"Sap Viet","province":"Sơn La","commune":"Tạ Khoa","page":"dams/SonLa/SapViet_TaKhoa_SonLa_VN.html"}},{"type":"Feature","geometry":{"type":"Point","coordinates":[105.25,21.05]},"properties":{"id":"MB05628","name":"Hồ Đá Cóc","name_en":"Phuong Mao","province":"Phú Thọ","commune":"Tu Vũ","page":"dams/PhuTho/PhuongMao_TuVu_PhuTho_VN.html"}},{"type":"Feature","geometry":{"type":"Point","coordinates":[105.246,21.107]},"properties":{"id":"MB90345","name":"Hồ Phượng Mao","name_en":"Ho Da Coc","province":"Phú Thọ","commune":"Tu Vũ","page":"dams/PhuTho/HoDaCoc_TuVu_PhuTho_VN.html"}},{"type":"Feature","geometry":{"type":"Point","coordinates":[106.3,21.1]},"properties":{"id":"MB07415","name":"Đáp Khê","name_en":"Dap Khe","province":"Bắc Ninh","commune":"Cao Đức","page":"dams/BacNinh/DapKhe_CaoDuc_BacNinh_VN.html"}},{"type":"Feature","geometry":{"type":"Point","coordinates":[105.259,21.1]},"properties":{"id":"MB05629","name":"Đá Mài","name_en":"Da Mai","province":"Phú Thọ","commune":"Cự Đồng","page":"dams/PhuTho/DaMai_CuDong_PhuTho_VN.html"}},{"type":"Feature","geometry":{"type":"Point","coordinates":[105.4,21.1]},"properties":{"id":"MB05647","name":"Hóc Cua","name_en":"Hoc Cua","province":"Hà Nội","commune":"Suối Hai","page":"dams/HaNoi/HocCua_SuoiHai_HaNoi_VN.html"}},{"type":"Feature","geometry":{"type":"Point","coordinates":[104.25,21.1]},"properties":{"id":"MB9500071","name":"Huổi Vanh","name_en":"Ho Huoi Vanh","province":"Sơn La","commune":"Yên Châu","page":"dams/SonLa/HoHuoiVanh_YenChau_SonLa_VN.html"}},{"type":"Feature","geometry":{"type":"Point","coordinates":[105.246,21.093]},"properties":{"id":"MB9500062","name":"Tải Giang","name_en":"Tai Giang","province":"Phú Thọ","commune":"Cự Đồng","page":"dams/PhuTho/TaiGiang_CuDong_PhuTho_VN.html"}},{"type":"Feature","geometry":{"type":"Point","coordinates":[107.4,21.1]},"properties":{"id":"MB05428","name":"Khe Mai","name_en":"Khe Mai","province":"Quảng Ninh","commune":"Vân Đồn","page":"dams/QuangNinh/KheMai_VanDon_QuangNinh_VN.html"}},{"type":"Feature","geometry":{"type":"Point","coordinates":[104.8,21.1]},"properties":{"id":"MB01157","name":"Mường Bang","name_en":"Muong Bang","province":"Sơn La","commune":"Mường Bang","page":"dams/SonLa/MuongBang_MuongBang_SonLa_VN.html"}},{"type":"Feature","geometry":{"type":"Point","coordinates":[105.0,21.1]},"properties":{"id":"MB9500063","name":"Xuan Đai","name_en":"Xuan Dai","province":"Phú Thọ","commune":"Xuân Đài","page":"dams/PhuTho/XuanDai_XuanDai_PhuTho_VN.html"}},{"type":"Feature","geometry":{"type":"Point","coordinates":[106.55,21.1]},"properties":{"id":"MB05434","name":"Trại Lốc 2","name_en":"Trai Loc 2","province":"Quảng Ninh","commune":"An Sinh","page":"dams/QuangNinh/TraiLoc2_AnSinh_QuangNinh_VN.html"}},{"type":"Feature","geometry":{"type":"Point","coordinates":[105.45,21.15]},"properties":{"id":"MB01711","name":"Xuân Khanh","name_en":"Xuan Khanh","province":"Hà Nội","commune":"Tùng Thiện","page":"dams/HaNoi/XuanKhanh_TungThien_HaNoi_VN.html"}},{"type":"Feature","geometry":{"type":"Point","coordinates":[106.559,21.15]},"properties":{"id":"MB02428","name":"Trại Lốc","name_en":"Trai Loc 1","province":"Quảng Ninh","commune":"An Sinh","page":"dams/QuangNinh/TraiLoc1_AnSinh_QuangNinh_VN.html"}},{"type":"Feature","geometry":{"type":"Point","coordinates":[106.459,21.15]},"properties":{"id":"MB05437","name":"Hồ Suối Giăng","name_en":"Suoi Gang","province":"Hải Phòng","commune":"Trần Nhân Tông","page":"dams/HaiPhong/SuoiGang_TranNhanTong_HaiPhong_VN.html"}},{"type":"Feature","geometry":{"type":"Point","coordinates":[106.446,21.157]},"properties":{"id":"MB05891","name":"Hồ Láng Trẽ","name_en":"Ho Lang Tre","province":"Hải Phòng","commune":"Trần Nhân Tông","page":"dams/HaiPhong/HoLangTre_TranNhanTong_HaiPhong_VN.html"}},{"type":"Feature","geometry":{"type":"Point","coordinates":[106.5,21.15]},"properties":{"id":"MB05438","name":"Hồ Khe Chè","name_en":"Khe Che","province":"Quảng Ninh","commune":"An Sinh","page":"dams/QuangNinh/KheChe_AnSinh_QuangNinh_VN.html"}},{"type":"Feature","geometry":{"type":"Point","coordinates":[106.409,21.2]},"properties":{"id":"MB05440","name":"Hồ Hố Vễn","name_en":"Ho Ven","province":"Hải Phòng","commune":"Trần Hưng Đạo","page":"dams/HaiPhong/HoVen_TranHungDao_HaiPhong_VN.html"}},{"type":"Feature","geometry":{"type":"Point","coordinates":[104.65,21.2]},"properties":{"id":"MB9500075","name":"Suối Hòm","name_en":"Ho Suoi Hom","province":"Sơn La","commune":"Phù Yên","page":"dams/SonLa/HoSuoiHom_PhuYen_SonLa_VN.html"}},{"type":"Feature","geometry":{"type":"Point","coordinates":[106.85,21.2]},"properties":{"id":"MB01509","name":"Khe Chão","name_en":"Khe Chao","province":"Bắc Ninh","commune":"Dương Hưu","page":"dams/BacNinh/KheChao_DuongHuu_BacNinh_VN.html"}},{"type":"Feature","geometry":{"type":"Point","coordinates":[104.05,21.2]},"properties":{"id":"MB9500069","name":"Hồ Tiền Phong (Bản Mòn)","name_en":"Ho Ban Mon","province":"Sơn La","commune":"Chiềng Mung","page":"dams/SonLa/HoBanMon_ChiengMung_SonLa_VN.html"}},{"type":"Feature","geometry":{"type":"Point","coordinates":[104.15,21.2]},"properties":{"id":"MB05624","name":"Nà Bó","name_en":"Na Bo","province":"Sơn La","commune":"Tà Hộc","page":"dams/SonLa/NaBo_TaHoc_SonLa_VN.html"}},{"type":"Feature","geometry":{"type":"Point","coordinates":[103.95,21.2]},"properties":{"id":"MB9500078","name":"Bản Kéo","name_en":"Ho Ban Keo","province":"Sơn La","commune":"Chiềng Mai","page":"dams/SonLa/HoBanKeo_ChiengMai_SonLa_VN.html"}},{"type":"Feature","geometry":{"type":"Point","coordinates":[104.5,21.2]},"properties":{"id":"MB04040","name":"Suối Sập 3","name_en":"Suoi Sap 3","province":"Sơn La","commune":"Bắc Yên","page":"dams/SonLa/SuoiSap3_BacYen_SonLa_VN.html"}},{"type":"Feature","geometry":{"type":"Point","coordinates":[103.35,21.25]},"properties":{"id":"MB01108","name":"Muong Luan 1","name_en":"Muong Luan 1","province":"Điện Biên","commune":"Mường Luân","page":"dams/DienBien/MuongLuan1_MuongLuan_DienBien_VN.html"}},{"type":"Feature","geometry":{"type":"Point","coordinates":[103.85,21.25]},"properties":{"id":"MB00991","name":"Nậm Chanh","name_en":"Nam Chanh","province":"Sơn La","commune":"Mường Chanh","page":"dams/SonLa/NamChanh_MuongChanh_SonLa_VN.html"}},{"type":"Feature","geometry":{"type":"Point","coordinates":[104.559,21.25]},"properties":{"id":"MB01149","name":"Suối Sập 2A","name_en":"Suoi Sap 2","province":"Sơn La","commune":"Suối Tọ","page":"dams/SonLa/SuoiSap2_SuoiTo_SonLa_VN.html"}},{"type":"Feature","geometry":{"type":"Point","coordinates":[105.8,21.25]},"properties":{"id":"MB05613","name":"Đồng Quan","name_en":"Dong Quan","province":"Hà Nội","commune":"Nội Bài","page":"dams/HaNoi/DongQuan_NoiBai_HaNoi_VN.html"}},{"type":"Feature","geometry":{"type":"Point","coordinates":[104.15,21.25]},"properties":{"id":"MB9500076","name":"Đen Phuong","name_en":"Ho Den Phuong","province":"Sơn La","commune":"Chiềng Sung","page":"dams/SonLa/HoDenPhuong_ChiengSung_SonLa_VN.html"}},{"type":"Feature","geometry":{"type":"Point","coordinates":[103.9,21.3]},"properties":{"id":"MB9500077","name":"Bản Mòng","name_en":"Ho Ban Mong","province":"Sơn La","commune":"Chiềng Cơi","page":"dams/SonLa/HoBanMong_ChiengCoi_SonLa_VN.html"}},{"type":"Feature","geometry":{"type":"Point","coordinates":[106.6,21.3]},"properties":{"id":"MB06127","name":"Lòng Thuyền","name_en":"Ho Long Thuyen","province":"Bắc Ninh","commune":"Nam Dương","page":"dams/BacNinh/HoLongThuyen_NamDuong_BacNinh_VN.html"}},{"type":"Feature","geometry":{"type":"Point","coordinates":[105.2,21.3]},"properties":{"id":"MB9500064","name":"Phương Thịnh","name_en":"Phuong Thinh","province":"Phú Thọ","commune":"Vạn Xuân","page":"dams/PhuTho/PhuongThinh_VanXuan_PhuTho_VN.html"}},{"type":"Feature","geometry":{"type":"Point","coordinates":[105.85,21.3]},"properties":{"id":"MB9500080","name":"Đen Soc","name_en":"Den Soc","province":"Hà Nội","commune":"Sóc Sơn","page":"dams/HaNoi/DenSoc_SocSon_HaNoi_VN.html"}},{"type":"Feature","geometry":{"type":"Point","coordinates":[103.05,21.3]},"properties":{"id":"MB02425","name":"Hồng Sạt","name_en":"Hong Sat","province":"Điện Biên","commune":"Thanh An","page":"dams/DienBien/HongSat_ThanhAn_DienBien_VN.html"}},{"type":"Feature","geometry":{"type":"Point","coordinates":[105.6,21.3]},"properties":{"id":"MB04022","name":"DAM VAC","name_en":"DAM VAC","province":"Phú Thọ","commune":"Vĩnh Yên","page":"dams/PhuTho/DAMVAC_VinhYen_PhuTho_VN.html"}},{"type":"Feature","geometry":{"type":"Point","coordinates":[105.75,21.292]},"properties":{"id":"MB9500081","name":"Ban Tiện","name_en":"Ban Tien","province":"Hà Nội","commune":"Kim Anh","page":"dams/HaNoi/BanTien_KimAnh_HaNoi_VN.html"}},{"type":"Feature","geometry":{"type":"Point","coordinates":[105.8,21.3]},"properties":{"id":"MB06139","name":"Hàm Lợn","name_en":"Ho Ham Lon","province":"Hà Nội","commune":"Trung Giã","page":"dams/HaNoi/HoHamLon_TrungGia_HaNoi_VN.html"}},{"type":"Feature","geometry":{"type":"Point","coordinates":[106.7,21.3]},"properties":{"id":"MB06128","name":"Khe Sàng","name_en":"Ho Khe Sang","province":"Bắc Ninh","commune":"Đèo Gia","page":"dams/BacNinh/HoKheSang_DeoGia_BacNinh_VN.html"}},{"type":"Feature","geometry":{"type":"Point","coordinates":[102.95,21.3]},"properties":{"id":"MB02706","name":"Nậm Núa","name_en":"Nam Nua","province":"Điện Biên","commune":"Thanh Yên","page":"dams/DienBien/NamNua_ThanhYen_DienBien_VN.html"}},{"type":"Feature","geometry":{"type":"Point","coordinates":[103.85,21.3]},"properties":{"id":"MB9500073","name":"Bản Muông","name_en":"Ho Ban Muong","province":"Sơn La","commune":"Chiềng Cơi","page":"dams/SonLa/HoBanMuong_ChiengCoi_SonLa_VN.html"}},{"type":"Feature","geometry":{"type":"Point","coordinates":[105.759,21.3]},"properties":{"id":"MB01712","name":"Đồng Đò","name_en":"Dong Do","province":"Hà Nội","commune":"Kim Anh","page":"dams/HaNoi/DongDo_KimAnh_HaNoi_VN.html"}},{"type":"Feature","geometry":{"type":"Point","coordinates":[104.5,21.3]},"properties":{"id":"MB01802","name":"Háng Đồng A","name_en":"Hang Dong A","province":"Sơn La","commune":"Tà Xùa","page":"dams/SonLa/HangDongA_TaXua_SonLa_VN.html"}},{"type":"Feature","geometry":{"type":"Point","coordinates":[104.3,21.3]},"properties":{"id":"MB01143","name":"Nậm Chim 2","name_en":"Nam Chim 2","province":"Sơn La","commune":"Xím Vàng","page":"dams/SonLa/NamChim2_XimVang_SonLa_VN.html"}},{"type":"Feature","geometry":{"type":"Point","coordinates":[105.7,21.3]},"properties":{"id":"MB02320","name":"Hồ Đại Lải","name_en":"Dai Lai","province":"Phú Thọ","commune":"Xuân Hòa","page":"dams/PhuTho/DaiLai_XuanHoa_PhuTho_VN.html"}},{"type":"Feature","geometry":{"type":"Point","coordinates":[105.75,21.308]},"properties":{"id":"MB06145","name":"Hồ Lập Đinh","name_en":"Ho Lap Dinh","province":"Phú Thọ","commune":"Xuân Hòa","page":"dams/PhuTho/HoLapDinh_XuanHoa_PhuTho_VN.html"}},{"type":"Feature","geometry":{"type":"Point","coordinates":[105.0,21.3]},"properties":{"id":"MB05650","name":"Thượng Long","name_en":"Thuong Long","province":"Phú Thọ","commune":"Thượng Long","page":"dams/PhuTho/ThuongLong_ThuongLong_PhuTho_VN.html"}},{"type":"Feature","geometry":{"type":"Point","coordinates":[105.741,21.3]},"properties":{"id":"MB06146","name":"Hồ Thanh Cao","name_en":"Ho Thanh Cao","province":"Phú Thọ","commune":"Xuân Hòa","page":"dams/PhuTho/HoThanhCao_XuanHoa_PhuTho_VN.html"}},{"type":"Feature","geometry":{"type":"Point","coordinates":[104.341,21.35]},"properties":{"id":"MB01109","name":"Nậm Chim 1A","name_en":"Nam Chim 1A","province":"Sơn La","commune":"Xím Vàng","page":"dams/SonLa/NamChim1A_XimVang_SonLa_VN.html"}},{"type":"Feature","geometry":{"type":"Point","coordinates":[106.65,21.35]},"properties":{"id":"MB06129","name":"Khuôn Vố","name_en":"Ho Khuon Vo","province":"Bắc Ninh","commune":"Đèo Gia","page":"dams/BacNinh/HoKhuonVo_DeoGia_BacNinh_VN.html"}},{"type":"Feature","geometry":{"type":"Point","coordinates":[104.7,21.35]},"properties":{"id":"MB04032","name":"Suối Chiếu","name_en":"Suoi Chieu","province":"Sơn La","commune":"Mường Cơi","page":"dams/SonLa/SuoiChieu_MuongCoi_SonLa_VN.html"}},{"type":"Feature","geometry":{"type":"Point","coordinates":[104.359,21.35]},"properties":{"id":"MB00957","name":"Xím Vàng 2","name_en":"Xim Vang 2","province":"Sơn La","commune":"Xím Vàng","page":"dams/SonLa/XimVang2_XimVang_SonLa_VN.html"}},{"type":"Feature","geometry":{"type":"Point","coordinates":[106.6,21.35]},"properties":{"id":"MB05441","name":"Hàm Rồng","name_en":"Ham Rong","province":"Bắc Ninh","commune":"Nam Dương","page":"dams/BacNinh/HamRong_NamDuong_BacNinh_VN.html"}},{"type":"Feature","geometry":{"type":"Point","coordinates":[103.4,21.35]},"properties":{"id":"MB02707","name":"Nậm Hóa 2","name_en":"Nam Hoa 2","province":"Sơn La","commune":"Mường Bám","page":"dams/SonLa/NamHoa2_MuongBam_SonLa_VN.html"}},{"type":"Feature","geometry":{"type":"Point","coordinates":[105.709,21.35]},"properties":{"id":"MB06149","name":"Hồ Đồng Câu","name_en":"Ho Dong Cau","province":"Phú Thọ","commune":"Xuân Hòa","page":"dams/PhuTho/HoDongCau_XuanHoa_PhuTho_VN.html"}},{"type":"Feature","geometry":{"type":"Point","coordinates":[105.65,21.35]},"properties":{"id":"MB05466","name":"Hồ Gia Khau","name_en":"Gia Khau","province":"Phú Thọ","commune":"Bình Tuyền","page":"dams/PhuTho/GiaKhau_BinhTuyen_PhuTho_VN.html"}},{"type":"Feature","geometry":{"type":"Point","coordinates":[105.8,21.35]},"properties":{"id":"MB06147","name":"Cầu Bãi","name_en":"Ho Cau Bai","province":"Hà Nội","commune":"Trung Giã","page":"dams/HaNoi/HoCauBai_TrungGia_HaNoi_VN.html"}},{"type":"Feature","geometry":{"type":"Point","coordinates":[107.5,21.35]},"properties":{"id":"MB01359","name":"Khe Táu","name_en":"Khe Tau","province":"Quảng Ninh","commune":"Đông Ngũ","page":"dams/QuangNinh/KheTau_DongNgu_QuangNinh_VN.html"}},{"type":"Feature","geometry":{"type":"Point","coordinates":[106.7,21.35]},"properties":{"id":"MB01361","name":"Hồ Đồng Cốc","name_en":"Ho Dong Coc","province":"Bắc Ninh","commune":"Đèo Gia","page":"dams/BacNinh/HoDongCoc_DeoGia_BacNinh_VN.html"}},{"type":"Feature","geometry":{"type":"Point","coordinates":[103.05,21.35]},"properties":{"id":"MB9500068","name":"Bồ Hóng","name_en":"Bo Hong","province":"Điện Biên","commune":"Mường Thanh","page":"dams/DienBien/BoHong_MuongThanh_DienBien_VN.html"}},{"type":"Feature","geometry":{"type":"Point","coordinates":[106.9,21.35]},"properties":{"id":"MB05455","name":"Khe Đặng","name_en":"Khe Dang","province":"Bắc Ninh","commune":"An Lạc","page":"dams/BacNinh/KheDang_AnLac_BacNinh_VN.html"}},{"type":"Feature","geometry":{"type":"Point","coordinates":[107.4,21.35]},"properties":{"id":"MB01023","name":"Khe Soong","name_en":"Khe Soong","province":"Quảng Ninh","commune":"Tiên Yên","page":"dams/QuangNinh/KheSoong_TienYen_QuangNinh_VN.html"}},{"type":"Feature","geometry":{"type":"Point","coordinates":[106.45,21.35]},"properties":{"id":"MB90082","name":"Thành Nhà Mạc","name_en":"Ho Thanh Nha Mac","province":"Bắc Ninh","commune":"Đông Phú","page":"dams/BacNinh/HoThanhNhaMac_DongPhu_BacNinh_VN.html"}},{"type":"Feature","geometry":{"type":"Point","coordinates":[106.4,21.35]},"properties":{"id":"MB01334","name":"Cây Đa","name_en":"Cay Da","province":"Bắc Ninh","commune":"Đông Phú","page":"dams/BacNinh/CayDa_DongPhu_BacNinh_VN.html"}},{"type":"Feature","geometry":{"type":"Point","coordinates":[102.959,21.4]},"properties":{"id":"MB06143","name":"Hồng Khếnh","name_en":"Hong Khenh","province":"Điện Biên","commune":"Thanh Nưa","page":"dams/DienBien/HongKhenh_ThanhNua_DienBien_VN.html"}},{"type":"Feature","geometry":{"type":"Point","coordinates":[105.641,21.4]},"properties":{"id":"MB05684","name":"Hồ Bản Long","name_en":"Ban Long","province":"Phú Thọ","commune":"Tam Đảo","page":"dams/PhuTho/BanLong_TamDao_PhuTho_VN.html"}},{"type":"Feature","geometry":{"type":"Point","coordinates":[105.7,21.4]},"properties":{"id":"MB05468","name":"Hồ Thanh Lanh","name_en":"Ho Thanh Lanh","province":"Phú Thọ","commune":"Bình Tuyền","page":"dams/PhuTho/HoThanhLanh_BinhTuyen_PhuTho_VN.html"}},{"type":"Feature","geometry":{"type":"Point","coordinates":[105.2,21.4]},"properties":{"id":"MB05653","name":"Trầm Sắt","name_en":"Tram Sat","province":"Phú Thọ","commune":"Âu Cơ","page":"dams/PhuTho/TramSat_AuCo_PhuTho_VN.html"}},{"type":"Feature","geometry":{"type":"Point","coordinates":[104.25,21.4]},"properties":{"id":"MB00898","name":"Suối Lừm 1","name_en":"Suoi Lum 1","province":"Sơn La","commune":"Chiềng Hoa","page":"dams/SonLa/SuoiLum1_ChiengHoa_SonLa_VN.html"}},{"type":"Feature","geometry":{"type":"Point","coordinates":[106.55,21.4]},"properties":{"id":"MB01335","name":"Bầu Lầy","name_en":"Ho Bau Lay","province":"Bắc Ninh","commune":"Chũ","page":"dams/BacNinh/HoBauLay_Chu_BacNinh_VN.html"}},{"type":"Feature","geometry":{"type":"Point","coordinates":[105.659,21.4]},"properties":{"id":"MB01469","name":"Hồ Xạ Hương","name_en":"Ho Xa Huong","province":"Phú Thọ","commune":"Tam Đảo","page":"dams/PhuTho/HoXaHuong_TamDao_PhuTho_VN.html"}},{"type":"Feature","geometry":{"type":"Point","coordinates":[105.8,21.4]},"properties":{"id":"MB05470","name":"Hồ Suối Lạnh","name_en":"Suoi Lanh","province":"Thái Nguyên","commune":"Thành Công","page":"dams/ThaiNguyen/SuoiLanh_ThanhCong_ThaiNguyen_VN.html"}},{"type":"Feature","geometry":{"type":"Point","coordinates":[102.941,21.4]},"properties":{"id":"MB06144","name":"Pe Luông","name_en":"Pe Luong","province":"Điện Biên","commune":"Thanh Nưa","page":"dams/DienBien/PeLuong_ThanhNua_DienBien_VN.html"}},{"type":"Feature","geometry":{"type":"Point","coordinates":[106.3,21.4]},"properties":{"id":"MB05446","name":"Hố Cao","name_en":"Ho Cao","province":"Bắc Ninh","commune":"Kép","page":"dams/BacNinh/HoCao_Kep_BacNinh_VN.html"}},{"type":"Feature","geometry":{"type":"Point","coordinates":[103.95,21.4]},"properties":{"id":"MB01176","name":"Nậm La","name_en":"Nam La","province":"Sơn La","commune":"Chiềng An","page":"dams/SonLa/NamLa_ChiengAn_SonLa_VN.html"}},{"type":"Feature","geometry":{"type":"Point","coordinates":[105.05,21.4]},"properties":{"id":"MB9500066","name":"Đam Thin","name_en":"Dam Thin","province":"Phú Thọ","commune":"Cẩm Khê","page":"dams/PhuTho/DamThin_CamKhe_PhuTho_VN.html"}},{"type":"Feature","geometry":{"type":"Point","coordinates":[103.4,21.4]},"properties":{"id":"MB02708","name":"Nậm Hóa 1","name_en":"Nam Hoa 1","province":"Sơn La","commune":"Mường Bám","page":"dams/SonLa/NamHoa1_MuongBam_SonLa_VN.html"}},{"type":"Feature","geometry":{"type":"Point","coordinates":[105.6,21.4]},"properties":{"id":"MB05686","name":"Hồ Làng Hà","name_en":"Lang Ha","province":"Phú Thọ","commune":"Tam Đảo","page":"dams/PhuTho/LangHa_TamDao_PhuTho_VN.html"}},{"type":"Feature","geometry":{"type":"Point","coordinates":[105.009,21.45]},"properties":{"id":"MB05659","name":"Dộc Giang","name_en":"Doc Giang","province":"Phú Thọ","commune":"Sơn Lương","page":"dams/PhuTho/DocGiang_SonLuong_PhuTho_VN.html"}},{"type":"Feature","geometry":{"type":"Point","coordinates":[105.75,21.45]},"properties":{"id":"MB06148","name":"Hồ Nước Hai","name_en":"Ho Nuoc Hai","province":"Thái Nguyên","commune":"Phúc Thuận","page":"dams/ThaiNguyen/HoNuocHai_PhucThuan_ThaiNguyen_VN.html"}},{"type":"Feature","geometry":{"type":"Point","coordinates":[104.7,21.45]},"properties":{"id":"MB01048","name":"Vực Tuần","name_en":"Vuc Tuan","province":"Lào Cai","commune":"Cát Thịnh","page":"dams/LaoCai/VucTuan_CatThinh_LaoCai_VN.html"}},{"type":"Feature","geometry":{"type":"Point","coordinates":[104.05,21.45]},"properties":{"id":"MB01078","name":"Nậm Bú","name_en":"Nam Bu","province":"Sơn La","commune":"Mường Bú","page":"dams/SonLa/NamBu_MuongBu_SonLa_VN.html"}},{"type":"Feature","geometry":{"type":"Point","coordinates":[104.15,21.45]},"properties":{"id":"MB01050","name":"Chiềng Công 2","name_en":"Chieng Cong 2","province":"Sơn La","commune":"Chiềng Hoa","page":"dams/SonLa/ChiengCong2_ChiengHoa_SonLa_VN.html"}},{"type":"Feature","geometry":{"type":"Point","coordinates":[106.55,21.45]},"properties":{"id":"MB05450","name":"Khuôn Thần","name_en":"Ho Khuon Than","province":"Bắc Ninh","commune":"Kiên Lao","page":"dams/BacNinh/HoKhuonThan_KienLao_BacNinh_VN.html"}},{"type":"Feature","geometry":{"type":"Point","coordinates":[105.4,21.45]},"properties":{"id":"MB05662","name":"Hồ Bò Lạc","name_en":"Bo Lac","province":"Phú Thọ","commune":"Tam Sơn","page":"dams/PhuTho/BoLac_TamSon_PhuTho_VN.html"}},{"type":"Feature","geometry":{"type":"Point","coordinates":[106.6,21.45]},"properties":{"id":"MB05449","name":"Dộc Bấu","name_en":"Doc Bau","province":"Bắc Ninh","commune":"Biên Sơn","page":"dams/BacNinh/DocBau_BienSon_BacNinh_VN.html"}},{"type":"Feature","geometry":{"type":"Point","coordinates":[103.1,21.45]},"properties":{"id":"MB03922","name":"Pa Khoang","name_en":"Pa Khoang","province":"Điện Biên","commune":"Mường Phăng","page":"dams/DienBien/PaKhoang_MuongPhang_DienBien_VN.html"}},{"type":"Feature","geometry":{"type":"Point","coordinates":[103.046,21.457]},"properties":{"id":"MB01102","name":"Nà Lơi","name_en":"Na Loi","province":"Điện Biên","commune":"Mường Phăng","page":"dams/DienBien/NaLoi_MuongPhang_DienBien_VN.html"}},{"type":"Feature","geometry":{"type":"Point","coordinates":[104.25,21.45]},"properties":{"id":"MB01091","name":"Nậm Hồng 1","name_en":"Nam Hong 1","province":"Sơn La","commune":"Chiềng Hoa","page":"dams/SonLa/NamHong1_ChiengHoa_SonLa_VN.html"}},{"type":"Feature","geometry":{"type":"Point","coordinates":[104.45,21.45]},"properties":{"id":"MB01837","name":"Pa Hu","name_en":"Pa Hu","province":"Lào Cai","commune":"Phình Hồ","page":"dams/LaoCai/PaHu_PhinhHo_LaoCai_VN.html"}},{"type":"Feature","geometry":{"type":"Point","coordinates":[103.059,21.45]},"properties":{"id":"MB01012","name":"Nậm Khẩu Hu","name_en":"Nam Khau Hu","province":"Điện Biên","commune":"Thanh Nưa","page":"dams/DienBien/NamKhauHu_ThanhNua_DienBien_VN.html"}},{"type":"Feature","geometry":{"type":"Point","coordinates":[106.3,21.45]},"properties":{"id":"MB9500045","name":"Cầu Cài","name_en":"Cau Cai","province":"Bắc Ninh","commune":"Bố Hạ","page":"dams/BacNinh/CauCai_BoHa_BacNinh_VN.html"}},{"type":"Feature","geometry":{"type":"Point","coordinates":[103.75,21.45]},"properties":{"id":"MB01106","name":"Chiềng Ngàm Thượng","name_en":"Chieng Ngam Thuong","province":"Sơn La","commune":"Chiềng La","page":"dams/SonLa/ChiengNgamThuong_ChiengLa_SonLa_VN.html"}},{"type":"Feature","geometry":{"type":"Point","coordinates":[106.4,21.45]},"properties":{"id":"MB9500028","name":"Cốc Lùng","name_en":"Coc Lung","province":"Lạng Sơn","commune":"Tuấn Sơn","page":"dams/LangSon/CocLung_TuanSon_LangSon_VN.html"}},{"type":"Feature","geometry":{"type":"Point","coordinates":[104.2,21.45]},"properties":{"id":"MB00636","name":"Chiềng Công 1","name_en":"Chieng Cong 1","province":"Sơn La","commune":"Chiềng Hoa","page":"dams/SonLa/ChiengCong1_ChiengHoa_SonLa_VN.html"}},{"type":"Feature","geometry":{"type":"Point","coordinates":[104.991,21.45]},"properties":{"id":"MB05660","name":"Ban","name_en":"Ban","province":"Phú Thọ","commune":"Tiên Lương","page":"dams/PhuTho/Ban_TienLuong_PhuTho_VN.html"}},{"type":"Feature","geometry":{"type":"Point","coordinates":[105.359,21.45]},"properties":{"id":"MB05656","name":"Dộc Mai","name_en":"Doc Mai","province":"Phú Thọ","commune":"Hải Lựu","page":"dams/PhuTho/DocMai_HaiLuu_PhuTho_VN.html"}},{"type":"Feature","geometry":{"type":"Point","coordinates":[103.8,21.5]},"properties":{"id":"MB00975","name":"Chieng Ngam","name_en":"Chieng Ngam","province":"Sơn La","commune":"Chiềng La","page":"dams/SonLa/ChiengNgam_ChiengLa_SonLa_VN.html"}},{"type":"Feature","geometry":{"type":"Point","coordinates":[106.1,21.5]},"properties":{"id":"MB05473","name":"Cầu Rễ","name_en":"Cau Re","province":"Bắc Ninh","commune":"Tam Tiến","page":"dams/BacNinh/CauRe_TamTien_BacNinh_VN.html"}},{"type":"Feature","geometry":{"type":"Point","coordinates":[105.409,21.5]},"properties":{"id":"MB00152","name":"Hồ Suối Sải","name_en":"Suoi Sai","province":"Phú Thọ","commune":"Yên Lãng","page":"dams/PhuTho/SuoiSai_YenLang_PhuTho_VN.html"}},{"type":"Feature","geometry":{"type":"Point","coordinates":[104.2,21.5]},"properties":{"id":"MB01104","name":"Nậm Xá","name_en":"Nam Xa","province":"Sơn La","commune":"Chiềng Hoa","page":"dams/SonLa/NamXa_ChiengHoa_SonLa_VN.html"}},{"type":"Feature","geometry":{"type":"Point","coordinates":[105.55,21.5]},"properties":{"id":"MB06150","name":"Hồ Đồng Mỏ","name_en":"Ho Dong Mo","province":"Phú Thọ","commune":"Đạo Trù","page":"dams/PhuTho/HoDongMo_DaoTru_PhuTho_VN.html"}},{"type":"Feature","geometry":{"type":"Point","coordinates":[104.0,21.5]},"properties":{"id":"MB00125","name":"Sơn La","name_en":"Son La","province":"Sơn La","commune":"Mường La","page":"dams/SonLa/SonLa_MuongLa_SonLa_VN.html"}},{"type":"Feature","geometry":{"type":"Point","coordinates":[104.109,21.5]},"properties":{"id":"MB00760","name":"Nậm Chiến 2","name_en":"Nam Chien 2","province":"Sơn La","commune":"Mường La","page":"dams/SonLa/NamChien2_MuongLa_SonLa_VN.html"}},{"type":"Feature","geometry":{"type":"Point","coordinates":[104.45,21.5]},"properties":{"id":"MB01187","name":"Trạm Tấu","name_en":"Tram Tau","province":"Lào Cai","commune":"Trạm Tấu","page":"dams/LaoCai/TramTau_TramTau_LaoCai_VN.html"}},{"type":"Feature","geometry":{"type":"Point","coordinates":[104.35,21.5]},"properties":{"id":"MB01045","name":"Hát Lìu","name_en":"Hat Liu","province":"Lào Cai","commune":"Hạnh Phúc","page":"dams/LaoCai/HatLiu_HanhPhuc_LaoCai_VN.html"}},{"type":"Feature","geometry":{"type":"Point","coordinates":[105.459,21.5]},"properties":{"id":"MB05688","name":"Hải Mô","name_en":"Hai Mo","province":"Tuyên Quang","commune":"Phú Lương","page":"dams/TuyenQuang/HaiMo_PhuLuong_TuyenQuang_VN.html"}},{"type":"Feature","geometry":{"type":"Point","coordinates":[104.091,21.5]},"properties":{"id":"MB01105","name":"Chiềng Muôn","name_en":"Chieng Muon","province":"Sơn La","commune":"Mường La","page":"dams/SonLa/ChiengMuon_MuongLa_SonLa_VN.html"}},{"type":"Feature","geometry":{"type":"Point","coordinates":[106.2,21.5]},"properties":{"id":"MB05476","name":"Chiến Thắng","name_en":"Chien Thang","province":"Lạng Sơn","commune":"Thiện Tân","page":"dams/LangSon/ChienThang_ThienTan_LangSon_VN.html"}},{"type":"Feature","geometry":{"type":"Point","coordinates":[105.65,21.55]},"properties":{"id":"MB05687","name":"Hồ Gò Miếu","name_en":"Go Mieu","province":"Thái Nguyên","commune":"Vạn Phú","page":"dams/ThaiNguyen/GoMieu_VanPhu_ThaiNguyen_VN.html"}},{"type":"Feature","geometry":{"type":"Point","coordinates":[107.85,21.55]},"properties":{"id":"MB9500053","name":"Dân Tiến","name_en":"Dan Tien","province":"Quảng Ninh","commune":"Hải Ninh","page":"dams/QuangNinh/DanTien_HaiNinh_QuangNinh_VN.html"}},{"type":"Feature","geometry":{"type":"Point","coordinates":[106.5,21.55]},"properties":{"id":"MB04008","name":"Cấm Sơn","name_en":"Cam Son","province":"Lạng Sơn","commune":"Tân Thành","page":"dams/LangSon/CamSon_TanThanh_LangSon_VN.html"}},{"type":"Feature","geometry":{"type":"Point","coordinates":[107.9,21.55]},"properties":{"id":"MB05459","name":"Quất Đông","name_en":"Ho Quat Dong","province":"Quảng Ninh","commune":"Móng Cái 3","page":"dams/QuangNinh/HoQuatDong_MongCai3_QuangNinh_VN.html"}},{"type":"Feature","geometry":{"type":"Point","coordinates":[105.4,21.55]},"properties":{"id":"MB05689","name":"Hoa Lũng","name_en":"Hoa Lung","province":"Tuyên Quang","commune":"Phú Lương","page":"dams/TuyenQuang/HoaLung_PhuLuong_TuyenQuang_VN.html"}},{"type":"Feature","geometry":{"type":"Point","coordinates":[104.6,21.55]},"properties":{"id":"MB01054","name":"Phinh Ho","name_en":"Phinh Ho","province":"Lào Cai","commune":"Văn Chấn","page":"dams/LaoCai/PhinhHo_VanChan_LaoCai_VN.html"}},{"type":"Feature","geometry":{"type":"Point","coordinates":[105.509,21.55]},"properties":{"id":"MB01514","name":"Hoàng Tân/Ninh Lai","name_en":"Ho Hoang Tan","province":"Tuyên Quang","commune":"Sơn Thủy","page":"dams/TuyenQuang/HoHoangTan_SonThuy_TuyenQuang_VN.html"}},{"type":"Feature","geometry":{"type":"Point","coordinates":[106.109,21.55]},"properties":{"id":"MB04119","name":"Quỳnh","name_en":"Quynh","province":"Bắc Ninh","commune":"Xuân Lương","page":"dams/BacNinh/Quynh_XuanLuong_BacNinh_VN.html"}},{"type":"Feature","geometry":{"type":"Point","coordinates":[105.459,21.55]},"properties":{"id":"MB01520","name":"Khoan Lư","name_en":"Khoan Lu","province":"Tuyên Quang","commune":"Sơn Thủy","page":"dams/TuyenQuang/KhoanLu_SonThuy_TuyenQuang_VN.html"}},{"type":"Feature","geometry":{"type":"Point","coordinates":[105.75,21.55]},"properties":{"id":"MB01340","name":"Núi Cốc","name_en":"Ho Nui Coc","province":"Thái Nguyên","commune":"Đại Phúc","page":"dams/ThaiNguyen/HoNuiCoc_DaiPhuc_ThaiNguyen_VN_MB01340.html"}},{"type":"Feature","geometry":{"type":"Point","coordinates":[103.55,21.55]},"properties":{"id":"MB9500074","name":"Lái Bay","name_en":"Ho Lai Bay","province":"Sơn La","commune":"Bình Thuận","page":"dams/SonLa/HoLaiBay_BinhThuan_SonLa_VN.html"}},{"type":"Feature","geometry":{"type":"Point","coordinates":[104.9,21.55]},"properties":{"id":"MB05665","name":"Hàm Kỳ","name_en":"Ham Ky","province":"Phú Thọ","commune":"Hiền Lương","page":"dams/PhuTho/HamKy_HienLuong_PhuTho_VN.html"}},{"type":"Feature","geometry":{"type":"Point","coordinates":[106.05,21.55]},"properties":{"id":"MB05461","name":"Ngạc Hai","name_en":"Ngac Hai","province":"Bắc Ninh","commune":"Xuân Lương","page":"dams/BacNinh/NgacHai_XuanLuong_BacNinh_VN.html"}},{"type":"Feature","geometry":{"type":"Point","coordinates":[104.459,21.6]},"properties":{"id":"MB01111","name":"Nậm Đông IV","name_en":"Nam Dong 3","province":"Lào Cai","commune":"Nghĩa Lộ","page":"dams/LaoCai/NamDong3_NghiaLo_LaoCai_VN.html"}},{"type":"Feature","geometry":{"type":"Point","coordinates":[106.2,21.6]},"properties":{"id":"MB01365","name":"Đắp Đề","name_en":"Dap De","province":"Lạng Sơn","commune":"Thiện Tân","page":"dams/LangSon/DapDe_ThienTan_LangSon_VN.html"}},{"type":"Feature","geometry":{"type":"Point","coordinates":[105.009,21.55]},"properties":{"id":"MB05666","name":"Lửa Việt","name_en":"Lua Viet","province":"Phú Thọ","commune":"Hạ Hòa","page":"dams/PhuTho/LuaViet_HaHoa_PhuTho_VN.html"}},{"type":"Feature","geometry":{"type":"Point","coordinates":[104.4,21.6]},"properties":{"id":"MB01128","name":"Nam Dong 4","name_en":"Nam Dong 4","province":"Lào Cai","commune":"Trạm Tấu","page":"dams/LaoCai/NamDong4_TramTau_LaoCai_VN.html"}},{"type":"Feature","geometry":{"type":"Point","coordinates":[106.009,21.6]},"properties":{"id":"MB9500041","name":"Hồ Cặp Kè","name_en":"Cap Ke","province":"Thái Nguyên","commune":"Trại Cau","page":"dams/ThaiNguyen/CapKe_TraiCau_ThaiNguyen_VN.html"}},{"type":"Feature","geometry":{"type":"Point","coordinates":[104.15,21.6]},"properties":{"id":"MB04115","name":"Nậm Chiến","name_en":"Nam Chien 1","province":"Sơn La","commune":"Ngọc Chiến","page":"dams/SonLa/NamChien1_NgocChien_SonLa_VN.html"}},{"type":"Feature","geometry":{"type":"Point","coordinates":[104.9,21.6]},"properties":{"id":"MB04385","name":"Ho Ngoi Van","name_en":"Ho Ngoi Van","province":"Phú Thọ","commune":"Hiền Lương","page":"dams/PhuTho/HoNgoiVan_HienLuong_PhuTho_VN.html"}},{"type":"Feature","geometry":{"type":"Point","coordinates":[105.45,21.6]},"properties":{"id":"MB9500013","name":"Tân Dân","name_en":"Ho Tan Dan","province":"Tuyên Quang","commune":"Tân Thanh","page":"dams/TuyenQuang/HoTanDan_TanThanh_TuyenQuang_VN.html"}},{"type":"Feature","geometry":{"type":"Point","coordinates":[104.75,21.6]},"properties":{"id":"MB00964","name":"Hung Kannh","name_en":"Hung Kannh","province":"Lào Cai","commune":"Hưng Khánh","page":"dams/LaoCai/HungKannh_HungKhanh_LaoCai_VN.html"}},{"type":"Feature","geometry":{"type":"Point","coordinates":[105.309,21.6]},"properties":{"id":"MB05657","name":"Khe Thuyền","name_en":"Khe Thuyen","province":"Tuyên Quang","commune":"Hồng Sơn","page":"dams/TuyenQuang/KheThuyen_HongSon_TuyenQuang_VN.html"}},{"type":"Feature","geometry":{"type":"Point","coordinates":[104.95,21.6]},"properties":{"id":"MB07343","name":"Đầm Chì","name_en":"Dam Chi","province":"Phú Thọ","commune":"Hiền Lương","page":"dams/PhuTho/DamChi_HienLuong_PhuTho_VN.html"}},{"type":"Feature","geometry":{"type":"Point","coordinates":[103.0,21.6]},"properties":{"id":"MB03026","name":"Huoi Chan 1","name_en":"Huoi Chan 1","province":"Điện Biên","commune":"Mường Pồn","page":"dams/DienBien/HuoiChan1_MuongPon_DienBien_VN.html"}},{"type":"Feature","geometry":{"type":"Point","coordinates":[104.441,21.6]},"properties":{"id":"MB01841","name":"Nam Tuc","name_en":"Nam Tuc","province":"Lào Cai","commune":"Gia Hội","page":"dams/LaoCai/NamTuc_GiaHoi_LaoCai_VN.html"}},{"type":"Feature","geometry":{"type":"Point","coordinates":[105.6,21.6]},"properties":{"id":"MB06153","name":"Hồ Đoàn Uỷ","name_en":"Ho Doan Uy","province":"Thái Nguyên","commune":"Đại Từ","page":"dams/ThaiNguyen/HoDoanUy_DaiTu_ThaiNguyen_VN.html"}},{"type":"Feature","geometry":{"type":"Point","coordinates":[105.759,21.6]},"properties":{"id":"MB05477","name":"Hồ Phượng Hoàng","name_en":"Phuong Hoang","province":"Thái Nguyên","commune":"An Khánh","page":"dams/ThaiNguyen/PhuongHoang_AnKhanh_ThaiNguyen_VN.html"}},{"type":"Feature","geometry":{"type":"Point","coordinates":[104.15,21.65]},"properties":{"id":"MB01843","name":"Nậm Khốt","name_en":"Nam Khot","province":"Sơn La","commune":"Ngọc Chiến","page":"dams/SonLa/NamKhot_NgocChien_SonLa_VN.html"}},{"type":"Feature","geometry":{"type":"Point","coordinates":[105.3,21.65]},"properties":{"id":"MB05890","name":"Như Xuyên","name_en":"Nhu Xuyen","province":"Tuyên Quang","commune":"Đông Thọ","page":"dams/TuyenQuang/NhuXuyen_DongTho_TuyenQuang_VN.html"}},{"type":"Feature","geometry":{"type":"Point","coordinates":[104.95,21.65]},"properties":{"id":"MB05667","name":"Đồng Phai","name_en":"Dong Phai","province":"Phú Thọ","commune":"Đan Thượng","page":"dams/PhuTho/DongPhai_DanThuong_PhuTho_VN.html"}},{"type":"Feature","geometry":{"type":"Point","coordinates":[104.9,21.65]},"properties":{"id":"MB05668","name":"Đầm Hậu","name_en":"Dam Hau","province":"Lào Cai","commune":"Âu Lâu","page":"dams/LaoCai/DamHau_AuLau_LaoCai_VN.html"}},{"type":"Feature","geometry":{"type":"Point","coordinates":[103.05,21.65]},"properties":{"id":"MB01126","name":"Huoi Vang","name_en":"Huoi Vang","province":"Điện Biên","commune":"Mường Pồn","page":"dams/DienBien/HuoiVang_MuongPon_DienBien_VN.html"}},{"type":"Feature","geometry":{"type":"Point","coordinates":[105.55,21.65]},"properties":{"id":"MB05692","name":"Phú Xuyên","name_en":"Phu Xuyen","province":"Thái Nguyên","commune":"Phú Xuyên","page":"dams/ThaiNguyen/PhuXuyen_PhuXuyen_ThaiNguyen_VN.html"}},{"type":"Feature","geometry":{"type":"Point","coordinates":[104.55,21.7]},"properties":{"id":"MB01037","name":"Văn Chấn","name_en":"Sai Luong","province":"Lào Cai","commune":"Sơn Lương","page":"dams/LaoCai/SaiLuong_SonLuong_LaoCai_VN.html"}},{"type":"Feature","geometry":{"type":"Point","coordinates":[104.6,21.7]},"properties":{"id":"MB04193","name":"Thác Cá 1","name_en":"Thac Ca 1","province":"Lào Cai","commune":"Mỏ Vàng","page":"dams/LaoCai/ThacCa1_MoVang_LaoCai_VN.html"}},{"type":"Feature","geometry":{"type":"Point","coordinates":[106.95,21.7]},"properties":{"id":"MB01463","name":"Hồ Nà Cáy","name_en":"Ho Na Cay","province":"Lạng Sơn","commune":"Na Dương","page":"dams/LangSon/HoNaCay_NaDuong_LangSon_VN.html"}},{"type":"Feature","geometry":{"type":"Point","coordinates":[103.9,21.7]},"properties":{"id":"MB04104","name":"Huội Quảng","name_en":"Huoi Quang","province":"Lai Châu","commune":"Khoen On","page":"dams/LaiChau/HuoiQuang_KhoenOn_LaiChau_VN.html"}},{"type":"Feature","geometry":{"type":"Point","coordinates":[105.1,21.7]},"properties":{"id":"MB9500017","name":"An Khê","name_en":"Ho An Khe","province":"Tuyên Quang","commune":"Nhữ Khê","page":"dams/TuyenQuang/HoAnKhe_NhuKhe_TuyenQuang_VN.html"}},{"type":"Feature","geometry":{"type":"Point","coordinates":[103.2,21.7]},"properties":{"id":"MB01191","name":"Long Tạo","name_en":"Nam Phang A","province":"Điện Biên","commune":"Nậm Nèn","page":"dams/DienBien/NamPhangA_NamNen_DienBien_VN.html"}},{"type":"Feature","geometry":{"type":"Point","coordinates":[107.009,21.7]},"properties":{"id":"MB05478","name":"Tà Keo","name_en":"Ta Keo","province":"Lạng Sơn","commune":"Lợi Bác","page":"dams/LangSon/TaKeo_LoiBac_LangSon_VN.html"}},{"type":"Feature","geometry":{"type":"Point","coordinates":[105.209,21.7]},"properties":{"id":"MB01682","name":"Kỳ Lãm","name_en":"Ky Lam","province":"Tuyên Quang","commune":"Bình Thuận","page":"dams/TuyenQuang/KyLam_BinhThuan_TuyenQuang_VN.html"}},{"type":"Feature","geometry":{"type":"Point","coordinates":[104.65,21.75]},"properties":{"id":"MB01813","name":"Thác Cá 2","name_en":"Thac Ca 2","province":"Lào Cai","commune":"Mỏ Vàng","page":"dams/LaoCai/ThacCa2_MoVang_LaoCai_VN.html"}},{"type":"Feature","geometry":{"type":"Point","coordinates":[105.0,21.75]},"properties":{"id":"MB04044","name":"Thác Bà","name_en":"Ho Thac Ba; Song Chay","province":"Lào Cai","commune":"Thác Bà","page":"dams/LaoCai/HoThacBa_ThacBa_LaoCai_VN.html"}},{"type":"Feature","geometry":{"type":"Point","coordinates":[103.9,21.75]},"properties":{"id":"MB01844","name":"Nậm Mở 3","name_en":"Nam Mo 3","province":"Lai Châu","commune":"Khoen On","page":"dams/LaiChau/NamMo3_KhoenOn_LaiChau_VN.html"}},{"type":"Feature","geometry":{"type":"Point","coordinates":[105.2,21.75]},"properties":{"id":"MB05671","name":"Hoàng Khai","name_en":"Hoang Khai","province":"Tuyên Quang","commune":"An Tường","page":"dams/TuyenQuang/HoangKhai_AnTuong_TuyenQuang_VN.html"}},{"type":"Feature","geometry":{"type":"Point","coordinates":[103.05,21.75]},"properties":{"id":"MB01171","name":"Muong Muon","name_en":"Muong Muon","province":"Điện Biên","commune":"Na Sang","page":"dams/DienBien/MuongMuon_NaSang_DienBien_VN.html"}},{"type":"Feature","geometry":{"type":"Point","coordinates":[104.9,21.75]},"properties":{"id":"MB05673","name":"Hồ Chóp Dù","name_en":"Dap Chop Du","province":"Lào Cai","commune":"Nam Cường","page":"dams/LaoCai/DapChopDu_NamCuong_LaoCai_VN.html"}},{"type":"Feature","geometry":{"type":"Point","coordinates":[105.1,21.75]},"properties":{"id":"MB05672","name":"Đình","name_en":"Dinh","province":"Tuyên Quang","commune":"Mỹ Lâm","page":"dams/TuyenQuang/Dinh_MyLam_TuyenQuang_VN.html"}},{"type":"Feature","geometry":{"type":"Point","coordinates":[104.6,21.8]},"properties":{"id":"MB01859","name":"Na Hau","name_en":"Na Hau","province":"Lào Cai","commune":"Mỏ Vàng","page":"dams/LaoCai/NaHau_MoVang_LaoCai_VN.html"}},{"type":"Feature","geometry":{"type":"Point","coordinates":[104.441,21.8]},"properties":{"id":"MB01095","name":"Ngòi Hút 2A","name_en":"Ngoi Hut 2A","province":"Lào Cai","commune":"Phong Dụ Thượng","page":"dams/LaoCai/NgoiHut2A_PhongDuThuong_LaoCai_VN.html"}},{"type":"Feature","geometry":{"type":"Point","coordinates":[103.309,21.8]},"properties":{"id":"MB01122","name":"Nậm Mu","name_en":"Nam Mu","province":"Điện Biên","commune":"Mường Mùn","page":"dams/DienBien/NamMu_MuongMun_DienBien_VN.html"}},{"type":"Feature","geometry":{"type":"Point","coordinates":[105.05,21.8]},"properties":{"id":"MB05674","name":"Hang Luồn","name_en":"Hang Luon","province":"Lào Cai","commune":"Thác Bà","page":"dams/LaoCai/HangLuon_ThacBa_LaoCai_VN.html"}},{"type":"Feature","geometry":{"type":"Point","coordinates":[104.15,21.8]},"properties":{"id":"MB01011","name":"Ma Lừ Thàng","name_en":"Ma Lu Thang","province":"Lào Cai","commune":"Púng Luông","page":"dams/LaoCai/MaLuThang_PungLuong_LaoCai_VN.html"}},{"type":"Feature","geometry":{"type":"Point","coordinates":[104.35,21.8]},"properties":{"id":"MB03235","name":"Ngòi Hút 2","name_en":"Ngoi Hut 2","province":"Lào Cai","commune":"Tú Lệ","page":"dams/LaoCai/NgoiHut2_TuLe_LaoCai_VN.html"}},{"type":"Feature","geometry":{"type":"Point","coordinates":[103.291,21.8]},"properties":{"id":"MB04109","name":"Nậm Mức","name_en":"Nam Muc","province":"Điện Biên","commune":"Nậm Nèn","page":"dams/DienBien/NamMuc_NamNen_DienBien_VN.html"}},{"type":"Feature","geometry":{"type":"Point","coordinates":[104.459,21.8]},"properties":{"id":"MB00821","name":"Ngòi Hút 1","name_en":"Ngoi Hut 1","province":"Lào Cai","commune":"Phong Dụ Thượng","page":"dams/LaoCai/NgoiHut1_PhongDuThuong_LaoCai_VN.html"}},{"type":"Feature","geometry":{"type":"Point","coordinates":[103.4,21.8]},"properties":{"id":"MB01083","name":"Nam Pay","name_en":"Nam Pay","province":"Điện Biên","commune":"Tủa Chùa","page":"dams/DienBien/NamPay_TuaChua_DienBien_VN.html"}},{"type":"Feature","geometry":{"type":"Point","coordinates":[104.65,21.8]},"properties":{"id":"MB03044","name":"Đồng Sung","name_en":"Dong Sung","province":"Lào Cai","commune":"Xuân Ái","page":"dams/LaoCai/DongSung_XuanAi_LaoCai_VN.html"}},{"type":"Feature","geometry":{"type":"Point","coordinates":[105.459,21.8]},"properties":{"id":"MB9500019","name":"Trung Long","name_en":"Ho Trung Long","province":"Tuyên Quang","commune":"Tân Trào","page":"dams/TuyenQuang/HoTrungLong_TanTrao_TuyenQuang_VN.html"}},{"type":"Feature","geometry":{"type":"Point","coordinates":[105.159,21.8]},"properties":{"id":"MB05675","name":"Ngòi Là 2","name_en":"Dap Trung La","province":"Tuyên Quang","commune":"Minh Xuân","page":"dams/TuyenQuang/DapTrungLa_MinhXuan_TuyenQuang_VN.html"}},{"type":"Feature","geometry":{"type":"Point","coordinates":[104.7,21.8]},"properties":{"id":"MB05676","name":"Khe Vải","name_en":"Khe Vai","province":"Lào Cai","commune":"Xuân Ái","page":"dams/LaoCai/KheVai_XuanAi_LaoCai_VN.html"}},{"type":"Feature","geometry":{"type":"Point","coordinates":[106.3,21.8]},"properties":{"id":"MB02548","name":"Hồ Vũ Lăng","name_en":"Vu Lang","province":"Lạng Sơn","commune":"Vũ Lăng","page":"dams/LangSon/VuLang_VuLang_LangSon_VN.html"}},{"type":"Feature","geometry":{"type":"Point","coordinates":[106.75,21.8]},"properties":{"id":"MB9500023","name":"Lẩu Xá","name_en":"Lau Xa","province":"Lạng Sơn","commune":"Đông Kinh","page":"dams/LangSon/LauXa_DongKinh_LangSon_VN.html"}},{"type":"Feature","geometry":{"type":"Point","coordinates":[106.6,21.85]},"properties":{"id":"MB9500031","name":"Bản Nầng","name_en":"Ban Nang","province":"Lạng Sơn","commune":"Tân Đoàn","page":"dams/LangSon/BanNang_TanDoan_LangSon_VN.html"}},{"type":"Feature","geometry":{"type":"Point","coordinates":[104.25,21.85]},"properties":{"id":"MB01068","name":"Thao Sa Chai","name_en":"Thao Sa Chai","province":"Lào Cai","commune":"Nậm Có","page":"dams/LaoCai/ThaoSaChai_NamCo_LaoCai_VN.html"}},{"type":"Feature","geometry":{"type":"Point","coordinates":[104.05,21.85]},"properties":{"id":"MB04108","name":"Khao Mang","name_en":"Khao Mang 1","province":"Lào Cai","commune":"Lao Chải","page":"dams/LaoCai/KhaoMang1_LaoChai_LaoCai_VN.html"}},{"type":"Feature","geometry":{"type":"Point","coordinates":[105.45,21.85]},"properties":{"id":"MB01466","name":"Làng Thang","name_en":"Lang Thang","province":"Tuyên Quang","commune":"Tân Trào","page":"dams/TuyenQuang/LangThang_TanTrao_TuyenQuang_VN.html"}},{"type":"Feature","geometry":{"type":"Point","coordinates":[103.85,21.85]},"properties":{"id":"MB01645","name":"Bản Chát","name_en":"Ban Chat","province":"Lai Châu","commune":"Mường Kim","page":"dams/LaiChau/BanChat_MuongKim_LaiChau_VN.html"}},{"type":"Feature","geometry":{"type":"Point","coordinates":[104.0,21.85]},"properties":{"id":"MB03189","name":"Khao Mang Thượng","name_en":"Khao Mang Thuong","province":"Lào Cai","commune":"Khao Mang","page":"dams/LaoCai/KhaoMangThuong_KhaoMang_LaoCai_VN.html"}},{"type":"Feature","geometry":{"type":"Point","coordinates":[103.9,21.85]},"properties":{"id":"MB00748","name":"Mường Kim","name_en":"Muong Kim","province":"Lào Cai","commune":"Khao Mang","page":"dams/LaoCai/MuongKim_KhaoMang_LaoCai_VN.html"}},{"type":"Feature","geometry":{"type":"Point","coordinates":[103.9,21.9]},"properties":{"id":"MB01123","name":"Mường Kim II","name_en":"Muong Kim II","province":"Lào Cai","commune":"Khao Mang","page":"dams/LaoCai/MuongKim2_KhaoMang_LaoCai_VN.html"}},{"type":"Feature","geometry":{"type":"Point","coordinates":[106.65,21.9]},"properties":{"id":"MB03048","name":"Khanh Khe","name_en":"Khanh Khe","province":"Lạng Sơn","commune":"Khánh Khê","page":"dams/LangSon/KhanhKhe_KhanhKhe_LangSon_VN.html"}},{"type":"Feature","geometry":{"type":"Point","coordinates":[103.95,21.9]},"properties":{"id":"MB01764","name":"Hồ Bốn","name_en":"Ho Bon","province":"Lào Cai","commune":"Khao Mang","page":"dams/LaoCai/HoBon_KhaoMang_LaoCai_VN.html"}},{"type":"Feature","geometry":{"type":"Point","coordinates":[106.55,21.9]},"properties":{"id":"MB04006","name":"Ban Quyen","name_en":"Ban Quyen","province":"Lạng Sơn","commune":"Văn Quan","page":"dams/LangSon/BanQuyen_VanQuan_LangSon_VN.html"}},{"type":"Feature","geometry":{"type":"Point","coordinates":[104.341,21.9]},"properties":{"id":"MB01144","name":"Nậm Tha 3","name_en":"Nam Tha 3","province":"Lào Cai","commune":"Chiềng Ken","page":"dams/LaoCai/NamTha3_ChiengKen_LaoCai_VN.html"}},{"type":"Feature","geometry":{"type":"Point","coordinates":[106.759,21.9]},"properties":{"id":"MB01503","name":"Nà Tâm","name_en":"Na Tam","province":"Lạng Sơn","commune":"Tam Thanh","page":"dams/LangSon/NaTam_TamThanh_LangSon_VN.html"}},{"type":"Feature","geometry":{"type":"Point","coordinates":[105.609,21.9]},"properties":{"id":"MB05693","name":"Hồ Bảo Linh","name_en":"Bao Linh","province":"Thái Nguyên","commune":"Định Hóa","page":"dams/ThaiNguyen/BaoLinh_DinhHoa_ThaiNguyen_VN.html"}},{"type":"Feature","geometry":{"type":"Point","coordinates":[104.55,21.9]},"properties":{"id":"MB01024","name":"Làng Bằng","name_en":"Lang Bang","province":"Lào Cai","commune":"Phong Dụ Hạ","page":"dams/LaoCai/LangBang_PhongDuHa_LaoCai_VN.html"}},{"type":"Feature","geometry":{"type":"Point","coordinates":[105.15,21.9]},"properties":{"id":"MB01727","name":"Sông Lô 8B","name_en":"Song Lo 8B","province":"Tuyên Quang","commune":"Yên Sơn","page":"dams/TuyenQuang/SongLo8B_YenSon_TuyenQuang_VN.html"}},{"type":"Feature","geometry":{"type":"Point","coordinates":[104.359,21.9]},"properties":{"id":"MB01136","name":"Nậm Tha 4","name_en":"Nam Tha 4","province":"Lào Cai","commune":"Chiềng Ken","page":"dams/LaoCai/NamTha4_ChiengKen_LaoCai_VN.html"}},{"type":"Feature","geometry":{"type":"Point","coordinates":[104.4,21.9]},"properties":{"id":"MB01154","name":"Nậm Tha 5","name_en":"Nam Tha 5","province":"Lào Cai","commune":"Chiềng Ken","page":"dams/LaoCai/NamTha5_ChiengKen_LaoCai_VN.html"}},{"type":"Feature","geometry":{"type":"Point","coordinates":[104.4,21.95]},"properties":{"id":"MB01063","name":"Nậm Tha 6","name_en":"Nam Tha 6","province":"Lào Cai","commune":"Chiềng Ken","page":"dams/LaoCai/NamTha6_ChiengKen_LaoCai_VN.html"}},{"type":"Feature","geometry":{"type":"Point","coordinates":[104.15,21.95]},"properties":{"id":"MB01152","name":"Nậm Xây Luông","name_en":"Nam Xay Luang","province":"Lào Cai","commune":"Minh Lương","page":"dams/LaoCai/NamXayLuang_MinhLuong_LaoCai_VN.html"}},{"type":"Feature","geometry":{"type":"Point","coordinates":[104.35,21.95]},"properties":{"id":"MB00997","name":"Phú Mậu 1","name_en":"Phu Mao 1","province":"Lào Cai","commune":"Khánh Yên","page":"dams/LaoCai/PhuMao1_KhanhYen_LaoCai_VN.html"}},{"type":"Feature","geometry":{"type":"Point","coordinates":[104.05,21.95]},"properties":{"id":"MB01133","name":"Nam Xay Noi 2","name_en":"Nam Xay Noi 2","province":"Lào Cai","commune":"Minh Lương","page":"dams/LaoCai/NamXayNoi2_MinhLuong_LaoCai_VN.html"}},{"type":"Feature","geometry":{"type":"Point","coordinates":[106.35,21.95]},"properties":{"id":"MB05483","name":"Phai Danh","name_en":"Phai Danh","province":"Lạng Sơn","commune":"Bình Gia","page":"dams/LangSon/PhaiDanh_BinhGia_LangSon_VN.html"}},{"type":"Feature","geometry":{"type":"Point","coordinates":[105.1,21.95]},"properties":{"id":"MB05678","name":"Ô Rô","name_en":"O Ro","province":"Tuyên Quang","commune":"Thái Hòa","page":"dams/TuyenQuang/ORo_ThaiHoa_TuyenQuang_VN.html"}},{"type":"Feature","geometry":{"type":"Point","coordinates":[104.341,22.0]},"properties":{"id":"MB00986","name":"Phu Mao 2","name_en":"Phu Mao 2","province":"Lào Cai","commune":"Khánh Yên","page":"dams/LaoCai/PhuMao2_KhanhYen_LaoCai_VN.html"}},{"type":"Feature","geometry":{"type":"Point","coordinates":[104.05,22.0]},"properties":{"id":"MB01816","name":"Nậm Xây Luông 4-5","name_en":"Nam Xay Luang 4-5","province":"Lào Cai","commune":"Minh Lương","page":"dams/LaoCai/NamXayLuang45_MinhLuong_LaoCai_VN.html"}},{"type":"Feature","geometry":{"type":"Point","coordinates":[104.359,22.0]},"properties":{"id":"MB00976","name":"Phu Mao 3","name_en":"Phu Mao 3","province":"Lào Cai","commune":"Khánh Yên","page":"dams/LaoCai/PhuMao3_KhanhYen_LaoCai_VN.html"}},{"type":"Feature","geometry":{"type":"Point","coordinates":[105.75,22.0]},"properties":{"id":"MB9500036","name":"Hồ Nà Tấc","name_en":"Na Tac","province":"Thái Nguyên","commune":"Lam Vỹ","page":"dams/ThaiNguyen/NaTac_LamVy_ThaiNguyen_VN.html"}},{"type":"Feature","geometry":{"type":"Point","coordinates":[104.091,22.05]},"properties":{"id":"MB04194","name":"Minh Lương thượng","name_en":"Minh Luong Thuong","province":"Lào Cai","commune":"Minh Lương","page":"dams/LaoCai/MinhLuongThuong_MinhLuong_LaoCai_VN.html"}},{"type":"Feature","geometry":{"type":"Point","coordinates":[104.109,22.05]},"properties":{"id":"MB01815","name":"Minh Lương","name_en":"Minh Luong","province":"Lào Cai","commune":"Dương Quỳ","page":"dams/LaoCai/MinhLuong_DuongQuy_LaoCai_VN.html"}},{"type":"Feature","geometry":{"type":"Point","coordinates":[105.85,22.05]},"properties":{"id":"MB01032","name":"Thác Giằng bậc 2","name_en":"Thac Gieng Bac 2","province":"Thái Nguyên","commune":"Tân Kỳ","page":"dams/ThaiNguyen/ThacGiengBac2_TanKy_ThaiNguyen_VN.html"}},{"type":"Feature","geometry":{"type":"Point","coordinates":[104.0,22.05]},"properties":{"id":"MB01850","name":"Nậm Khóa 3","name_en":"Nam Khoa 3","province":"Lào Cai","commune":"Nậm Xé","page":"dams/LaoCai/NamKhoa3_NamXe_LaoCai_VN.html"}},{"type":"Feature","geometry":{"type":"Point","coordinates":[105.059,22.05]},"properties":{"id":"MB01177","name":"Sông Lô 8A","name_en":"Song Lo 8A","province":"Tuyên Quang","commune":"Hàm Yên","page":"dams/TuyenQuang/SongLo8A_HamYen_TuyenQuang_VN.html"}},{"type":"Feature","geometry":{"type":"Point","coordinates":[105.55,22.1]},"properties":{"id":"MB04120","name":"Nà Kiến","name_en":"Na Kien","province":"Thái Nguyên","commune":"Nghĩa Tá","page":"dams/ThaiNguyen/NaKien_NghiaTa_ThaiNguyen_VN.html"}},{"type":"Feature","geometry":{"type":"Point","coordinates":[104.1,22.1]},"properties":{"id":"MB01817","name":"Nậm Khắt","name_en":"Nam Khat","province":"Lào Cai","commune":"Nậm Chày","page":"dams/LaoCai/NamKhat_NamChay_LaoCai_VN.html"}},{"type":"Feature","geometry":{"type":"Point","coordinates":[105.9,22.1]},"properties":{"id":"MB01039","name":"Thac Gieng 1","name_en":"Thac Gieng 1","province":"Thái Nguyên","commune":"Bắc Kạn","page":"dams/ThaiNguyen/ThacGieng1_BacKan_ThaiNguyen_VN.html"}},{"type":"Feature","geometry":{"type":"Point","coordinates":[105.191,22.1]},"properties":{"id":"MB9500015","name":"Đèo Chắp","name_en":"Ho Deo Chap","province":"Tuyên Quang","commune":"Yên Nguyên","page":"dams/TuyenQuang/HoDeoChap_YenNguyen_TuyenQuang_VN.html"}},{"type":"Feature","geometry":{"type":"Point","coordinates":[105.15,22.1]},"properties":{"id":"MB9500021","name":"Kim Giao","name_en":"Ho Kim Giao","province":"Tuyên Quang","commune":"Bình Xa","page":"dams/TuyenQuang/HoKimGiao_BinhXa_TuyenQuang_VN.html"}},{"type":"Feature","geometry":{"type":"Point","coordinates":[105.209,22.1]},"properties":{"id":"MB9500010","name":"Păng Mo","name_en":"Ho Pang Mo","province":"Tuyên Quang","commune":"Hòa An","page":"dams/TuyenQuang/HoPangMo_HoaAn_TuyenQuang_VN.html"}},{"type":"Feature","geometry":{"type":"Point","coordinates":[104.2,22.1]},"properties":{"id":"MB02785","name":"Suối Chăn 1","name_en":"Suoi Chan 1","province":"Lào Cai","commune":"Võ Lao","page":"dams/LaoCai/SuoiChan1_VoLao_LaoCai_VN.html"}},{"type":"Feature","geometry":{"type":"Point","coordinates":[103.0,22.15]},"properties":{"id":"MB9500264","name":"Lai Châu","name_en":"Lai Chau","province":"Lai Châu","commune":"Nậm Hàng","page":"dams/LaiChau/LaiChau_NamHang_LaiChau_VN.html"}},{"type":"Feature","geometry":{"type":"Point","coordinates":[104.859,22.15]},"properties":{"id":"MB05679","name":"Tặng An","name_en":"Tang An","province":"Lào Cai","commune":"Mường Lai","page":"dams/LaoCai/TangAn_MuongLai_LaoCai_VN.html"}},{"type":"Feature","geometry":{"type":"Point","coordinates":[104.25,22.15]},"properties":{"id":"MB01158","name":"Suối Chăn 2","name_en":"Suoi Chan 2","province":"Lào Cai","commune":"Võ Lao","page":"dams/LaoCai/SuoiChan2_VoLao_LaoCai_VN.html"}},{"type":"Feature","geometry":{"type":"Point","coordinates":[104.841,22.15]},"properties":{"id":"MB05680","name":"Roong Đeng","name_en":"Roong Deng","province":"Lào Cai","commune":"Mường Lai","page":"dams/LaoCai/RoongDeng_MuongLai_LaoCai_VN.html"}},{"type":"Feature","geometry":{"type":"Point","coordinates":[106.5,22.15]},"properties":{"id":"MB02681","name":"Thác Xăng","name_en":"Thac Xang","province":"Lạng Sơn","commune":"Tràng Định","page":"dams/LangSon/ThacXang_TrangDinh_LangSon_VN.html"}},{"type":"Feature","geometry":{"type":"Point","coordinates":[103.8,22.2]},"properties":{"id":"MB01121","name":"Hua Chang","name_en":"Hua Chang","province":"Lai Châu","commune":"Tân Uyên","page":"dams/LaiChau/HuaChang_TanUyen_LaiChau_VN.html"}},{"type":"Feature","geometry":{"type":"Point","coordinates":[105.359,22.2]},"properties":{"id":"MB01726","name":"Chiêm Hóa","name_en":"Chiem Hoa","province":"Tuyên Quang","commune":"Chiêm Hoá","page":"dams/TuyenQuang/ChiemHoa_ChiemHoa_TuyenQuang_VN.html"}},{"type":"Feature","geometry":{"type":"Point","coordinates":[104.55,22.2]},"properties":{"id":"MB03058","name":"Phúc Long","name_en":"Phuc Long","province":"Lào Cai","commune":"Bảo Yên","page":"dams/LaoCai/PhucLong_BaoYen_LaoCai_VN.html"}},{"type":"Feature","geometry":{"type":"Point","coordinates":[105.75,22.2]},"properties":{"id":"MB01871","name":"Nam Cat","name_en":"Nam Cat","province":"Thái Nguyên","commune":"Phong Quang","page":"dams/ThaiNguyen/NamCat_PhongQuang_ThaiNguyen_VN_MB01871.html"}},{"type":"Feature","geometry":{"type":"Point","coordinates":[106.15,22.2]},"properties":{"id":"MB01064","name":"Pác Cáp","name_en":"Pac Cap","province":"Thái Nguyên","commune":"Na Rì","page":"dams/ThaiNguyen/PacCap_NaRi_ThaiNguyen_VN.html"}},{"type":"Feature","geometry":{"type":"Point","coordinates":[104.1,22.2]},"properties":{"id":"MB01114","name":"Nam Nhun 2","name_en":"Nam Nhun 2","province":"Lào Cai","commune":"Tằng Loỏng","page":"dams/LaoCai/NamNhun2_TangLoong_LaoCai_VN.html"}},{"type":"Feature","geometry":{"type":"Point","coordinates":[103.95,22.2]},"properties":{"id":"MB01810","name":"Nậm Toóng","name_en":"Nam Toong","province":"Lào Cai","commune":"Bản Hồ","page":"dams/LaoCai/NamToong_BanHo_LaoCai_VN.html"}},{"type":"Feature","geometry":{"type":"Point","coordinates":[104.15,22.25]},"properties":{"id":"MB01113","name":"Nậm Nhùn 1","name_en":"Nam Nhun 1","province":"Lào Cai","commune":"Tằng Loỏng","page":"dams/LaoCai/NamNhun1_TangLoong_LaoCai_VN.html"}},{"type":"Feature","geometry":{"type":"Point","coordinates":[106.45,22.25]},"properties":{"id":"MB9500024","name":"Hồ Thâm Luông","name_en":"Tham Luong","province":"Lạng Sơn","commune":"Tràng Định","page":"dams/LangSon/ThamLuong_TrangDinh_LangSon_VN.html"}},{"type":"Feature","geometry":{"type":"Point","coordinates":[103.6,22.25]},"properties":{"id":"MB01160","name":"Nậm Đích 1","name_en":"Nam Dich 1","province":"Lai Châu","commune":"Khun Há","page":"dams/LaiChau/NamDich1_KhunHa_LaiChau_VN.html"}},{"type":"Feature","geometry":{"type":"Point","coordinates":[104.45,22.25]},"properties":{"id":"MB05681","name":"Tổ 3A (hồ trung tâm)","name_en":"To 3A (ho trung tam)","province":"Lào Cai","commune":"Bảo Yên","page":"dams/LaoCai/To3AHoTrungTam_BaoYen_LaoCai_VN.html"}},{"type":"Feature","geometry":{"type":"Point","coordinates":[106.5,22.25]},"properties":{"id":"MB05488","name":"Hồ Nà Chảo","name_en":"Na Chao","province":"Lạng Sơn","commune":"Thất Khê","page":"dams/LangSon/NaChao_ThatKhe_LangSon_VN.html"}},{"type":"Feature","geometry":{"type":"Point","coordinates":[104.8,22.25]},"properties":{"id":"MB05683","name":"Trùng","name_en":"Trung","province":"Tuyên Quang","commune":"Đồng Yên","page":"dams/TuyenQuang/Trung_DongYen_TuyenQuang_VN.html"}},{"type":"Feature","geometry":{"type":"Point","coordinates":[103.95,22.25]},"properties":{"id":"MB00895","name":"Sử Pán 2","name_en":"Su Pan 2","province":"Lào Cai","commune":"Tả Van","page":"dams/LaoCai/SuPan2_TaVan_LaoCai_VN.html"}},{"type":"Feature","geometry":{"type":"Point","coordinates":[105.7,22.3]},"properties":{"id":"MB01038","name":"Tà Làng","name_en":"Ta Lang","province":"Thái Nguyên","commune":"Đồng Phúc","page":"dams/ThaiNguyen/TaLang_DongPhuc_ThaiNguyen_VN.html"}},{"type":"Feature","geometry":{"type":"Point","coordinates":[104.459,22.3]},"properties":{"id":"MB01056","name":"Bac Cuong","name_en":"Bac Cuong","province":"Lào Cai","commune":"Xuân Hòa","page":"dams/LaoCai/BacCuong_XuanHoa_LaoCai_VN.html"}},{"type":"Feature","geometry":{"type":"Point","coordinates":[104.1,22.3]},"properties":{"id":"MB00999","name":"Suối Trát","name_en":"Suoi Trat","province":"Lào Cai","commune":"Tằng Loỏng","page":"dams/LaoCai/SuoiTrat_TangLoong_LaoCai_VN.html"}},{"type":"Feature","geometry":{"type":"Point","coordinates":[103.9,22.3]},"properties":{"id":"MB01184","name":"Sử Pán 1","name_en":"Su Pan 1","province":"Lào Cai","commune":"Tả Van","page":"dams/LaoCai/SuPan1_TaVan_LaoCai_VN.html"}},{"type":"Feature","geometry":{"type":"Point","coordinates":[103.55,22.3]},"properties":{"id":"MB01085","name":"Dong Pao","name_en":"Dong Pao","province":"Lai Châu","commune":"Khun Há","page":"dams/LaiChau/DongPao_KhunHa_LaiChau_VN.html"}},{"type":"Feature","geometry":{"type":"Point","coordinates":[104.9,22.3]},"properties":{"id":"MB01193","name":"Sông Lô 6","name_en":"Song Lo 6","province":"Tuyên Quang","commune":"Bạch Xa","page":"dams/TuyenQuang/SongLo6_BachXa_TuyenQuang_VN.html"}},{"type":"Feature","geometry":{"type":"Point","coordinates":[103.159,22.3]},"properties":{"id":"MB01668","name":"Nậm Na 3","name_en":"Nam Na 3","province":"Lai Châu","commune":"Lê Lợi","page":"dams/LaiChau/NamNa3_LeLoi_LaiChau_VN.html"}},{"type":"Feature","geometry":{"type":"Point","coordinates":[105.209,22.3]},"properties":{"id":"MB05694","name":"Noong Mò","name_en":"Noong Mo","province":"Tuyên Quang","commune":"Minh Quang","page":"dams/TuyenQuang/NoongMo_MinhQuang_TuyenQuang_VN.html"}},{"type":"Feature","geometry":{"type":"Point","coordinates":[104.441,22.3]},"properties":{"id":"MB03062","name":"Vĩnh Hà","name_en":"Vinh Ha","province":"Lào Cai","commune":"Thượng Hà","page":"dams/LaoCai/VinhHa_ThuongHa_LaoCai_VN.html"}},{"type":"Feature","geometry":{"type":"Point","coordinates":[103.85,22.3]},"properties":{"id":"MB03231","name":"Lao Chải","name_en":"Lao Chai","province":"Lào Cai","commune":"Tả Van","page":"dams/LaoCai/LaoChai_TaVan_LaoCai_VN.html"}},{"type":"Feature","geometry":{"type":"Point","coordinates":[106.5,22.3]},"properties":{"id":"MB9500026","name":"Kéo Quân","name_en":"Keo Quan","province":"Lạng Sơn","commune":"Quốc Khánh","page":"dams/LangSon/KeoQuan_QuocKhanh_LangSon_VN.html"}},{"type":"Feature","geometry":{"type":"Point","coordinates":[103.941,22.35]},"properties":{"id":"MB01067","name":"Ngòi Đường 1","name_en":"Ngoi Duang 1","province":"Lào Cai","commune":"Hợp Thành","page":"dams/LaoCai/NgoiDuang1_HopThanh_LaoCai_VN.html"}},{"type":"Feature","geometry":{"type":"Point","coordinates":[104.4,22.35]},"properties":{"id":"MB03064","name":"Nam Luc","name_en":"Nam Luc","province":"Lào Cai","commune":"Cốc Lầu","page":"dams/LaoCai/NamLuc_CocLau_LaoCai_VN.html"}},{"type":"Feature","geometry":{"type":"Point","coordinates":[106.5,22.35]},"properties":{"id":"MB01347","name":"Hồ Cao Lan","name_en":"Ho Cao Lan","province":"Lạng Sơn","commune":"Quốc Khánh","page":"dams/LangSon/HoCaoLan_QuocKhanh_LangSon_VN.html"}},{"type":"Feature","geometry":{"type":"Point","coordinates":[105.4,22.35]},"properties":{"id":"MB00130","name":"Tuyên Quang","name_en":"Tuyen Quang","province":"Tuyên Quang","commune":"Nà Hang","page":"dams/TuyenQuang/TuyenQuang_NaHang_TuyenQuang_VN.html"}},{"type":"Feature","geometry":{"type":"Point","coordinates":[103.2,22.35]},"properties":{"id":"MB01173","name":"Nậm Ban 3","name_en":"Nam Ban 3","province":"Lai Châu","commune":"Pa Tần","page":"dams/LaiChau/NamBan3_PaTan_LaiChau_VN.html"}},{"type":"Feature","geometry":{"type":"Point","coordinates":[103.959,22.35]},"properties":{"id":"MB01047","name":"Ngòi Đường 2","name_en":"Ngoi Duang 2","province":"Lào Cai","commune":"Hợp Thành","page":"dams/LaoCai/NgoiDuang2_HopThanh_LaoCai_VN.html"}},{"type":"Feature","geometry":{"type":"Point","coordinates":[103.091,22.4]},"properties":{"id":"MB01172","name":"Nậm Ban 2","name_en":"Nam Ban 2","province":"Lai Châu","commune":"Pa Tần","page":"dams/LaiChau/NamBan2_PaTan_LaiChau_VN.html"}},{"type":"Feature","geometry":{"type":"Point","coordinates":[102.9,22.4]},"properties":{"id":"MB01181","name":"Nam Bum 2","name_en":"Nam Bum 2","province":"Lai Châu","commune":"Bum Nưa","page":"dams/LaiChau/NamBum2_BumNua_LaiChau_VN.html"}},{"type":"Feature","geometry":{"type":"Point","coordinates":[102.85,22.4]},"properties":{"id":"MB01501","name":"Nậm Sì Lường 4","name_en":"Nam Si Luong","province":"Lai Châu","commune":"Bum Tở","page":"dams/LaiChau/NamSiLuong_BumTo_LaiChau_VN.html"}},{"type":"Feature","geometry":{"type":"Point","coordinates":[106.45,22.4]},"properties":{"id":"MB9500007","name":"Nà Tậu","name_en":"Na Tau","province":"Cao Bằng","commune":"Đức Long","page":"dams/CaoBang/NaTau_DucLong_CaoBang_VN.html"}},{"type":"Feature","geometry":{"type":"Point","coordinates":[102.946,22.407]},"properties":{"id":"MB03172","name":"Nam Bum 1","name_en":"Nam Bum 1","province":"Lai Châu","commune":"Hua Bum","page":"dams/LaiChau/NamBum1_HuaBum_LaiChau_VN_MB03172.html"}},{"type":"Feature","geometry":{"type":"Point","coordinates":[103.109,22.4]},"properties":{"id":"MB01066","name":"Nậm Ban 1","name_en":"Nam Ban 1","province":"Lai Châu","commune":"Pa Tần","page":"dams/LaiChau/NamBan1_PaTan_LaiChau_VN.html"}},{"type":"Feature","geometry":{"type":"Point","coordinates":[104.85,22.4]},"properties":{"id":"MB05695","name":"Quang Minh","name_en":"Quang Minh","province":"Tuyên Quang","commune":"Bắc Quang","page":"dams/TuyenQuang/QuangMinh_BacQuang_TuyenQuang_VN.html"}},{"type":"Feature","geometry":{"type":"Point","coordinates":[103.0,22.4]},"properties":{"id":"MB01540","name":"Nậm Bụm 1A","name_en":"Nam Bum 1A","province":"Lai Châu","commune":"Hua Bum","page":"dams/LaiChau/NamBum1_HuaBum_LaiChau_VN_MB01540.html"}},{"type":"Feature","geometry":{"type":"Point","coordinates":[103.9,22.4]},"properties":{"id":"MB00638","name":"Cốc San","name_en":"Coc San","province":"Lào Cai","commune":"Tả Phìn","page":"dams/LaoCai/CocSan_TaPhin_LaoCai_VN.html"}},{"type":"Feature","geometry":{"type":"Point","coordinates":[104.309,22.4]},"properties":{"id":"MB00774","name":"Cốc Đàm","name_en":"Coc Dam","province":"Lào Cai","commune":"Cốc Lầu","page":"dams/LaoCai/CocDam_CocLau_LaoCai_VN.html"}},{"type":"Feature","geometry":{"type":"Point","coordinates":[102.8,22.4]},"properties":{"id":"MB01827","name":"Nậm Cấu 2","name_en":"Nam Cau 2","province":"Lai Châu","commune":"Bum Tở","page":"dams/LaiChau/NamCau2_BumTo_LaiChau_VN.html"}},{"type":"Feature","geometry":{"type":"Point","coordinates":[102.959,22.4]},"properties":{"id":"MB01541","name":"Nậm Nghẹ","name_en":"Nam Nghe","province":"Lai Châu","commune":"Hua Bum","page":"dams/LaiChau/NamNghe_HuaBum_LaiChau_VN.html"}},{"type":"Feature","geometry":{"type":"Point","coordinates":[104.25,22.4]},"properties":{"id":"MB01148","name":"Bao Nhai Bac 2","name_en":"Bao Nhai Bac 2","province":"Lào Cai","commune":"Bảo Nhai","page":"dams/LaoCai/BaoNhaiBac2_BaoNhai_LaoCai_VN.html"}},{"type":"Feature","geometry":{"type":"Point","coordinates":[104.65,22.45]},"properties":{"id":"MB02642","name":"Sông Chừng","name_en":"Song Chung","province":"Tuyên Quang","commune":"Quang Bình","page":"dams/TuyenQuang/SongChung_QuangBinh_TuyenQuang_VN.html"}},{"type":"Feature","geometry":{"type":"Point","coordinates":[103.8,22.45]},"properties":{"id":"MB00896","name":"Sùng Vui","name_en":"Sung Vui","province":"Lào Cai","commune":"Ngũ Chỉ Sơn","page":"dams/LaoCai/SungVui_NguChiSon_LaoCai_VN.html"}},{"type":"Feature","geometry":{"type":"Point","coordinates":[103.95,22.45]},"properties":{"id":"MB01080","name":"Cốc San Hạ","name_en":"Coc San Ha","province":"Lào Cai","commune":"Cốc San","page":"dams/LaoCai/CocSanHa_CocSan_LaoCai_VN.html"}},{"type":"Feature","geometry":{"type":"Point","coordinates":[104.259,22.45]},"properties":{"id":"MB01141","name":"Bao Nhai Bac 1","name_en":"Bao Nhai Bac 1","province":"Lào Cai","commune":"Bảo Nhai","page":"dams/LaoCai/BaoNhaiBac1_BaoNhai_LaoCai_VN.html"}},{"type":"Feature","geometry":{"type":"Point","coordinates":[104.7,22.45]},"properties":{"id":"MB04197","name":"Sông Bạc","name_en":"Song Bac","province":"Tuyên Quang","commune":"Tân Trịnh","page":"dams/TuyenQuang/SongBac_TanTrinh_TuyenQuang_VN.html"}},{"type":"Feature","geometry":{"type":"Point","coordinates":[106.05,22.45]},"properties":{"id":"MB05485","name":"Hồ Bản Chang","name_en":"Ban Chang","province":"Thái Nguyên","commune":"Ngân Sơn","page":"dams/ThaiNguyen/BanChang_NganSon_ThaiNguyen_VN.html"}},{"type":"Feature","geometry":{"type":"Point","coordinates":[103.65,22.45]},"properties":{"id":"MB01138","name":"Pờ Hồ","name_en":"Po Ho","province":"Lào Cai","commune":"Mường Hum","page":"dams/LaoCai/PoHo_MuongHum_LaoCai_VN.html"}},{"type":"Feature","geometry":{"type":"Point","coordinates":[104.35,22.45]},"properties":{"id":"MB01036","name":"Nậm Phàng B","name_en":"Nam Phang B","province":"Lào Cai","commune":"Bảo Nhai","page":"dams/LaoCai/NamPhangB_BaoNhai_LaoCai_VN.html"}},{"type":"Feature","geometry":{"type":"Point","coordinates":[103.859,22.45]},"properties":{"id":"MB00822","name":"Ngòi Xan 1","name_en":"Ngoi Xan 1","province":"Lào Cai","commune":"Bát Xát","page":"dams/LaoCai/NgoiXan1_BatXat_LaoCai_VN.html"}},{"type":"Feature","geometry":{"type":"Point","coordinates":[103.65,22.5]},"properties":{"id":"MB02657","name":"Tà Lơi 3","name_en":"Ta Loi 3","province":"Lào Cai","commune":"Mường Hum","page":"dams/LaoCai/TaLoi3_MuongHum_LaoCai_VN.html"}},{"type":"Feature","geometry":{"type":"Point","coordinates":[103.25,22.5]},"properties":{"id":"MB02653","name":"Nậm Na 2","name_en":"Nam Na 2","province":"Lai Châu","commune":"Phong Thổ","page":"dams/LaiChau/NamNa2_PhongTho_LaiChau_VN.html"}},{"type":"Feature","geometry":{"type":"Point","coordinates":[104.4,22.5]},"properties":{"id":"MB01132","name":"Nậm Khánh","name_en":"Nam Khanh","province":"Lào Cai","commune":"Bản Liền","page":"dams/LaoCai/NamKhanh_BanLien_LaoCai_VN.html"}},{"type":"Feature","geometry":{"type":"Point","coordinates":[103.691,22.5]},"properties":{"id":"MB03199","name":"Tà Lơi 2","name_en":"Ta Loi 2","province":"Lào Cai","commune":"Mường Hum","page":"dams/LaoCai/TaLoi2_MuongHum_LaoCai_VN.html"}},{"type":"Feature","geometry":{"type":"Point","coordinates":[104.2,22.5]},"properties":{"id":"MB01460","name":"Bắc Hà","name_en":"Coc Ly Reservoir","province":"Lào Cai","commune":"Bảo Nhai","page":"dams/LaoCai/CocLyReservoir_BaoNhai_LaoCai_VN.html"}},{"type":"Feature","geometry":{"type":"Point","coordinates":[103.709,22.5]},"properties":{"id":"MB01103","name":"Nậm Pung","name_en":"Nam Pung","province":"Lào Cai","commune":"Mường Hum","page":"dams/LaoCai/NamPung_MuongHum_LaoCai_VN.html"}},{"type":"Feature","geometry":{"type":"Point","coordinates":[106.0,22.5]},"properties":{"id":"MB00904","name":"Thượng Ân","name_en":"Thuong an","province":"Thái Nguyên","commune":"Ngân Sơn","page":"dams/ThaiNguyen/ThuongAn_NganSon_ThaiNguyen_VN.html"}},{"type":"Feature","geometry":{"type":"Point","coordinates":[104.341,22.5]},"properties":{"id":"MB01159","name":"Bắc Nà","name_en":"Bac Na","province":"Lào Cai","commune":"Bắc Hà","page":"dams/LaoCai/BacNa_BacHa_LaoCai_VN.html"}},{"type":"Feature","geometry":{"type":"Point","coordinates":[104.359,22.5]},"properties":{"id":"MB01003","name":"Bac Na 1","name_en":"Bac Na 1","province":"Lào Cai","commune":"Bắc Hà","page":"dams/LaoCai/BacNa1_BacHa_LaoCai_VN.html"}},{"type":"Feature","geometry":{"type":"Point","coordinates":[102.6,22.5]},"properties":{"id":"MB01194","name":"Nậm Củm 4","name_en":"Nam Cum 4","province":"Lai Châu","commune":"Mường Tè","page":"dams/LaiChau/NamCum4_MuongTe_LaiChau_VN.html"}},{"type":"Feature","geometry":{"type":"Point","coordinates":[103.459,22.5]},"properties":{"id":"MB01161","name":"Nậm Pia 1","name_en":"Nam Pac 1","province":"Lai Châu","commune":"Sin Suối Hồ","page":"dams/LaiChau/NamPac1_SinSuoiHo_LaiChau_VN.html"}},{"type":"Feature","geometry":{"type":"Point","coordinates":[103.759,22.55]},"properties":{"id":"MB01004","name":"Bản Xèo","name_en":"Ban Xeo","province":"Lào Cai","commune":"Dền Sáng","page":"dams/LaoCai/BanXeo_DenSang_LaoCai_VN.html"}},{"type":"Feature","geometry":{"type":"Point","coordinates":[102.859,22.55]},"properties":{"id":"MB01182","name":"Nam Xi Lung 1","name_en":"Nam Xi Lung 1","province":"Lai Châu","commune":"Bum Nưa","page":"dams/LaiChau/Nam11Lung1_BumNua_LaiChau_VN.html"}},{"type":"Feature","geometry":{"type":"Point","coordinates":[103.691,22.55]},"properties":{"id":"MB04093","name":"Mường Hum","name_en":"Muong Hum","province":"Lào Cai","commune":"Mường Hum","page":"dams/LaoCai/MuongHum_MuongHum_LaoCai_VN.html"}},{"type":"Feature","geometry":{"type":"Point","coordinates":[106.5,22.55]},"properties":{"id":"MB02640","name":"Hòa Thuận","name_en":"Hoa Thuan","province":"Cao Bằng","commune":"Phục Hòa","page":"dams/CaoBang/HoaThuan_PhucHoa_CaoBang_VN.html"}},{"type":"Feature","geometry":{"type":"Point","coordinates":[104.9,22.55]},"properties":{"id":"MB01811","name":"Sông Lô 4","name_en":"Song Lo 4","province":"Tuyên Quang","commune":"Tân Quang","page":"dams/TuyenQuang/SongLo4_TanQuang_TuyenQuang_VN.html"}},{"type":"Feature","geometry":{"type":"Point","coordinates":[104.55,22.55]},"properties":{"id":"MB01049","name":"Nậm Ly 1","name_en":"Nam Ly","province":"Tuyên Quang","commune":"Quảng Nguyên","page":"dams/TuyenQuang/NamLy_QuangNguyen_TuyenQuang_VN.html"}},{"type":"Feature","geometry":{"type":"Point","coordinates":[104.05,22.55]},"properties":{"id":"MB01100","name":"Tà Lạt","name_en":"Ta Lat","province":"Lào Cai","commune":"Bản Lầu","page":"dams/LaoCai/TaLat_BanLau_LaoCai_VN.html"}},{"type":"Feature","geometry":{"type":"Point","coordinates":[103.741,22.55]},"properties":{"id":"MB04094","name":"Ngòi Phát","name_en":"Ngoi Phat","province":"Lào Cai","commune":"Dền Sáng","page":"dams/LaoCai/NgoiPhat_DenSang_LaoCai_VN.html"}},{"type":"Feature","geometry":{"type":"Point","coordinates":[103.709,22.55]},"properties":{"id":"MB01870","name":"Nậm Hô","name_en":"Nam Ho","province":"Lào Cai","commune":"Dền Sáng","page":"dams/LaoCai/NamHo_DenSang_LaoCai_VN.html"}},{"type":"Feature","geometry":{"type":"Point","coordinates":[103.35,22.55]},"properties":{"id":"MB01502","name":"Nậm Cắt","name_en":"Nam Cat","province":"Lai Châu","commune":"Khổng Lào","page":"dams/LaiChau/NamCat_KhongLao_LaiChau_VN.html"}},{"type":"Feature","geometry":{"type":"Point","coordinates":[102.5,22.55]},"properties":{"id":"MB01201","name":"Pắc Ma","name_en":"Pac Ma","province":"Lai Châu","commune":"Mường Tè","page":"dams/LaiChau/PacMa_MuongTe_LaiChau_VN.html"}},{"type":"Feature","geometry":{"type":"Point","coordinates":[106.45,22.55]},"properties":{"id":"MB03151","name":"Tiên Thành","name_en":"Tien Thanh","province":"Cao Bằng","commune":"Hạnh Phúc","page":"dams/CaoBang/TienThanh_HanhPhuc_CaoBang_VN.html"}},{"type":"Feature","geometry":{"type":"Point","coordinates":[103.85,22.6]},"properties":{"id":"MB01117","name":"Phố Cũ","name_en":"Pho Cu","province":"Lào Cai","commune":"Bát Xát","page":"dams/LaoCai/PhoCu_BatXat_LaoCai_VN.html"}},{"type":"Feature","geometry":{"type":"Point","coordinates":[103.25,22.6]},"properties":{"id":"MB02786","name":"Nậm Na 1","name_en":"Nam Na 1","province":"Lai Châu","commune":"Phong Thổ","page":"dams/LaiChau/NamNa1_PhongTho_LaiChau_VN.html"}},{"type":"Feature","geometry":{"type":"Point","coordinates":[106.15,22.6]},"properties":{"id":"MB01042","name":"Bach Dang","name_en":"Bach Dang","province":"Cao Bằng","commune":"Bạch Đằng","page":"dams/CaoBang/BachDang_BachDang_CaoBang_VN.html"}},{"type":"Feature","geometry":{"type":"Point","coordinates":[104.9,22.6]},"properties":{"id":"MB01140","name":"Nậm Ngần","name_en":"Nam Ngan","province":"Tuyên Quang","commune":"Thượng Sơn","page":"dams/TuyenQuang/NamNgan_ThuongSon_TuyenQuang_VN.html"}},{"type":"Feature","geometry":{"type":"Point","coordinates":[106.1,22.6]},"properties":{"id":"MB00669","name":"Hoa Tham","name_en":"Hoa Tham","province":"Cao Bằng","commune":"Tam Kim","page":"dams/CaoBang/HoaTham_TamKim_CaoBang_VN.html"}},{"type":"Feature","geometry":{"type":"Point","coordinates":[104.5,22.65]},"properties":{"id":"MB01116","name":"Nậm Yên","name_en":"Nam Yen","province":"Tuyên Quang","commune":"Nấm Dẩn","page":"dams/TuyenQuang/NamYen_NamDan_TuyenQuang_VN.html"}},{"type":"Feature","geometry":{"type":"Point","coordinates":[104.85,22.65]},"properties":{"id":"MB01830","name":"Nam Ngan 2","name_en":"Nam Ngan 2","province":"Tuyên Quang","commune":"Thượng Sơn","page":"dams/TuyenQuang/NamNgan2_ThuongSon_TuyenQuang_VN.html"}},{"type":"Feature","geometry":{"type":"Point","coordinates":[106.2,22.65]},"properties":{"id":"MB05486","name":"Khuổi Lái","name_en":"Khuoi Lai","province":"Cao Bằng","commune":"Bạch Đằng","page":"dams/CaoBang/KhuoiLai_BachDang_CaoBang_VN.html"}},{"type":"Feature","geometry":{"type":"Point","coordinates":[106.05,22.65]},"properties":{"id":"MB00966","name":"Ta Sa","name_en":"Ta Sa","province":"Cao Bằng","commune":"Nguyên Bình","page":"dams/CaoBang/TaSa_NguyenBinh_CaoBang_VN.html"}},{"type":"Feature","geometry":{"type":"Point","coordinates":[106.6,22.7]},"properties":{"id":"MB03232","name":"Nà Lòa","name_en":"Na Loa","province":"Cao Bằng","commune":"Vinh Quý","page":"dams/CaoBang/NaLoa_VinhQuy_CaoBang_VN.html"}},{"type":"Feature","geometry":{"type":"Point","coordinates":[106.15,22.7]},"properties":{"id":"MB9500001","name":"Khuổi Áng","name_en":"Khuoi Ang","province":"Cao Bằng","commune":"Thục Phán","page":"dams/CaoBang/KhuoiAng_ThucPhan_CaoBang_VN.html"}},{"type":"Feature","geometry":{"type":"Point","coordinates":[104.45,22.7]},"properties":{"id":"MB02787","name":"Sông Chảy 6","name_en":"Song Chay 6","province":"Tuyên Quang","commune":"Xín Mần","page":"dams/TuyenQuang/SongChay6_XinMan_TuyenQuang_VN.html"}},{"type":"Feature","geometry":{"type":"Point","coordinates":[104.55,22.7]},"properties":{"id":"MB01538","name":"Sông Chảy 5","name_en":"Song Chay 5","province":"Tuyên Quang","commune":"Trung Thịnh","page":"dams/TuyenQuang/SongChay5_TrungThinh_TuyenQuang_VN.html"}},{"type":"Feature","geometry":{"type":"Point","coordinates":[104.95,22.7]},"properties":{"id":"MB01543","name":"Sông Lô 2","name_en":"Song Lo 2","province":"Tuyên Quang","commune":"Vị Xuyên","page":"dams/TuyenQuang/SongLo2_ViXuyen_TuyenQuang_VN.html"}},{"type":"Feature","geometry":{"type":"Point","coordinates":[106.2,22.75]},"properties":{"id":"MB01858","name":"Nà Tấu","name_en":"Na Tau","province":"Cao Bằng","commune":"Hòa An","page":"dams/CaoBang/NaTau_HoaAn_CaoBang_VN.html"}},{"type":"Feature","geometry":{"type":"Point","coordinates":[106.55,22.75]},"properties":{"id":"MB01872","name":"Than Giap","name_en":"Than Giap","province":"Cao Bằng","commune":"Đoài Dương","page":"dams/CaoBang/ThanGiap_DoaiDuong_CaoBang_VN.html"}},{"type":"Feature","geometry":{"type":"Point","coordinates":[106.1,22.75]},"properties":{"id":"MB03069","name":"Bình Long","name_en":"Binh Long","province":"Cao Bằng","commune":"Hòa An","page":"dams/CaoBang/BinhLong_HoaAn_CaoBang_VN.html"}},{"type":"Feature","geometry":{"type":"Point","coordinates":[105.4,22.75]},"properties":{"id":"MB01192","name":"Bắc Mê","name_en":"Bac Me","province":"Tuyên Quang","commune":"Bắc Mê","page":"dams/TuyenQuang/BacMe_BacMe_TuyenQuang_VN.html"}},{"type":"Feature","geometry":{"type":"Point","coordinates":[104.65,22.75]},"properties":{"id":"MB01146","name":"Sông Chảy 3","name_en":"Song Chay 3","province":"Tuyên Quang","commune":"Hoàng Su Phì","page":"dams/TuyenQuang/SongChay3_HoangSuPhi_TuyenQuang_VN.html"}},{"type":"Feature","geometry":{"type":"Point","coordinates":[104.2,22.75]},"properties":{"id":"MB03071","name":"Mường Khương","name_en":"Muong Khuong","province":"Lào Cai","commune":"Pha Long","page":"dams/LaoCai/MuongKhuong_PhaLong_LaoCai_VN.html"}},{"type":"Feature","geometry":{"type":"Point","coordinates":[104.9,22.75]},"properties":{"id":"MB01015","name":"Nậm Má","name_en":"Nam Ma","province":"Tuyên Quang","commune":"Cao Bồ","page":"dams/TuyenQuang/NamMa_CaoBo_TuyenQuang_VN.html"}},{"type":"Feature","geometry":{"type":"Point","coordinates":[106.6,22.75]},"properties":{"id":"MB9500003","name":"Cao Thăng","name_en":"Cao Thang","province":"Cao Bằng","commune":"Đoài Dương","page":"dams/CaoBang/CaoThang_DoaiDuong_CaoBang_VN.html"}},{"type":"Feature","geometry":{"type":"Point","coordinates":[105.0,22.85]},"properties":{"id":"MB03075","name":"Sông Miện 6","name_en":"Song Mien 6","province":"Tuyên Quang","commune":"Hà Giang 2","page":"dams/TuyenQuang/SongMien6_HaGiang2_TuyenQuang_VN.html"}},{"type":"Feature","geometry":{"type":"Point","coordinates":[104.9,22.85]},"properties":{"id":"MB00998","name":"Suoi Suu 2","name_en":"Suoi Suu 2","province":"Tuyên Quang","commune":"Thanh Thuỷ","page":"dams/TuyenQuang/SuoiSuu2_ThanhThuy_TuyenQuang_VN.html"}},{"type":"Feature","geometry":{"type":"Point","coordinates":[106.1,22.85]},"properties":{"id":"MB05487","name":"Bản Nưa","name_en":"Ban Nua","province":"Cao Bằng","commune":"Hà Quảng","page":"dams/CaoBang/BanNua_HaQuang_CaoBang_VN.html"}},{"type":"Feature","geometry":{"type":"Point","coordinates":[104.8,22.85]},"properties":{"id":"MB01127","name":"Thanh Thủy bậc 1","name_en":"Thanh Thuy 1","province":"Tuyên Quang","commune":"Lao Chải","page":"dams/TuyenQuang/ThanhThuy1_LaoChai_TuyenQuang_VN.html"}},{"type":"Feature","geometry":{"type":"Point","coordinates":[105.009,22.9]},"properties":{"id":"MB01546","name":"Sông Miện 5A","name_en":"Song Mien 5A","province":"Tuyên Quang","commune":"Thuận Hòa","page":"dams/TuyenQuang/SongMien5A_ThuanHoa_TuyenQuang_VN.html"}},{"type":"Feature","geometry":{"type":"Point","coordinates":[105.1,22.9]},"properties":{"id":"MB01167","name":"Nam Ma 1 Main","name_en":"Nam Ma 1 Main","province":"Tuyên Quang","commune":"Tùng Bá","page":"dams/TuyenQuang/NamMa1Main_TungBa_TuyenQuang_VN.html"}},{"type":"Feature","geometry":{"type":"Point","coordinates":[104.85,22.9]},"properties":{"id":"MB01101","name":"Thanh Thủy 2","name_en":"Thanh Thuy 2","province":"Tuyên Quang","commune":"Lao Chải","page":"dams/TuyenQuang/ThanhThuy2_LaoChai_TuyenQuang_VN.html"}},{"type":"Feature","geometry":{"type":"Point","coordinates":[104.991,22.9]},"properties":{"id":"MB01547","name":"Sông Miện 5","name_en":"Song Mien 5","province":"Tuyên Quang","commune":"Thuận Hòa","page":"dams/TuyenQuang/SongMien5_ThuanHoa_TuyenQuang_VN.html"}},{"type":"Feature","geometry":{"type":"Point","coordinates":[105.55,22.95]},"properties":{"id":"MB01848","name":"Bảo Lâm 1","name_en":"Bao Lam 1","province":"Cao Bằng","commune":"Lý Bôn","page":"dams/CaoBang/BaoLam1_LyBon_CaoBang_VN.html"}},{"type":"Feature","geometry":{"type":"Point","coordinates":[105.6,22.95]},"properties":{"id":"MB01847","name":"Bao Lac B","name_en":"Bao Lac B","province":"Cao Bằng","commune":"Bảo Lạc","page":"dams/CaoBang/BaoLacB_BaoLac_CaoBang_VN.html"}},{"type":"Feature","geometry":{"type":"Point","coordinates":[105.491,23.0]},"properties":{"id":"MB01086","name":"Bảo Lâm 3A","name_en":"Bao Lam 3A","province":"Cao Bằng","commune":"Lý Bôn","page":"dams/CaoBang/BaoLam3A_LyBon_CaoBang_VN.html"}},{"type":"Feature","geometry":{"type":"Point","coordinates":[105.05,23.0]},"properties":{"id":"MB01285","name":"Thái An","name_en":"Thai An","province":"Tuyên Quang","commune":"Lùng Tám","page":"dams/TuyenQuang/ThaiAn_LungTam_TuyenQuang_VN.html"}},{"type":"Feature","geometry":{"type":"Point","coordinates":[105.509,23.0]},"properties":{"id":"MB01065","name":"Sông Nhiệm 4","name_en":"Song Nhiem 4","province":"Cao Bằng","commune":"Lý Bôn","page":"dams/CaoBang/SongNhiem4_LyBon_CaoBang_VN.html"}},{"type":"Feature","geometry":{"type":"Point","coordinates":[105.509,23.15]},"properties":{"id":"MB00824","name":"Nho Quế 3","name_en":"Nho Que 3","province":"Tuyên Quang","commune":"Sơn Vĩ","page":"dams/TuyenQuang/NhoQue3_SonVi_TuyenQuang_VN.html"}},{"type":"Feature","geometry":{"type":"Point","coordinates":[105.0,23.15]},"properties":{"id":"MB04964","name":"Sông Miện","name_en":"Song Mien 1","province":"Tuyên Quang","commune":"Bạch Đích","page":"dams/TuyenQuang/SongMien1_BachDich_TuyenQuang_VN.html"}},{"type":"Feature","geometry":{"type":"Point","coordinates":[105.491,23.15]},"properties":{"id":"MB04198","name":"Nho Quế 2","name_en":"Nho Que 2","province":"Tuyên Quang","commune":"Khâu Vai","page":"dams/TuyenQuang/NhoQue2_KhauVai_TuyenQuang_VN.html"}},{"type":"Feature","geometry":{"type":"Point","coordinates":[105.45,23.25]},"properties":{"id":"MB02259","name":"Nho Quế 1","name_en":"Nho Que 1","province":"Tuyên Quang","commune":"Mèo Vạc","page":"dams/TuyenQuang/NhoQue1_MeoVac_TuyenQuang_VN.html"}},{"type":"Feature","geometry":{"type":"Point","coordinates":[107.95,13.0]},"properties":{"id":"MB01439","name":"Đập Ea Súp Thượng","name_en":"Dap Ea Sup Thuong","province":"Đắk Lắk","commune":"Ea Súp","page":"dams/DakLak/DapEaSupThuong_EaSup_DakLak_VN.html"}},{"type":"Feature","geometry":{"type":"Point","coordinates":[108.35,12.8]},"properties":{"id":"MB01530","name":"Đập Krông Búk Hạ","name_en":"Dap Krong Buk Ha","province":"Đắk Lắk","commune":"Ea Phê","page":"dams/DakLak/DapKrongBukHa_EaPhe_DakLak_VN.html"}},{"type":"Feature","geometry":{"type":"Point","coordinates":[107.0,16.95]},"properties":{"id":"MB05326","name":"Kinh Môn","name_en":"Kinh Mon","province":"Quảng Trị","commune":"Bến Hải","page":"dams/QuangTri/KinhMon_BenHai_QuangTri_VN.html"}},{"type":"Feature","geometry":{"type":"Point","coordinates":[108.15,15.8]},"properties":{"id":"MB01294","name":"Hồ Vĩnh Trinh","name_en":"Vinh Trinh","province":"Đà Nẵng","commune":"Thu Bồn","page":"dams/DaNang/VinhTrinh_ThuBon_DaNang_VN.html"}},{"type":"Feature","geometry":{"type":"Point","coordinates":[106.35,18.05]},"properties":{"id":"MB02446","name":"Tàu Voi","name_en":"Tau Voi","province":"Hà Tĩnh","commune":"Vũng Áng","page":"dams/HaTinh/TauVoi_VungAng_HaTinh_VN.html"}},{"type":"Feature","geometry":{"type":"Point","coordinates":[105.658,18.4]},"properties":{"id":"MB02442","name":"Vực Trống","name_en":"Vuc Trong","province":"Hà Tĩnh","commune":"Gia Hanh","page":"dams/HaTinh/VucTrong_GiaHanh_HaTinh_VN.html"}},{"type":"Feature","geometry":{"type":"Point","coordinates":[108.45,12.65]},"properties":{"id":"MB05117","name":"Vụ Bổn","name_en":"Vu Bon","province":"Đắk Lắk","commune":"Vụ Bổn","page":"dams/DakLak/VuBon_VuBon_DakLak_VN.html"}},{"type":"Feature","geometry":{"type":"Point","coordinates":[106.6,21.1]},"properties":{"id":"MB05435","name":"Bến Châu","name_en":"Ben Chau","province":"Quảng Ninh","commune":"Bình Khê","page":"dams/QuangNinh/BenChau_BinhKhe_QuangNinh_VN.html"}},{"type":"Feature","geometry":{"type":"Point","coordinates":[105.45,19.05]},"properties":{"id":"MB02323","name":"Quản Hài","name_en":"Quan Hai","province":"Nghệ An","commune":"Giai Lạc","page":"dams/NgheAn/QuanHai_GiaiLac_NgheAn_VN.html"}},{"type":"Feature","geometry":{"type":"Point","coordinates":[107.5,10.7]},"properties":{"id":"MB05180","name":"Suối Các","name_en":"Ho Suoi Cac","province":"TP. Hồ Chí Minh","commune":"Hòa Hiệp","page":"dams/TPHoChiMinh/HoSuoiCac_HoaHiep_TPHoChiMinh_VN.html"}},{"type":"Feature","geometry":{"type":"Point","coordinates":[107.2,21.05]},"properties":{"id":"MB05427","name":"Hồ Cao Vân","name_en":"Cao Van","province":"Quảng Ninh","commune":"Thống Nhất","page":"dams/QuangNinh/CaoVan_ThongNhat_QuangNinh_VN.html"}},{"type":"Feature","geometry":{"type":"Point","coordinates":[105.55,19.15]},"properties":{"id":"MB01397","name":"Bàu Gia","name_en":"Bau Gia","province":"Nghệ An","commune":"Hùng Châu","page":"dams/NgheAn/BauGia_HungChau_NgheAn_VN.html"}},{"type":"Feature","geometry":{"type":"Point","coordinates":[108.25,12.5]},"properties":{"id":"MB02502","name":"Yang Reh","name_en":"Yang Reh","province":"Đắk Lắk","commune":"Hòa Sơn","page":"dams/DakLak/YangReh_HoaSon_DakLak_VN.html"}},{"type":"Feature","geometry":{"type":"Point","coordinates":[106.05,21.45]},"properties":{"id":"MB05471","name":"Đá Ong","name_en":"Da Ong","province":"Bắc Ninh","commune":"Tam Tiến","page":"dams/BacNinh/DaOng_TamTien_BacNinh_VN.html"}},{"type":"Feature","geometry":{"type":"Point","coordinates":[106.242,18.1]},"properties":{"id":"MB01616","name":"Đá Cát","name_en":"Da Cat","province":"Hà Tĩnh","commune":"Kỳ Hoa","page":"dams/HaTinh/DaCat_KyHoa_HaTinh_VN.html"}},{"type":"Feature","geometry":{"type":"Point","coordinates":[107.15,16.7]},"properties":{"id":"MB02459","name":"Triệu Thượng 1","name_en":"Trieu Thuong 1","province":"Quảng Trị","commune":"Triệu Phong","page":"dams/QuangTri/TrieuThuong1_TrieuPhong_QuangTri_VN.html"}},{"type":"Feature","geometry":{"type":"Point","coordinates":[108.3,12.7]},"properties":{"id":"MB02493","name":"Ea Uy","name_en":"Ea Uy","province":"Đắk Lắk","commune":"Krông Pắc","page":"dams/DakLak/EaUy_KrongPac_DakLak_VN.html"}},{"type":"Feature","geometry":{"type":"Point","coordinates":[107.258,10.45]},"properties":{"id":"MB02532","name":"Bút Thiền","name_en":"But Thien","province":"TP. Hồ Chí Minh","commune":"Đất Đỏ","page":"dams/TPHoChiMinh/ButThien_DatDo_TPHoChiMinh_VN.html"}},{"type":"Feature","geometry":{"type":"Point","coordinates":[107.3,16.6]},"properties":{"id":"MB01425","name":"Khe Chính","name_en":"Ho Khe Chanh","province":"Quảng Trị","commune":"Nam Hải Lăng","page":"dams/QuangTri/HoKheChanh_NamHaiLang_QuangTri_VN.html"}},{"type":"Feature","geometry":{"type":"Point","coordinates":[106.45,17.65]},"properties":{"id":"MB05355","name":"Mù U","name_en":"Mu U","province":"Quảng Trị","commune":"Bắc Trạch","page":"dams/QuangTri/MuU_BacTrach_QuangTri_VN.html"}},{"type":"Feature","geometry":{"type":"Point","coordinates":[106.758,17.15]},"properties":{"id":"MB02452","name":"Cây Mưng","name_en":"Cay Mung","province":"Quảng Trị","commune":"Trường Phú","page":"dams/QuangTri/CayMung_TruongPhu_QuangTri_VN.html"}},{"type":"Feature","geometry":{"type":"Point","coordinates":[108.05,11.0]},"properties":{"id":"MB00495","name":"Cẩm Hang","name_en":"Ho Cam Hang","province":"Lâm Đồng","commune":"Bình Thuận","page":"dams/LamDong/HoCamHang_BinhThuan_LamDong_VN.html"}},{"type":"Feature","geometry":{"type":"Point","coordinates":[106.408,17.6]},"properties":{"id":"MB02450","name":"Bàu Trạng","name_en":"Bau Trang","province":"Quảng Trị","commune":"Bố Trạch","page":"dams/QuangTri/BauTrang_BoTrach_QuangTri_VN.html"}},{"type":"Feature","geometry":{"type":"Point","coordinates":[107.108,16.8]},"properties":{"id":"MB02457","name":"Khe Mây","name_en":"Khe May","province":"Quảng Trị","commune":"Đông Hà","page":"dams/QuangTri/KheMay_DongHa_QuangTri_VN.html"}},{"type":"Feature","geometry":{"type":"Point","coordinates":[108.2,12.65]},"properties":{"id":"MB02495","name":"Ea Msen (Eapour đội 8)","name_en":"Ea Msen (Eapour doi 8)","province":"Đắk Lắk","commune":"Ea Ktur","page":"dams/DakLak/EaMsenEapourDoi8_EaKtur_DakLak_VN.html"}},{"type":"Feature","geometry":{"type":"Point","coordinates":[103.1,21.95]},"properties":{"id":"MB01868","name":"Nậm He","name_en":"Nam He","province":"Điện Biên","commune":"Mường Tùng","page":"dams/DienBien/NamHe_MuongTung_DienBien_VN.html"}},{"type":"Feature","geometry":{"type":"Point","coordinates":[107.9,10.85]},"properties":{"id":"MB02528","name":"Tân Lập","name_en":"Tan Lap","province":"Lâm Đồng","commune":"Tân Lập","page":"dams/LamDong/TanLap_TanLap_LamDong_VN.html"}},{"type":"Feature","geometry":{"type":"Point","coordinates":[105.5,19.1]},"properties":{"id":"MB02435","name":"Kẻ Sặt","name_en":"Ke Sat","province":"Nghệ An","commune":"Bình Minh","page":"dams/NgheAn/KeSat_BinhMinh_NgheAn_VN.html"}},{"type":"Feature","geometry":{"type":"Point","coordinates":[106.35,17.6]},"properties":{"id":"MB01416","name":"Đồng Suôn","name_en":"Dong Suon","province":"Quảng Trị","commune":"Bố Trạch","page":"dams/QuangTri/DongSuon_BoTrach_QuangTri_VN.html"}},{"type":"Feature","geometry":{"type":"Point","coordinates":[108.25,15.6]},"properties":{"id":"MB02467","name":"Hồ Cao Ngạn","name_en":"Cao Ngan","province":"Đà Nẵng","commune":"Đồng Dương","page":"dams/DaNang/CaoNgan_DongDuong_DaNang_VN.html"}},{"type":"Feature","geometry":{"type":"Point","coordinates":[105.85,18.3]},"properties":{"id":"MB02445","name":"Đập Bún","name_en":"Dap Bun","province":"Hà Tĩnh","commune":"Thạch Xuân","page":"dams/HaTinh/DapBun_ThachXuan_HaTinh_VN.html"}},{"type":"Feature","geometry":{"type":"Point","coordinates":[107.8,13.9]},"properties":{"id":"MB00200","name":"Dap Tran Nong Truong Ia Cham","name_en":"Dap Tran Nong Truong Ia Cham","province":"Gia Lai","commune":"Ia Krái","page":"dams/GiaLai/DapTranNongTruongIaCham_IaKrai_GiaLai_VN.html"}},{"type":"Feature","geometry":{"type":"Point","coordinates":[106.35,21.85]},"properties":{"id":"MB02418","name":"Hồ Tam Hoa","name_en":"Tam Hoa","province":"Lạng Sơn","commune":"Hưng Vũ","page":"dams/LangSon/TamHoa_HungVu_LangSon_VN.html"}},{"type":"Feature","geometry":{"type":"Point","coordinates":[106.05,21.5]},"properties":{"id":"MB02420","name":"Hồ Trại Gạo","name_en":"Trai Gao","province":"Thái Nguyên","commune":"Tân Thành","page":"dams/ThaiNguyen/TraiGao_TanThanh_ThaiNguyen_VN.html"}},{"type":"Feature","geometry":{"type":"Point","coordinates":[107.608,11.95]},"properties":{"id":"MB02540","name":"Nhân Cơ","name_en":"Nhan Co","province":"Lâm Đồng","commune":"Nhân Cơ","page":"dams/LamDong/NhanCo_NhanCo_LamDong_VN.html"}},{"type":"Feature","geometry":{"type":"Point","coordinates":[108.4,14.0]},"properties":{"id":"MB02692","name":"K'Dang- E40","name_en":"K'Dang- E40","province":"Gia Lai","commune":"Hra","page":"dams/GiaLai/KDangE40_Hra_GiaLai_VN.html"}},{"type":"Feature","geometry":{"type":"Point","coordinates":[106.45,21.45]},"properties":{"id":"MB02547","name":"Hồ Kai Hiển","name_en":"Kai Hien","province":"Lạng Sơn","commune":"Tân Thành","page":"dams/LangSon/KaiHien_TanThanh_LangSon_VN.html"}},{"type":"Feature","geometry":{"type":"Point","coordinates":[105.808,18.3]},"properties":{"id":"MB02444","name":"Đập Xạ","name_en":"Dap Xa","province":"Hà Tĩnh","commune":"Toàn Lưu","page":"dams/HaTinh/DapXa_ToanLuu_HaTinh_VN.html"}},{"type":"Feature","geometry":{"type":"Point","coordinates":[106.7,11.4]},"properties":{"id":"MB01493","name":"Phước Hòa","name_en":"Ho Phuoc Hoa","province":"Đồng Nai","commune":"Chơn Thành","page":"dams/DongNai/HoPhuocHoa_ChonThanh_DongNai_VN.html"}},{"type":"Feature","geometry":{"type":"Point","coordinates":[107.658,12.15]},"properties":{"id":"MB01088","name":"Đak Rung","name_en":"Dak Rung","province":"Lâm Đồng","commune":"Trường Xuân","page":"dams/LamDong/DakRung_TruongXuan_LamDong_VN.html"}},{"type":"Feature","geometry":{"type":"Point","coordinates":[108.95,11.65]},"properties":{"id":"MB08373","name":"Thành Sơn","name_en":"Ho Thanh Son","province":"Khánh Hòa","commune":"Xuân Hải","page":"dams/KhanhHoa/HoThanhSon_XuanHai_KhanhHoa_VN.html"}},{"type":"Feature","geometry":{"type":"Point","coordinates":[106.85,11.1]},"properties":{"id":"MB00473","name":"Đá Bàn - Suối Sâu","name_en":"Ho Da Ban","province":"TP. Hồ Chí Minh","commune":"Bắc Tân Uyên","page":"dams/TPHoChiMinh/HoDaBan_BacTanUyen_TPHoChiMinh_VN.html"}},{"type":"Feature","geometry":{"type":"Point","coordinates":[105.65,20.8]},"properties":{"id":"MB00479","name":"Đồng Sương","name_en":"Ho Dong Suong","province":"Phú Thọ","commune":"Liên Sơn","page":"dams/PhuTho/HoDongSuong_LienSon_PhuTho_VN.html"}},{"type":"Feature","geometry":{"type":"Point","coordinates":[107.9,10.9]},"properties":{"id":"MB05070","name":"Đu Đủ","name_en":"Ho Du Du","province":"Lâm Đồng","commune":"Hàm Kiệm","page":"dams/LamDong/HoDuDu_HamKiem_LamDong_VN.html"}},{"type":"Feature","geometry":{"type":"Point","coordinates":[107.45,10.55]},"properties":{"id":"MB05175","name":"Sông Hỏa","name_en":"Ho Song Hoa","province":"TP. Hồ Chí Minh","commune":"Xuyên Mộc","page":"dams/TPHoChiMinh/HoSongHoa_XuyenMoc_TPHoChiMinh_VN.html"}},{"type":"Feature","geometry":{"type":"Point","coordinates":[106.2,17.8]},"properties":{"id":"MB05366","name":"Minh Cầm (Bẹ)","name_en":"Minh Cam (Be)","province":"Quảng Trị","commune":"Tuyên Hóa","page":"dams/QuangTri/MinhCamBe_TuyenHoa_QuangTri_VN.html"}},{"type":"Feature","geometry":{"type":"Point","coordinates":[105.3,20.2]},"properties":{"id":"MB00480","name":"Duồng Cốc","name_en":"Duong Coc","province":"Thanh Hóa","commune":"Điền Quang","page":"dams/ThanhHoa/DuongCoc_DienQuang_ThanhHoa_VN.html"}},{"type":"Feature","geometry":{"type":"Point","coordinates":[109.1,14.0]},"properties":{"id":"MB00444","name":"Tường Sơn","name_en":"Ho Tuong Son","province":"Gia Lai","commune":"Phù Cát","page":"dams/GiaLai/HoTuongSon_PhuCat_GiaLai_VN.html"}},{"type":"Feature","geometry":{"type":"Point","coordinates":[105.5,18.85]},"properties":{"id":"MB05528","name":"Khe Nụ","name_en":"Ho Khe Nu","province":"Nghệ An","commune":"Văn Kiều","page":"dams/NgheAn/HoKheNu_VanKieu_NgheAn_VN.html"}},{"type":"Feature","geometry":{"type":"Point","coordinates":[105.75,18.5]},"properties":{"id":"MB00505","name":"Nhà Đường","name_en":"Ho Nha Duong","province":"Hà Tĩnh","commune":"Can Lộc","page":"dams/HaTinh/HoNhaDuong_CanLoc_HaTinh_VN.html"}},{"type":"Feature","geometry":{"type":"Point","coordinates":[108.9,14.3]},"properties":{"id":"MB05242","name":"Suối Rùn","name_en":"Suoi Run","province":"Gia Lai","commune":"Kim Sơn","page":"dams/GiaLai/SuoiRun_KimSon_GiaLai_VN.html"}},{"type":"Feature","geometry":{"type":"Point","coordinates":[106.608,17.4]},"properties":{"id":"MB05340","name":"Điều Gà","name_en":"Dieu Ga","province":"Quảng Trị","commune":"Quảng Ninh","page":"dams/QuangTri/DieuGa_QuangNinh_QuangTri_VN.html"}},{"type":"Feature","geometry":{"type":"Point","coordinates":[106.258,18.1]},"properties":{"id":"MB00504","name":"Văn Võ","name_en":"Van Vo","province":"Hà Tĩnh","commune":"Kỳ Văn","page":"dams/HaTinh/VanVo_KyVan_HaTinh_VN.html"}},{"type":"Feature","geometry":{"type":"Point","coordinates":[105.491,21.55]},"properties":{"id":"MB05691","name":"Hồ Vĩnh Thành","name_en":"Ho Vinh Thanh","province":"Phú Thọ","commune":"Đạo Trù","page":"dams/PhuTho/HoVinhThanh_DaoTru_PhuTho_VN.html"}},{"type":"Feature","geometry":{"type":"Point","coordinates":[109.008,14.35]},"properties":{"id":"MB05247","name":"An Đôn","name_en":"An Don","province":"Gia Lai","commune":"Hoài Ân","page":"dams/GiaLai/AnDon_HoaiAn_GiaLai_VN.html"}},{"type":"Feature","geometry":{"type":"Point","coordinates":[109.008,14.3]},"properties":{"id":"MB00443","name":"Thạch Khê","name_en":"Ho Thach Khe","province":"Gia Lai","commune":"Hoài Ân","page":"dams/GiaLai/HoThachKhe_HoaiAn_GiaLai_VN.html"}},{"type":"Feature","geometry":{"type":"Point","coordinates":[107.808,11.9]},"properties":{"id":"MB01780","name":"Thôn 3","name_en":"Thon 3","province":"Lâm Đồng","commune":"Quảng Khê","page":"dams/LamDong/Thon3_QuangKhe_LamDong_VN.html"}},{"type":"Feature","geometry":{"type":"Point","coordinates":[108.0,14.4]},"properties":{"id":"MB01381","name":"Đăk Chà Mòn I","name_en":"Dak Cha Mon I","province":"Quảng Ngãi","commune":"Đăk Rơ Wa","page":"dams/QuangNgai/DakChaMon1_DakRoWa_QuangNgai_VN.html"}},{"type":"Feature","geometry":{"type":"Point","coordinates":[106.3,17.8]},"properties":{"id":"MB05361","name":"Thạch Trường","name_en":"Thach Truong","province":"Quảng Trị","commune":"Tân Gianh","page":"dams/QuangTri/ThachTruong_TanGianh_QuangTri_VN.html"}},{"type":"Feature","geometry":{"type":"Point","coordinates":[105.75,17.85]},"properties":{"id":"MB04174","name":"La Trọng","name_en":"Ho La Trong","province":"Quảng Trị","commune":"Dân Hóa","page":"dams/QuangTri/HoLaTrong_DanHoa_QuangTri_VN.html"}},{"type":"Feature","geometry":{"type":"Point","coordinates":[106.15,21.5]},"properties":{"id":"MB08385","name":"Suối Cấy","name_en":"Ho Suoi Cay","province":"Bắc Ninh","commune":"Đồng Kỳ","page":"dams/BacNinh/HoSuoiCay_DongKy_BacNinh_VN.html"}},{"type":"Feature","geometry":{"type":"Point","coordinates":[108.092,12.55]},"properties":{"id":"MB08375","name":"Dray Bhang","name_en":"Ho Ea Bong","province":"Đắk Lắk","commune":"Dray Bhăng","page":"dams/DakLak/HoEaBong_DrayBhang_DakLak_VN.html"}},{"type":"Feature","geometry":{"type":"Point","coordinates":[108.9,11.5]},"properties":{"id":"MB05962","name":"Bầu Zôn","name_en":"Ho Bau Zon","province":"Khánh Hòa","commune":"Phước Hữu","page":"dams/KhanhHoa/HoBauZon_PhuocHuu_KhanhHoa_VN.html"}},{"type":"Feature","geometry":{"type":"Point","coordinates":[108.5,15.05]},"properties":{"id":"MB00502","name":"Di Lăng","name_en":"Ho Di Lang","province":"Quảng Ngãi","commune":"Sơn Hà","page":"dams/QuangNgai/HoDiLang_SonHa_QuangNgai_VN.html"}},{"type":"Feature","geometry":{"type":"Point","coordinates":[106.15,21.65]},"properties":{"id":"MB08384","name":"Hồ Quán Chẽ","name_en":"Ho Quan Che","province":"Thái Nguyên","commune":"Dân Tiến","page":"dams/ThaiNguyen/HoQuanChe_DanTien_ThaiNguyen_VN.html"}},{"type":"Feature","geometry":{"type":"Point","coordinates":[105.95,17.8]},"properties":{"id":"MB08388","name":"Ba Nuong","name_en":"Ho Ba Nuong","province":"Quảng Trị","commune":"Minh Hóa","page":"dams/QuangTri/HoBaNuong_MinhHoa_QuangTri_VN.html"}},{"type":"Feature","geometry":{"type":"Point","coordinates":[107.95,11.55]},"properties":{"id":"MB00490","name":"Đập 3","name_en":"Ho Dap 3","province":"Lâm Đồng","commune":"Hòa Ninh","page":"dams/LamDong/HoDap3_HoaNinh_LamDong_VN.html"}},{"type":"Feature","geometry":{"type":"Point","coordinates":[107.55,11.4]},"properties":{"id":"MB05936","name":"Đạ Liong","name_en":"Ho Da Liong","province":"Lâm Đồng","commune":"Đạ Huoai","page":"dams/LamDong/HoDaLiong_DaHuoai_LamDong_VN.html"}},{"type":"Feature","geometry":{"type":"Point","coordinates":[107.7,12.0]},"properties":{"id":"MB06032","name":"Hố Bom","name_en":"Ho Ho Bom","province":"Lâm Đồng","commune":"Bắc Gia Nghĩa","page":"dams/LamDong/HoHoBom_BacGiaNghia_LamDong_VN.html"}},{"type":"Feature","geometry":{"type":"Point","coordinates":[108.05,12.7]},"properties":{"id":"MB08378","name":"Ông Giám","name_en":"Ho Ong Giam","province":"Đắk Lắk","commune":"Tân Lập","page":"dams/DakLak/HoOngGiam_TanLap_DakLak_VN.html"}},{"type":"Feature","geometry":{"type":"Point","coordinates":[109.05,12.15]},"properties":{"id":"MB00008","name":"Suối Dầu","name_en":"Ho Suoi Dau","province":"Khánh Hòa","commune":"Suối Dầu","page":"dams/KhanhHoa/HoSuoiDau_SuoiDau_KhanhHoa_VN.html"}},{"type":"Feature","geometry":{"type":"Point","coordinates":[107.75,14.0]},"properties":{"id":"MB00201","name":"Ia Grai 1","name_en":"Ia Grai 1","province":"Gia Lai","commune":"Ia Grai","page":"dams/GiaLai/IaGrai1_IaGrai_GiaLai_VN.html"}},{"type":"Feature","geometry":{"type":"Point","coordinates":[103.841,22.45]},"properties":{"id":"MB01092","name":"Ngòi Xan 2","name_en":"Ngoi Xan 2","province":"Lào Cai","commune":"Bát Xát","page":"dams/LaoCai/NgoiXan2_BatXat_LaoCai_VN.html"}},{"type":"Feature","geometry":{"type":"Point","coordinates":[107.65,21.5]},"properties":{"id":"MB90074","name":"Chúc Bài Sơn","name_en":"Ho Chuc Bai Son","province":"Quảng Ninh","commune":"Đường Hoa","page":"dams/QuangNinh/HoChucBaiSon_DuongHoa_QuangNinh_VN.html"}},{"type":"Feature","geometry":{"type":"Point","coordinates":[107.55,21.4]},"properties":{"id":"MB90075","name":"Đầm Hà Đông (Quảng Ninh)","name_en":"Ho Dam Ha Dong","province":"Quảng Ninh","commune":"Quảng Tân","page":"dams/QuangNinh/HoDamHaDong_QuangTan_QuangNinh_VN.html"}},{"type":"Feature","geometry":{"type":"Point","coordinates":[106.5,21.4]},"properties":{"id":"MB90081","name":"Làng Thum","name_en":"Ho Lang Thum","province":"Bắc Ninh","commune":"Phượng Sơn","page":"dams/BacNinh/HoLangThum_PhuongSon_BacNinh_VN.html"}},{"type":"Feature","geometry":{"type":"Point","coordinates":[105.4,21.15]},"properties":{"id":"MB90089","name":"Suối Hai","name_en":"Ho Suoi Hai","province":"Hà Nội","commune":"Quảng Oai","page":"dams/HaNoi/HoSuoiHai_QuangOai_HaNoi_VN.html"}},{"type":"Feature","geometry":{"type":"Point","coordinates":[103.05,21.4]},"properties":{"id":"MB90090","name":"Huổi Phạ","name_en":"Ho Huoi Pha","province":"Điện Biên","commune":"Điện Biên Phủ","page":"dams/DienBien/HoHuoiPha_DienBienPhu_DienBien_VN.html"}},{"type":"Feature","geometry":{"type":"Point","coordinates":[105.3,19.9]},"properties":{"id":"MB90091","name":"Cửa Đạt","name_en":"Ho Cua Dat","province":"Thanh Hóa","commune":"Vạn Xuân","page":"dams/ThanhHoa/HoCuaDat_VanXuan_ThanhHoa_VN.html"}},{"type":"Feature","geometry":{"type":"Point","coordinates":[105.55,19.65]},"properties":{"id":"MB90092","name":"Đồng Mực 2","name_en":"Ho Dong Lon","province":"Thanh Hóa","commune":"Như Thanh","page":"dams/ThanhHoa/HoDongLon_NhuThanh_ThanhHoa_VN.html"}},{"type":"Feature","geometry":{"type":"Point","coordinates":[105.55,19.6]},"properties":{"id":"MB90093","name":"Sông Mực","name_en":"Ho Song Muc","province":"Thanh Hóa","commune":"Như Thanh","page":"dams/ThanhHoa/HoSongMuc_NhuThanh_ThanhHoa_VN.html"}},{"type":"Feature","geometry":{"type":"Point","coordinates":[105.65,19.5]},"properties":{"id":"MB90094","name":"Hồ Yên Mỹ","name_en":"Ho Yen My","province":"Thanh Hóa","commune":"Các Sơn","page":"dams/ThanhHoa/HoYenMy_CacSon_ThanhHoa_VN.html"}},{"type":"Feature","geometry":{"type":"Point","coordinates":[105.5,19.4]},"properties":{"id":"MB90095","name":"Sông Sào","name_en":"Ho Song Sao","province":"Nghệ An","commune":"Nghĩa Lâm","page":"dams/NgheAn/HoSongSao_NghiaLam_NgheAn_VN.html"}},{"type":"Feature","geometry":{"type":"Point","coordinates":[105.642,19.3]},"properties":{"id":"MB90096","name":"Vực Mấu","name_en":"Ho Vuc Mau","province":"Nghệ An","commune":"Hoàng Mai","page":"dams/NgheAn/HoVucMau_HoangMai_NgheAn_VN.html"}},{"type":"Feature","geometry":{"type":"Point","coordinates":[105.55,18.8]},"properties":{"id":"MB90100","name":"Nghi Công","name_en":"Ho Nghi Cong","province":"Nghệ An","commune":"Phúc Lộc","page":"dams/NgheAn/HoNghiCong_PhucLoc_NgheAn_VN.html"}},{"type":"Feature","geometry":{"type":"Point","coordinates":[105.3,18.75]},"properties":{"id":"MB90101","name":"Cầu Cau","name_en":"Ho Cau Cau","province":"Nghệ An","commune":"Hoa Quân","page":"dams/NgheAn/HoCauCau_HoaQuan_NgheAn_VN.html"}},{"type":"Feature","geometry":{"type":"Point","coordinates":[105.9,18.25]},"properties":{"id":"MB90103","name":"Bộc Nguyên","name_en":"Ho Boc Nguyen","province":"Hà Tĩnh","commune":"Cẩm Duệ","page":"dams/HaTinh/HoBocNguyen_CamDue_HaTinh_VN.html"}},{"type":"Feature","geometry":{"type":"Point","coordinates":[106.1,18.15]},"properties":{"id":"MB90105","name":"Sông Rác","name_en":"Ho Song Rac","province":"Hà Tĩnh","commune":"Cẩm Lạc","page":"dams/HaTinh/HoSongRac_CamLac_HaTinh_VN.html"}},{"type":"Feature","geometry":{"type":"Point","coordinates":[106.242,18.0]},"properties":{"id":"MB90106","name":"Sông Trí","name_en":"Ho Song Tri","province":"Hà Tĩnh","commune":"Kỳ Hoa","page":"dams/HaTinh/HoSongTri_KyHoa_HaTinh_VN.html"}},{"type":"Feature","geometry":{"type":"Point","coordinates":[106.35,17.9]},"properties":{"id":"MB90109","name":"Vực Tròn","name_en":"Ho Vuc Tron","province":"Quảng Trị","commune":"Hòa Trạch","page":"dams/QuangTri/HoVucTron_HoaTrach_QuangTri_VN.html"}},{"type":"Feature","geometry":{"type":"Point","coordinates":[106.442,17.6]},"properties":{"id":"MB90112","name":"Vực Nồi","name_en":"Ho Vuc Noi","province":"Quảng Trị","commune":"Bố Trạch","page":"dams/QuangTri/HoVucNoi_BoTrach_QuangTri_VN.html"}},{"type":"Feature","geometry":{"type":"Point","coordinates":[106.45,17.45]},"properties":{"id":"MB90113","name":"Thác Chuối","name_en":"Ho Thac Chuoi","province":"Quảng Trị","commune":"Bố Trạch","page":"dams/QuangTri/HoThacChuoi_BoTrach_QuangTri_VN.html"}},{"type":"Feature","geometry":{"type":"Point","coordinates":[106.8,17.1]},"properties":{"id":"MB90119","name":"An Mã","name_en":"Ho An Ma","province":"Quảng Trị","commune":"Kim Ngân","page":"dams/QuangTri/HoAnMa_KimNgan_QuangTri_VN.html"}},{"type":"Feature","geometry":{"type":"Point","coordinates":[106.95,17.05]},"properties":{"id":"MB90120","name":"Bảo Đài","name_en":"Ho Bao Dai","province":"Quảng Trị","commune":"Vĩnh Linh","page":"dams/QuangTri/HoBaoDai_VinhLinh_QuangTri_VN.html"}},{"type":"Feature","geometry":{"type":"Point","coordinates":[106.7,16.7]},"properties":{"id":"MB90125","name":"Rào Quán","name_en":"Ho Rao Quan","province":"Quảng Trị","commune":"Hướng Phùng","page":"dams/QuangTri/HoRaoQuan_HuongPhung_QuangTri_VN.html"}},{"type":"Feature","geometry":{"type":"Point","coordinates":[107.3,16.4]},"properties":{"id":"MB90131","name":"Rào Trăng 4","name_en":"Ho Rao Trang 4","province":"Huế","commune":"Phong Điền","page":"dams/Hue/HoRaoTrang4_PhongDien_Hue_VN.html"}},{"type":"Feature","geometry":{"type":"Point","coordinates":[107.8,16.25]},"properties":{"id":"MB90134","name":"Hồ Truồi","name_en":"Ho Truoi","province":"Huế","commune":"Lộc An","page":"dams/Hue/HoTruoi_LocAn_Hue_VN.html"}},{"type":"Feature","geometry":{"type":"Point","coordinates":[107.4,15.7]},"properties":{"id":"MB90135","name":"Sông Bung 2","name_en":"Ho Song Bung 2","province":"Đà Nẵng","commune":"La Êê","page":"dams/DaNang/HoSongBung2_LaEe_DaNang_VN.html"}},{"type":"Feature","geometry":{"type":"Point","coordinates":[108.092,15.95]},"properties":{"id":"MB90138","name":"Hồ Đồng Nghệ","name_en":"Ho Dong Nghe","province":"Đà Nẵng","commune":"Hòa Tiến","page":"dams/DaNang/HoDongNghe_HoaTien_DaNang_VN.html"}},{"type":"Feature","geometry":{"type":"Point","coordinates":[108.05,15.75]},"properties":{"id":"MB90139","name":"Hồ Thạch Bàn","name_en":"Ho Thach Ban","province":"Đà Nẵng","commune":"Thu Bồn","page":"dams/DaNang/HoThachBan_ThuBon_DaNang_VN.html"}},{"type":"Feature","geometry":{"type":"Point","coordinates":[108.45,14.45]},"properties":{"id":"MB90143","name":"Vĩnh Sơn C","name_en":"Ho Vinh Son C","province":"Gia Lai","commune":"Đak Rong","page":"dams/GiaLai/HoVinhSonC_DakRong_GiaLai_VN.html"}},{"type":"Feature","geometry":{"type":"Point","coordinates":[108.6,14.4]},"properties":{"id":"MB90144","name":"Vĩnh Sơn B","name_en":"Ho Vinh Son B","province":"Gia Lai","commune":"Sơn Lang","page":"dams/GiaLai/HoVinhSonB_SonLang_GiaLai_VN.html"}},{"type":"Feature","geometry":{"type":"Point","coordinates":[108.9,14.4]},"properties":{"id":"MB90146","name":"Vạn Hội","name_en":"Ho Van Hoi","province":"Gia Lai","commune":"Vạn Đức","page":"dams/GiaLai/HoVanHoi_VanDuc_GiaLai_VN.html"}},{"type":"Feature","geometry":{"type":"Point","coordinates":[108.75,14.15]},"properties":{"id":"MB90149","name":"Định Bình","name_en":"Ho Dinh Binh","province":"Gia Lai","commune":"Vĩnh Thạnh","page":"dams/GiaLai/HoDinhBinh_VinhThanh_GiaLai_VN.html"}},{"type":"Feature","geometry":{"type":"Point","coordinates":[108.9,14.0]},"properties":{"id":"MB90150","name":"Thuận Ninh","name_en":"Ho Thuan Ninh","province":"Gia Lai","commune":"Bình Hiệp","page":"dams/GiaLai/HoThuanNinh_BinhHiep_GiaLai_VN.html"}},{"type":"Feature","geometry":{"type":"Point","coordinates":[107.9,13.3]},"properties":{"id":"MB90155","name":"Ia Jlơi/Ya Chlơi","name_en":"Ho Ia Jloi","province":"Đắk Lắk","commune":"Ea Rốk","page":"dams/DakLak/HoIaJloi_EaRok_DakLak_VN.html"}},{"type":"Feature","geometry":{"type":"Point","coordinates":[108.15,13.3]},"properties":{"id":"MB90156","name":"Ea H'leo 1","name_en":"Ho Ea H'leo 1","province":"Đắk Lắk","commune":"Ea H’leo","page":"dams/DakLak/HoEaHLeo1_EaHLeo_DakLak_VN.html"}},{"type":"Feature","geometry":{"type":"Point","coordinates":[108.2,13.2]},"properties":{"id":"MB90157","name":"Ea Drăng","name_en":"Ho Ea Drang","province":"Đắk Lắk","commune":"Ea Drăng","page":"dams/DakLak/HoEaDrang_EaDrang_DakLak_VN.html"}},{"type":"Feature","geometry":{"type":"Point","coordinates":[109.1,13.55]},"properties":{"id":"MB90159","name":"Kỳ Châu","name_en":"Ho Ky Chau","province":"Đắk Lắk","commune":"Xuân Lãnh","page":"dams/DakLak/HoKyChau_XuanLanh_DakLak_VN.html"}},{"type":"Feature","geometry":{"type":"Point","coordinates":[109.05,13.3]},"properties":{"id":"MB90160","name":"Phú Xuân","name_en":"Ho Phu Xuan","province":"Đắk Lắk","commune":"Xuân Phước","page":"dams/DakLak/HoPhuXuan_XuanPhuoc_DakLak_VN.html"}},{"type":"Feature","geometry":{"type":"Point","coordinates":[109.15,13.3]},"properties":{"id":"MB90161","name":"Đồng Tròn","name_en":"Ho Dong Tron","province":"Đắk Lắk","commune":"Tuy An Tây","page":"dams/DakLak/HoDongTron_TuyAnTay_DakLak_VN.html"}},{"type":"Feature","geometry":{"type":"Point","coordinates":[109.0,13.1]},"properties":{"id":"MB90163","name":"Suối Vực","name_en":"Ho Suoi Vuc","province":"Đắk Lắk","commune":"Sơn Hòa","page":"dams/DakLak/HoSuoiVuc_SonHoa_DakLak_VN.html"}},{"type":"Feature","geometry":{"type":"Point","coordinates":[108.1,13.05]},"properties":{"id":"MB90164","name":"Ea Súp 3","name_en":"Ho Ea Sup 3","province":"Đắk Lắk","commune":"Ea Kiết","page":"dams/DakLak/HoEaSup3_EaKiet_DakLak_VN.html"}},{"type":"Feature","geometry":{"type":"Point","coordinates":[108.05,13.0]},"properties":{"id":"MB90166","name":"Buôn Wing","name_en":"Ho Buon Wing","province":"Đắk Lắk","commune":"Ea Kiết","page":"dams/DakLak/HoBuonWing_EaKiet_DakLak_VN.html"}},{"type":"Feature","geometry":{"type":"Point","coordinates":[108.55,12.6]},"properties":{"id":"MB90167","name":"Ea Rớt","name_en":"Ho Ea Rot","province":"Đắk Lắk","commune":"Ea Ô","page":"dams/DakLak/HoEaRot_EaO_DakLak_VN.html"}},{"type":"Feature","geometry":{"type":"Point","coordinates":[107.5,12.3]},"properties":{"id":"MB90171","name":"Sình Muống","name_en":"Ho Sinh Muong","province":"Lâm Đồng","commune":"Thuận Hạnh","page":"dams/LamDong/HoSinhMuong_ThuanHanh_LamDong_VN.html"}},{"type":"Feature","geometry":{"type":"Point","coordinates":[108.6,12.1]},"properties":{"id":"MB90175","name":"Ea MĐoal","name_en":"Ho Ea M'Doal","province":"Lâm Đồng","commune":"Lạc Dương","page":"dams/LamDong/HoEaMDoal_LacDuong_LamDong_VN.html"}},{"type":"Feature","geometry":{"type":"Point","coordinates":[109.1,12.1]},"properties":{"id":"MB90182","name":"Cam Ranh","name_en":"Ho Cam Ranh","province":"Khánh Hòa","commune":"Cam Hiệp","page":"dams/KhanhHoa/HoCamRanh_CamHiep_KhanhHoa_VN.html"}},{"type":"Feature","geometry":{"type":"Point","coordinates":[109.05,11.95]},"properties":{"id":"MB90184","name":"Suối Hành","name_en":"Ho Suoi Hanh","province":"Khánh Hòa","commune":"Ba Ngòi","page":"dams/KhanhHoa/HoSuoiHanh_BaNgoi_KhanhHoa_VN.html"}},{"type":"Feature","geometry":{"type":"Point","coordinates":[108.95,11.85]},"properties":{"id":"MB90185","name":"Sông Sắt","name_en":"Ho Song Sat","province":"Khánh Hòa","commune":"Bác Ái Đông","page":"dams/KhanhHoa/HoSongSat_BacAiDong_KhanhHoa_VN.html"}},{"type":"Feature","geometry":{"type":"Point","coordinates":[108.95,11.4]},"properties":{"id":"MB90198","name":"Núi Một","name_en":"Ho Nui Mot","province":"Khánh Hòa","commune":"Phước Dinh","page":"dams/KhanhHoa/HoNuiMot_PhuocDinh_KhanhHoa_VN.html"}},{"type":"Feature","geometry":{"type":"Point","coordinates":[108.65,11.4]},"properties":{"id":"MB90200","name":"Phan Dũng","name_en":"Ho Phan Dung","province":"Lâm Đồng","commune":"Tuy Phong","page":"dams/LamDong/HoPhanDung_TuyPhong_LamDong_VN.html"}},{"type":"Feature","geometry":{"type":"Point","coordinates":[108.75,11.3]},"properties":{"id":"MB90201","name":"Đá Bạc","name_en":"Ho Da Bac","province":"Lâm Đồng","commune":"Vĩnh Hảo","page":"dams/LamDong/HoDaBac_VinhHao_LamDong_VN.html"}},{"type":"Feature","geometry":{"type":"Point","coordinates":[108.65,11.3]},"properties":{"id":"MB90202","name":"Lòng Sông","name_en":"Ho Long Song","province":"Lâm Đồng","commune":"Tuy Phong","page":"dams/LamDong/HoLongSong_TuyPhong_LamDong_VN.html"}},{"type":"Feature","geometry":{"type":"Point","coordinates":[108.4,11.35]},"properties":{"id":"MB90203","name":"Cà Giây","name_en":"Ho Ca Giay","province":"Lâm Đồng","commune":"Hải Ninh","page":"dams/LamDong/HoCaGiay_HaiNinh_LamDong_VN.html"}},{"type":"Feature","geometry":{"type":"Point","coordinates":[108.35,11.45]},"properties":{"id":"MB90205","name":"Bắc Bình","name_en":"Ho Bac Binh","province":"Lâm Đồng","commune":"Phan Sơn","page":"dams/LamDong/HoBacBinh_PhanSon_LamDong_VN.html"}},{"type":"Feature","geometry":{"type":"Point","coordinates":[108.25,11.7]},"properties":{"id":"MB90211","name":"Đa Dâng 2","name_en":"Ho Da Dang 2","province":"Lâm Đồng","commune":"Đinh Văn Lâm Hà","page":"dams/LamDong/HoDaDang2_DinhVanLamHa_LamDong_VN.html"}},{"type":"Feature","geometry":{"type":"Point","coordinates":[106.8,11.4]},"properties":{"id":"MB90224","name":"Suối Giai","name_en":"Ho Suoi Giai","province":"Đồng Nai","commune":"Đồng Phú","page":"dams/DongNai/HoSuoiGiai_DongPhu_DongNai_VN.html"}},{"type":"Feature","geometry":{"type":"Point","coordinates":[106.9,11.55]},"properties":{"id":"MB90225","name":"Suối Cam","name_en":"Ho Suoi Cam","province":"Đồng Nai","commune":"Bình Phước","page":"dams/DongNai/HoSuoiCam_BinhPhuoc_DongNai_VN.html"}},{"type":"Feature","geometry":{"type":"Point","coordinates":[107.35,10.55]},"properties":{"id":"MB90227","name":"Lồ Ô","name_en":"Ho Lo O","province":"TP. Hồ Chí Minh","commune":"Đất Đỏ","page":"dams/TPHoChiMinh/HoLoO_DatDo_TPHoChiMinh_VN.html"}},{"type":"Feature","geometry":{"type":"Point","coordinates":[107.4,11.95]},"properties":{"id":"MB90229","name":"Quảng Tín","name_en":"Ho Quang Tin","province":"Lâm Đồng","commune":"Quảng Tân","page":"dams/LamDong/HoQuangTin_QuangTan_LamDong_VN.html"}},{"type":"Feature","geometry":{"type":"Point","coordinates":[107.4,11.85]},"properties":{"id":"MB90231","name":"Đắk Kar","name_en":"Ho Dak Kar","province":"Đồng Nai","commune":"Thọ Sơn","page":"dams/DongNai/HoDakKar_ThoSon_DongNai_VN.html"}},{"type":"Feature","geometry":{"type":"Point","coordinates":[107.0,21.5]},"properties":{"id":"MB90234","name":"Pắc Làng","name_en":"Ho Pac Lang","province":"Lạng Sơn","commune":"Thái Bình","page":"dams/LangSon/HoPacLang_ThaiBinh_LangSon_VN.html"}},{"type":"Feature","geometry":{"type":"Point","coordinates":[106.95,21.65]},"properties":{"id":"MB90235","name":"Hồ Bản Chành","name_en":"Ho Ban Chanh","province":"Lạng Sơn","commune":"Na Dương","page":"dams/LangSon/HoBanChanh_NaDuong_LangSon_VN.html"}},{"type":"Feature","geometry":{"type":"Point","coordinates":[106.446,21.143]},"properties":{"id":"MB90236","name":"Hồ Phú Lợi","name_en":"Ho Ben Tam","province":"Hải Phòng","commune":"Nguyễn Trãi","page":"dams/HaiPhong/HoBenTam_NguyenTrai_HaiPhong_VN.html"}},{"type":"Feature","geometry":{"type":"Point","coordinates":[104.0,22.25]},"properties":{"id":"MB90237","name":"Nậm Củn","name_en":"Ho Nam Cun","province":"Lào Cai","commune":"Bản Hồ","page":"dams/LaoCai/HoNamCun_BanHo_LaoCai_VN.html"}},{"type":"Feature","geometry":{"type":"Point","coordinates":[104.0,22.3]},"properties":{"id":"MB90238","name":"Tả Thàng","name_en":"Ho Ta Thang","province":"Lào Cai","commune":"Bản Hồ","page":"dams/LaoCai/HoTaThang_BanHo_LaoCai_VN.html"}},{"type":"Feature","geometry":{"type":"Point","coordinates":[103.9,22.25]},"properties":{"id":"MB90239","name":"Seo Chong Hô","name_en":"Ho Seo Chong Ho","province":"Lào Cai","commune":"Tả Van","page":"dams/LaoCai/HoSeoChongHo_TaVan_LaoCai_VN.html"}},{"type":"Feature","geometry":{"type":"Point","coordinates":[106.742,16.65]},"properties":{"id":"MB90244","name":"Hạ Rào Quán","name_en":"Ha Rao Quan","province":"Quảng Trị","commune":"Khe Sanh","page":"dams/QuangTri/HaRaoQuan_KheSanh_QuangTri_VN.html"}},{"type":"Feature","geometry":{"type":"Point","coordinates":[107.7,10.8]},"properties":{"id":"MB90246","name":"Sông Dinh 3","name_en":"Ho Song Dinh 3","province":"Lâm Đồng","commune":"Hàm Tân","page":"dams/LamDong/HoSongDinh3_HamTan_LamDong_VN.html"}},{"type":"Feature","geometry":{"type":"Point","coordinates":[107.45,10.9]},"properties":{"id":"MB90251","name":"Gia Ui","name_en":"Ho Gia Ui","province":"Đồng Nai","commune":"Xuân Hòa","page":"dams/DongNai/HoGiaUi_XuanHoa_DongNai_VN.html"}},{"type":"Feature","geometry":{"type":"Point","coordinates":[107.4,10.9]},"properties":{"id":"MB90253","name":"Gia Măng","name_en":"Ho Gia Mang","province":"Đồng Nai","commune":"Xuân Lộc","page":"dams/DongNai/HoGiaMang_XuanLoc_DongNai_VN.html"}},{"type":"Feature","geometry":{"type":"Point","coordinates":[107.85,11.0]},"properties":{"id":"MB90259","name":"Sông Móng","name_en":"Ho Song Mong","province":"Lâm Đồng","commune":"Hàm Thạnh","page":"dams/LamDong/HoSongMong_HamThanh_LamDong_VN.html"}},{"type":"Feature","geometry":{"type":"Point","coordinates":[108.158,11.15]},"properties":{"id":"MB90260","name":"Sông Quao","name_en":"Ho Song Quao","province":"Lâm Đồng","commune":"Hàm Thuận Bắc","page":"dams/LamDong/HoSongQuao_HamThuanBac_LamDong_VN.html"}},{"type":"Feature","geometry":{"type":"Point","coordinates":[108.15,11.2]},"properties":{"id":"MB90262","name":"Sông Khán","name_en":"Ho Song Khan","province":"Lâm Đồng","commune":"Hàm Thuận Bắc","page":"dams/LamDong/HoSongKhan_HamThuanBac_LamDong_VN.html"}},{"type":"Feature","geometry":{"type":"Point","coordinates":[107.65,11.6]},"properties":{"id":"MB90263","name":"Đa M'Bri","name_en":"Ho Da M'Bri","province":"Lâm Đồng","commune":"2 Bảo Lộc","page":"dams/LamDong/HoDaMBri_2BaoLoc_LamDong_VN.html"}},{"type":"Feature","geometry":{"type":"Point","coordinates":[107.55,11.55]},"properties":{"id":"MB90264","name":"Đạ Tẻh","name_en":"Ho Da Teh","province":"Lâm Đồng","commune":"Đạ Tẻh 3","page":"dams/LamDong/HoDaTeh_DaTeh3_LamDong_VN.html"}},{"type":"Feature","geometry":{"type":"Point","coordinates":[108.1,11.55]},"properties":{"id":"MB90267","name":"Ka La","name_en":"Ho Ka La","province":"Lâm Đồng","commune":"Bảo Thuận","page":"dams/LamDong/HoKaLa_BaoThuan_LamDong_VN.html"}},{"type":"Feature","geometry":{"type":"Point","coordinates":[108.85,14.65]},"properties":{"id":"MB90270","name":"Đồng Mít","name_en":"Ho Dong Mit","province":"Gia Lai","commune":"An Vinh","page":"dams/GiaLai/HoDongMit_AnVinh_GiaLai_VN.html"}},{"type":"Feature","geometry":{"type":"Point","coordinates":[105.392,18.65]},"properties":{"id":"MB90277","name":"Hồ Cửa Ông","name_en":"Cua Ong","province":"Nghệ An","commune":"Bích Hào","page":"dams/NgheAn/CuaOng_BichHao_NgheAn_VN.html"}},{"type":"Feature","geometry":{"type":"Point","coordinates":[107.65,14.65]},"properties":{"id":"MB90284","name":"Sơ Loong","name_en":"Ho So Loong","province":"Quảng Ngãi","commune":"Sa Loong","page":"dams/QuangNgai/HoSoLoong_SaLoong_QuangNgai_VN.html"}},{"type":"Feature","geometry":{"type":"Point","coordinates":[107.6,14.65]},"properties":{"id":"MB90285","name":"Đăk H'Niêng","name_en":"Ho Dak H'Niu","province":"Quảng Ngãi","commune":"Bờ Y","page":"dams/QuangNgai/HoDakHNiu_BoY_QuangNgai_VN.html"}},{"type":"Feature","geometry":{"type":"Point","coordinates":[107.95,14.5]},"properties":{"id":"MB90287","name":"Đập Đăk Trít","name_en":"Dap Dak Trit","province":"Quảng Ngãi","commune":"Đăk Hà","page":"dams/QuangNgai/DapDakTrit_DakHa_QuangNgai_VN.html"}},{"type":"Feature","geometry":{"type":"Point","coordinates":[108.7,14.3]},"properties":{"id":"MB90288","name":"Trà Xom","name_en":"Tra Xom","province":"Gia Lai","commune":"Vĩnh Sơn","page":"dams/GiaLai/TraXom_VinhSon_GiaLai_VN.html"}},{"type":"Feature","geometry":{"type":"Point","coordinates":[108.95,14.1]},"properties":{"id":"MB90289","name":"Suối Tre","name_en":"Ho Suoi Tre","province":"Gia Lai","commune":"Hội Sơn","page":"dams/GiaLai/HoSuoiTre_HoiSon_GiaLai_VN.html"}},{"type":"Feature","geometry":{"type":"Point","coordinates":[108.95,14.45]},"properties":{"id":"MB90291","name":"Mỹ Đức","name_en":"Ho My Duc","province":"Gia Lai","commune":"Ân Hảo","page":"dams/GiaLai/HoMyDuc_AnHao_GiaLai_VN.html"}},{"type":"Feature","geometry":{"type":"Point","coordinates":[108.85,12.45]},"properties":{"id":"MB90293","name":"Sông Chò 2","name_en":"Ho Song Cho 2","province":"Khánh Hòa","commune":"Trung Khánh Vĩnh","page":"dams/KhanhHoa/HoSongCho2_TrungKhanhVinh_KhanhHoa_VN.html"}},{"type":"Feature","geometry":{"type":"Point","coordinates":[109.0,12.25]},"properties":{"id":"MB90297","name":"Láng Nhớt","name_en":"Ho Lang Nhot","province":"Khánh Hòa","commune":"Diên Thọ","page":"dams/KhanhHoa/HoLangNhot_DienTho_KhanhHoa_VN.html"}},{"type":"Feature","geometry":{"type":"Point","coordinates":[108.25,11.65]},"properties":{"id":"MB90299","name":"Đa Dâng 3","name_en":"Ho Da Dang 3","province":"Lâm Đồng","commune":"Tân Hà Lâm Hà","page":"dams/LamDong/HoDaDang3_TanHaLamHa_LamDong_VN.html"}},{"type":"Feature","geometry":{"type":"Point","coordinates":[107.85,11.65]},"properties":{"id":"MB90301","name":"Cai Bảng","name_en":"Ho Cai Bang","province":"Lâm Đồng","commune":"Bảo Lâm 1","page":"dams/LamDong/HoCaiBang_BaoLam1_LamDong_VN.html"}},{"type":"Feature","geometry":{"type":"Point","coordinates":[107.842,11.6]},"properties":{"id":"MB90302","name":"Lộc Thắng","name_en":"Ho Loc Thang","province":"Lâm Đồng","commune":"Bảo Lâm 1","page":"dams/LamDong/HoLocThang_BaoLam1_LamDong_VN.html"}},{"type":"Feature","geometry":{"type":"Point","coordinates":[107.9,11.4]},"properties":{"id":"MB90305","name":"Bảo Lộc","name_en":"Dap Tran Thuy dien Bao Loc","province":"Lâm Đồng","commune":"Bảo Lâm 3","page":"dams/LamDong/DapTranThuyDienBaoLoc_BaoLam3_LamDong_VN.html"}},{"type":"Feature","geometry":{"type":"Point","coordinates":[107.5,11.05]},"properties":{"id":"MB90307","name":"Trà Tân","name_en":"Ho Tra Tan","province":"Lâm Đồng","commune":"Trà Tân","page":"dams/LamDong/HoTraTan_TraTan_LamDong_VN.html"}},{"type":"Feature","geometry":{"type":"Point","coordinates":[107.75,10.9]},"properties":{"id":"MB90309","name":"Sông Phan","name_en":"Ho Song Phan","province":"Lâm Đồng","commune":"Tân Lập","page":"dams/LamDong/HoSongPhan_TanLap_LamDong_VN.html"}},{"type":"Feature","geometry":{"type":"Point","coordinates":[107.8,10.85]},"properties":{"id":"MB90310","name":"Tà Mon","name_en":"Ho Ta Mon","province":"Lâm Đồng","commune":"Tân Lập","page":"dams/LamDong/HoTaMon_TanLap_LamDong_VN.html"}},{"type":"Feature","geometry":{"type":"Point","coordinates":[107.05,11.25]},"properties":{"id":"MB90314","name":"Bà Hào","name_en":"Ho Ba Hao","province":"Đồng Nai","commune":"Trị An","page":"dams/DongNai/HoBaHao_TriAn_DongNai_VN.html"}},{"type":"Feature","geometry":{"type":"Point","coordinates":[107.158,10.6]},"properties":{"id":"MB90316","name":"Châu Pha","name_en":"Ho Chau Pha","province":"TP. Hồ Chí Minh","commune":"Châu Pha","page":"dams/TPHoChiMinh/HoChauPha_ChauPha_TPHoChiMinh_VN.html"}},{"type":"Feature","geometry":{"type":"Point","coordinates":[107.142,10.6]},"properties":{"id":"MB90317","name":"Đá Đen","name_en":"Ho Da Den","province":"TP. Hồ Chí Minh","commune":"Ngãi Giao","page":"dams/TPHoChiMinh/HoDaDen_NgaiGiao_TPHoChiMinh_VN.html"}},{"type":"Feature","geometry":{"type":"Point","coordinates":[107.1,10.75]},"properties":{"id":"MB90318","name":"Cầu Mới","name_en":"Ho Cau Moi","province":"Đồng Nai","commune":"Xuân Đường","page":"dams/DongNai/HoCauMoi_XuanDuong_DongNai_VN.html"}},{"type":"Feature","geometry":{"type":"Point","coordinates":[108.9,14.65]},"properties":{"id":"MB90327","name":"An Hưng","name_en":"Ho An Hung","province":"Gia Lai","commune":"An Vinh","page":"dams/GiaLai/HoAnHung_AnVinh_GiaLai_VN.html"}},{"type":"Feature","geometry":{"type":"Point","coordinates":[108.192,15.8]},"properties":{"id":"MB90333","name":"Hồ Phú Lộc","name_en":"Ho Phu Loc","province":"Đà Nẵng","commune":"Duy Xuyên","page":"dams/DaNang/HoPhuLoc_DuyXuyen_DaNang_VN.html"}},{"type":"Feature","geometry":{"type":"Point","coordinates":[107.7,15.75]},"properties":{"id":"MB90334","name":"Sông Bung 4A","name_en":"Song Bung 4A","province":"Đà Nẵng","commune":"Thạnh Mỹ","page":"dams/DaNang/SongBung4A_ThanhMy_DaNang_VN.html"}},{"type":"Feature","geometry":{"type":"Point","coordinates":[106.892,17.15]},"properties":{"id":"MB90335","name":"Thanh Sơn","name_en":"Ho Thanh Son","province":"Quảng Trị","commune":"Tân Mỹ","page":"dams/QuangTri/HoThanhSon_TanMy_QuangTri_VN.html"}},{"type":"Feature","geometry":{"type":"Point","coordinates":[106.308,18.05]},"properties":{"id":"MB90338","name":"Mộc Hương","name_en":"Ho Moc Huong","province":"Hà Tĩnh","commune":"Sông Trí","page":"dams/HaTinh/HoMocHuong_SongTri_HaTinh_VN.html"}},{"type":"Feature","geometry":{"type":"Point","coordinates":[105.35,21.2]},"properties":{"id":"MB90343","name":"Đầm Long","name_en":"Dam Long","province":"Hà Nội","commune":"Bất Bạt","page":"dams/HaNoi/DamLong_BatBat_HaNoi_VN.html"}},{"type":"Feature","geometry":{"type":"Point","coordinates":[105.45,21.45]},"properties":{"id":"MB90346","name":"Hồ Vân Trục","name_en":"Ho Van Truc","province":"Phú Thọ","commune":"Lập Thạch","page":"dams/PhuTho/HoVanTruc_LapThach_PhuTho_VN.html"}},{"type":"Feature","geometry":{"type":"Point","coordinates":[107.9,12.7]},"properties":{"id":"MB00653","name":"Đrây H'Linh 2","name_en":"Dray H'Linh 2","province":"Lâm Đồng","commune":"Đắk Wil","page":"dams/LamDong/DrayHLinh2_DakWil_LamDong_VN.html"}},{"type":"Feature","geometry":{"type":"Point","coordinates":[103.15,21.15]},"properties":{"id":"PD00003","name":"Bản Ban","name_en":"Ban Ban","province":"Điện Biên","commune":"Mường Nhà","page":"dams/DienBien/BanBan_MuongNha_DienBien_VN.html"}},{"type":"Feature","geometry":{"type":"Point","coordinates":[105.642,18.4]},"properties":{"id":"PD00004","name":"Bình Hà","name_en":"Binh Ha","province":"Hà Tĩnh","commune":"Trường Lưu","page":"dams/HaTinh/BinhHa_TruongLuu_HaTinh_VN.html"}},{"type":"Feature","geometry":{"type":"Point","coordinates":[106.541,21.15]},"properties":{"id":"PD00005","name":"Đồng Đò 1","name_en":"Dong Do 1","province":"Quảng Ninh","commune":"Bình Khê","page":"dams/QuangNinh/DongDo1_BinhKhe_QuangNinh_VN.html"}},{"type":"Feature","geometry":{"type":"Point","coordinates":[107.1,16.75]},"properties":{"id":"PD00006","name":"Ái Tử","name_en":"Ai Tu","province":"Quảng Trị","commune":"Ái Tử","page":"dams/QuangTri/AiTu_AiTu_QuangTri_VN.html"}},{"type":"Feature","geometry":{"type":"Point","coordinates":[106.9,21.65]},"properties":{"id":"PD00007","name":"Ho Ban Nung","name_en":"Ho Ban Nung","province":"Lạng Sơn","commune":"Na Dương","page":"dams/LangSon/HoBanNung_NaDuong_LangSon_VN.html"}},{"type":"Feature","geometry":{"type":"Point","coordinates":[106.6,22.8]},"properties":{"id":"PD00008","name":"Ho Ban Viet","name_en":"Ho Ban Viet","province":"Cao Bằng","commune":"Đàm Thuỷ","page":"dams/CaoBang/HoBanViet_DamThuy_CaoBang_VN.html"}},{"type":"Feature","geometry":{"type":"Point","coordinates":[106.95,17.15]},"properties":{"id":"PD00009","name":"Ho Bau Nhum","name_en":"Ho Bau Nhum","province":"Quảng Trị","commune":"Sen Ngư","page":"dams/QuangTri/HoBauNhum_SenNgu_QuangTri_VN.html"}},{"type":"Feature","geometry":{"type":"Point","coordinates":[104.991,21.55]},"properties":{"id":"PD00010","name":"Cửa Hoảng","name_en":"Ho Cua Hoang","province":"Phú Thọ","commune":"Văn Lang","page":"dams/PhuTho/HoCuaHoang_VanLang_PhuTho_VN.html"}},{"type":"Feature","geometry":{"type":"Point","coordinates":[105.7,19.35]},"properties":{"id":"PD00012","name":"Ho Khe Tuan","name_en":"Ho Khe Tuan","province":"Thanh Hóa","commune":"Trường Lâm","page":"dams/ThanhHoa/HoKheTuan_TruongLam_ThanhHoa_VN.html"}},{"type":"Feature","geometry":{"type":"Point","coordinates":[106.9,21.7]},"properties":{"id":"PD00014","name":"Hồ Pò Khoang","name_en":"Ho Po Khoang","province":"Lạng Sơn","commune":"Na Dương","page":"dams/LangSon/HoPoKhoang_NaDuong_LangSon_VN.html"}},{"type":"Feature","geometry":{"type":"Point","coordinates":[105.55,20.1]},"properties":{"id":"PD00015","name":"Thắng Long","name_en":"Ho Thang Long","province":"Thanh Hóa","commune":"Quý Lộc","page":"dams/ThanhHoa/HoThangLong_QuyLoc_ThanhHoa_VN.html"}},{"type":"Feature","geometry":{"type":"Point","coordinates":[107.05,16.85]},"properties":{"id":"PD00016","name":"Ho Truc Kinh","name_en":"Ho Truc Kinh","province":"Quảng Trị","commune":"Hiếu Giang","page":"dams/QuangTri/HoTrucKinh_HieuGiang_QuangTri_VN.html"}},{"type":"Feature","geometry":{"type":"Point","coordinates":[108.1,13.6]},"properties":{"id":"PD00018","name":"Ia Ring","name_en":"Ia Ring","province":"Gia Lai","commune":"Ia Hrú","page":"dams/GiaLai/IaRing_IaHru_GiaLai_VN.html"}},{"type":"Feature","geometry":{"type":"Point","coordinates":[106.85,21.35]},"properties":{"id":"PD00019","name":"Khe Hắng","name_en":"Khe Hang","province":"Bắc Ninh","commune":"Sơn Động","page":"dams/BacNinh/KheHang_SonDong_BacNinh_VN.html"}},{"type":"Feature","geometry":{"type":"Point","coordinates":[106.459,21.25]},"properties":{"id":"PD00020","name":"Khe Ráy","name_en":"Khe Ray","province":"Bắc Ninh","commune":"Nghĩa Phương","page":"dams/BacNinh/KheRay_NghiaPhuong_BacNinh_VN.html"}},{"type":"Feature","geometry":{"type":"Point","coordinates":[105.35,20.0]},"properties":{"id":"PD00021","name":"Làng Bằng","name_en":"Lang Bang","province":"Thanh Hóa","commune":"Nguyệt Ấn","page":"dams/ThanhHoa/LangBang_NguyetAn_ThanhHoa_VN.html"}},{"type":"Feature","geometry":{"type":"Point","coordinates":[103.15,21.4]},"properties":{"id":"PD00022","name":"Nậm Ngám","name_en":"Nam Ngam","province":"Điện Biên","commune":"Pu Nhi","page":"dams/DienBien/NamNgam_PuNhi_DienBien_VN.html"}},{"type":"Feature","geometry":{"type":"Point","coordinates":[105.841,20.15]},"properties":{"id":"PD00023","name":"Núi Vá","name_en":"Nui Va","province":"Ninh Bình","commune":"Tam Điệp","page":"dams/NinhBinh/NuiVa_TamDiep_NinhBinh_VN_PD00023.html"}},{"type":"Feature","geometry":{"type":"Point","coordinates":[108.9,11.55]},"properties":{"id":"PD00025","name":"Tà Ranh","name_en":"Ta Ranh","province":"Khánh Hòa","commune":"Phước Hữu","page":"dams/KhanhHoa/TaRanh_PhuocHuu_KhanhHoa_VN.html"}},{"type":"Feature","geometry":{"type":"Point","coordinates":[105.709,20.4]},"properties":{"id":"PD00026","name":"Thác La","name_en":"Thac La","province":"Ninh Bình","commune":"Phú Sơn","page":"dams/NinhBinh/ThacLa_PhuSon_NinhBinh_VN.html"}},{"type":"Feature","geometry":{"type":"Point","coordinates":[105.492,18.75]},"properties":{"id":"PD00027","name":"Thanh Thủy","name_en":"Thanh Thuy","province":"Nghệ An","commune":"Vạn An","page":"dams/NgheAn/ThanhThuy_VanAn_NgheAn_VN.html"}},{"type":"Feature","geometry":{"type":"Point","coordinates":[105.443,18.595]},"properties":{"id":"PD00029","name":"Vực Rồng","name_en":"Vuc Rong","province":"Hà Tĩnh","commune":"Sơn Tiến","page":"dams/HaTinh/VucRong_SonTien_HaTinh_VN.html"}},{"type":"Feature","geometry":{"type":"Point","coordinates":[108.696,14.343]},"properties":{"id":"PD00034","name":"Vĩnh Sơn A","name_en":"Vinh Son A","province":"Gia Lai","commune":"Vĩnh Sơn","page":"dams/GiaLai/VinhSonA_VinhSon_GiaLai_VN.html"}},{"type":"Feature","geometry":{"type":"Point","coordinates":[108.742,14.2]},"properties":{"id":"PD00036","name":"Định Bình","name_en":"Dinh Binh","province":"Gia Lai","commune":"Vĩnh Thịnh","page":"dams/GiaLai/DinhBinh_VinhThinh_GiaLai_VN.html"}},{"type":"Feature","geometry":{"type":"Point","coordinates":[105.85,18.25]},"properties":{"id":"PD00037","name":"Bái Thượng","name_en":"Bai Thuong","province":"Hà Tĩnh","commune":"Thạch Xuân","page":"dams/HaTinh/BaiThuong_ThachXuan_HaTinh_VN.html"}},{"type":"Feature","geometry":{"type":"Point","coordinates":[109.05,14.25]},"properties":{"id":"PD00039","name":"Trung Sơn","name_en":"Trung Son","province":"Gia Lai","commune":"Phù Mỹ Tây","page":"dams/GiaLai/TrungSon_PhuMyTay_GiaLai_VN.html"}},{"type":"Feature","geometry":{"type":"Point","coordinates":[105.45,20.05]},"properties":{"id":"PD00040","name":"Xuân Minh","name_en":"Xuan Minh","province":"Thanh Hóa","commune":"Ngọc Liên","page":"dams/ThanhHoa/XuanMinh_NgocLien_ThanhHoa_VN.html"}},{"type":"Feature","geometry":{"type":"Point","coordinates":[108.1,12.5]},"properties":{"id":"PD00042","name":"Ea Tul 1","name_en":"Ea Tul 1","province":"Đắk Lắk","commune":"Dur Kmăl","page":"dams/DakLak/EaTul1_DurKmal_DakLak_VN.html"}},{"type":"Feature","geometry":{"type":"Point","coordinates":[108.0,15.8]},"properties":{"id":"PD00044","name":"Hồ Khe Tân","name_en":"Ho Khe Tan","province":"Đà Nẵng","commune":"Phú Thuận","page":"dams/DaNang/HoKheTan_PhuThuan_DaNang_VN.html"}},{"type":"Feature","geometry":{"type":"Point","coordinates":[106.942,11.6]},"properties":{"id":"PD00045","name":"Đồng Xoài","name_en":"Dong Xoai","province":"Đồng Nai","commune":"Thuận Lợi","page":"dams/DongNai/DongXoai_ThuanLoi_DongNai_VN.html"}},{"type":"Feature","geometry":{"type":"Point","coordinates":[108.142,11.15]},"properties":{"id":"PD00048","name":"Sông Quao","name_en":"Song Quao","province":"Lâm Đồng","commune":"Hàm Thuận Bắc","page":"dams/LamDong/SongQuao_HamThuanBac_LamDong_VN.html"}},{"type":"Feature","geometry":{"type":"Point","coordinates":[107.05,11.8]},"properties":{"id":"PD00050","name":"Thác Mơ","name_en":"Thac Mo","province":"Đồng Nai","commune":"Phước Long","page":"dams/DongNai/ThacMo_PhuocLong_DongNai_VN_PD00050.html"}},{"type":"Feature","geometry":{"type":"Point","coordinates":[107.75,11.15]},"properties":{"id":"PD00052","name":"Tà Pao","name_en":"Ta Pao","province":"Lâm Đồng","commune":"Đồng Kho","page":"dams/LamDong/TaPao_DongKho_LamDong_VN.html"}},{"type":"Feature","geometry":{"type":"Point","coordinates":[106.35,21.4]},"properties":{"id":"PD00055","name":"Ba Bãi","name_en":"Ba Bai","province":"Bắc Ninh","commune":"Bảo Đài","page":"dams/BacNinh/BaBai_BaoDai_BacNinh_VN.html"}},{"type":"Feature","geometry":{"type":"Point","coordinates":[106.592,17.5]},"properties":{"id":"PD00056","name":"Bàu Tràm","name_en":"Bau Tram","province":"Quảng Trị","commune":"Đồng Thuận","page":"dams/QuangTri/BauTram_DongThuan_QuangTri_VN.html"}},{"type":"Feature","geometry":{"type":"Point","coordinates":[105.35,21.15]},"properties":{"id":"PD00057","name":"Cam Quy_Ha Noi","name_en":"Cam Quy_Ha Noi","province":"Hà Nội","commune":"Suối Hai","page":"dams/HaNoi/CamQuyHaNoi_SuoiHai_HaNoi_VN.html"}},{"type":"Feature","geometry":{"type":"Point","coordinates":[105.9,20.1]},"properties":{"id":"PD00058","name":"Cánh Chim","name_en":"Canh Chim","province":"Thanh Hóa","commune":"Bỉm Sơn","page":"dams/ThanhHoa/CanhChim_BimSon_ThanhHoa_VN.html"}},{"type":"Feature","geometry":{"type":"Point","coordinates":[105.692,18.2]},"properties":{"id":"PD00059","name":"Cha Chạm","name_en":"Cha Cham","province":"Hà Tĩnh","commune":"Hương Phố","page":"dams/HaTinh/ChaCham_HuongPho_HaTinh_VN.html"}},{"type":"Feature","geometry":{"type":"Point","coordinates":[106.091,21.55]},"properties":{"id":"PD00060","name":"Chùa Sừng","name_en":"Chua Sung","province":"Bắc Ninh","commune":"Xuân Lương","page":"dams/BacNinh/ChuaSung_XuanLuong_BacNinh_VN.html"}},{"type":"Feature","geometry":{"type":"Point","coordinates":[107.85,13.7]},"properties":{"id":"PD00061","name":"Chư Prông","name_en":"Chu Prong","province":"Gia Lai","commune":"Ia Boòng","page":"dams/GiaLai/ChuProng_IaBoong_GiaLai_VN.html"}},{"type":"Feature","geometry":{"type":"Point","coordinates":[106.441,21.25]},"properties":{"id":"PD00062","name":"Cửa Cốc","name_en":"Cua Coc","province":"Bắc Ninh","commune":"Nghĩa Phương","page":"dams/BacNinh/CuaCoc_NghiaPhuong_BacNinh_VN.html"}},{"type":"Feature","geometry":{"type":"Point","coordinates":[107.9,14.45]},"properties":{"id":"PD00063","name":"Cà Sâm","name_en":"Ca Sam","province":"Quảng Ngãi","commune":"Đăk Hà","page":"dams/QuangNgai/CaSam_DakHa_QuangNgai_VN.html"}},{"type":"Feature","geometry":{"type":"Point","coordinates":[105.792,18.3]},"properties":{"id":"PD00064","name":"Da Den-Ha Tinh","name_en":"Da Den-Ha Tinh","province":"Hà Tĩnh","commune":"Toàn Lưu","page":"dams/HaTinh/DaDenHaTinh_ToanLuu_HaTinh_VN.html"}},{"type":"Feature","geometry":{"type":"Point","coordinates":[105.746,18.093]},"properties":{"id":"PD00065","name":"Dap Dai","name_en":"Dap Dai","province":"Hà Tĩnh","commune":"Phúc Trạch","page":"dams/HaTinh/DapDai_PhucTrach_HaTinh_VN.html"}},{"type":"Feature","geometry":{"type":"Point","coordinates":[105.8,18.1]},"properties":{"id":"PD00067","name":"Đập Hội","name_en":"Dap Hoi","province":"Hà Tĩnh","commune":"Phúc Trạch","page":"dams/HaTinh/DapHoi_PhucTrach_HaTinh_VN.html"}},{"type":"Feature","geometry":{"type":"Point","coordinates":[105.396,20.143]},"properties":{"id":"PD00070","name":"Ho Bai Lim","name_en":"Ho Bai Lim","province":"Thanh Hóa","commune":"Thạch Lập","page":"dams/ThanhHoa/HoBaiLim_ThachLap_ThanhHoa_VN.html"}},{"type":"Feature","geometry":{"type":"Point","coordinates":[105.9,20.0]},"properties":{"id":"PD00071","name":"Ho Ha Thai","name_en":"Ho Ha Thai","province":"Thanh Hóa","commune":"Lĩnh Toại","page":"dams/ThanhHoa/HoHaThai_LinhToai_ThanhHoa_VN.html"}},{"type":"Feature","geometry":{"type":"Point","coordinates":[107.042,16.9]},"properties":{"id":"PD00072","name":"Ho Ha Thuong","name_en":"Ho Ha Thuong","province":"Quảng Trị","commune":"Cồn Tiên","page":"dams/QuangTri/HoHaThuong_ConTien_QuangTri_VN.html"}},{"type":"Feature","geometry":{"type":"Point","coordinates":[105.696,20.093]},"properties":{"id":"PD00073","name":"Ho Hon Che","name_en":"Ho Hon Che","province":"Thanh Hóa","commune":"Ngọc Trạo","page":"dams/ThanhHoa/HoHonChe_NgocTrao_ThanhHoa_VN.html"}},{"type":"Feature","geometry":{"type":"Point","coordinates":[105.6,19.7]},"properties":{"id":"PD00075","name":"Ho Mau Lam","name_en":"Ho Mau Lam","province":"Thanh Hóa","commune":"Mậu Lâm","page":"dams/ThanhHoa/HoMauLam_MauLam_ThanhHoa_VN.html"}},{"type":"Feature","geometry":{"type":"Point","coordinates":[106.741,21.9]},"properties":{"id":"PD00076","name":"Hồ Thâm Sỉnh","name_en":"Ho Tham Sinh","province":"Lạng Sơn","commune":"Tam Thanh","page":"dams/LangSon/HoThamSinh_TamThanh_LangSon_VN.html"}},{"type":"Feature","geometry":{"type":"Point","coordinates":[106.592,17.4]},"properties":{"id":"PD00077","name":"Ho Trooc Trau","name_en":"Ho Trooc Trau","province":"Quảng Trị","commune":"Quảng Ninh","page":"dams/QuangTri/HoTroocTrau_QuangNinh_QuangTri_VN.html"}},{"type":"Feature","geometry":{"type":"Point","coordinates":[108.05,13.8]},"properties":{"id":"PD00078","name":"Ia Glai","name_en":"Ia Glai","province":"Gia Lai","commune":"Bờ Ngoong","page":"dams/GiaLai/IaGlai_BoNgoong_GiaLai_VN.html"}},{"type":"Feature","geometry":{"type":"Point","coordinates":[105.85,18.45]},"properties":{"id":"PD00079","name":"Khe Hao trên","name_en":"Khe Hao tren","province":"Hà Tĩnh","commune":"Mai Phụ","page":"dams/HaTinh/KheHaoTren_MaiPhu_HaTinh_VN.html"}},{"type":"Feature","geometry":{"type":"Point","coordinates":[108.65,12.65]},"properties":{"id":"PD00080","name":"Krông Pách Thượng","name_en":"Krong Pach Thuong","province":"Đắk Lắk","commune":"Cư Yang","page":"dams/DakLak/KrongPachThuong_CuYang_DakLak_VN.html"}},{"type":"Feature","geometry":{"type":"Point","coordinates":[105.4,19.35]},"properties":{"id":"PD00081","name":"Làng Sình","name_en":"Lang Sinh","province":"Nghệ An","commune":"Nghĩa Hưng","page":"dams/NgheAn/LangSinh_NghiaHung_NgheAn_VN.html"}},{"type":"Feature","geometry":{"type":"Point","coordinates":[105.492,19.15]},"properties":{"id":"PD00082","name":"Mả Tổ","name_en":"Ma To","province":"Nghệ An","commune":"Bình Minh","page":"dams/NgheAn/MaTo_BinhMinh_NgheAn_VN.html"}},{"type":"Feature","geometry":{"type":"Point","coordinates":[105.692,18.15]},"properties":{"id":"PD00083","name":"Mục Bài","name_en":"Muc Bai","province":"Hà Tĩnh","commune":"Hương Xuân","page":"dams/HaTinh/MucBai_HuongXuan_HaTinh_VN.html"}},{"type":"Feature","geometry":{"type":"Point","coordinates":[103.85,22.05]},"properties":{"id":"PD00084","name":"Muong Mit","name_en":"Muong Mit","province":"Lai Châu","commune":"Mường Than","page":"dams/LaiChau/MuongMit_MuongThan_LaiChau_VN.html"}},{"type":"Feature","geometry":{"type":"Point","coordinates":[105.7,20.7]},"properties":{"id":"PD00085","name":"Quan Sơn","name_en":"Quan Son","province":"Hà Nội","commune":"Hồng Sơn","page":"dams/HaNoi/QuanSon_HongSon_HaNoi_VN.html"}},{"type":"Feature","geometry":{"type":"Point","coordinates":[105.35,19.15]},"properties":{"id":"PD00086","name":"Quỳnh Tam","name_en":"Quynh Tam","province":"Nghệ An","commune":"Nghĩa Đồng","page":"dams/NgheAn/QuynhTam_NghiaDong_NgheAn_VN.html"}},{"type":"Feature","geometry":{"type":"Point","coordinates":[107.05,17.05]},"properties":{"id":"PD00087","name":"Rú Lịnh","name_en":"Ru Linh","province":"Quảng Trị","commune":"Cửa Tùng","page":"dams/QuangTri/RuLinh_CuaTung_QuangTri_VN.html"}},{"type":"Feature","geometry":{"type":"Point","coordinates":[105.15,18.95]},"properties":{"id":"PD00088","name":"Ruộng Xối","name_en":"Ruong Xoi","province":"Nghệ An","commune":"Anh Sơn Đông","page":"dams/NgheAn/RuongXoi_AnhSonDong_NgheAn_VN.html"}},{"type":"Feature","geometry":{"type":"Point","coordinates":[106.75,21.4]},"properties":{"id":"PD00089","name":"Trại Muối","name_en":"Trai Muoi","province":"Bắc Ninh","commune":"Biển Động","page":"dams/BacNinh/TraiMuoi_BienDong_BacNinh_VN.html"}},{"type":"Feature","geometry":{"type":"Point","coordinates":[105.453,18.592]},"properties":{"id":"PD00090","name":"Trảng Không","name_en":"Trang Khong","province":"Nghệ An","commune":"Bích Hào","page":"dams/NgheAn/TrangKhong_BichHao_NgheAn_VN.html"}},{"type":"Feature","geometry":{"type":"Point","coordinates":[105.759,20.3]},"properties":{"id":"PD00091","name":"Yên Quang 4","name_en":"Yen Quang 4","province":"Ninh Bình","commune":"Cúc Phương","page":"dams/NinhBinh/YenQuang4_CucPhuong_NinhBinh_VN.html"}},{"type":"Feature","geometry":{"type":"Point","coordinates":[105.741,20.05]},"properties":{"id":"PD00093","name":"Ho Rat","name_en":"Ho Rat","province":"Thanh Hóa","commune":"Ngọc Trạo","page":"dams/ThanhHoa/HoRat_NgocTrao_ThanhHoa_VN.html"}},{"type":"Feature","geometry":{"type":"Point","coordinates":[107.8,14.65]},"properties":{"id":"PD00094","name":"Đăk Pô Cô","name_en":"Dak Po Co","province":"Quảng Ngãi","commune":"Đăk Tô","page":"dams/QuangNgai/DakPoCo_DakTo_QuangNgai_VN.html"}},{"type":"Feature","geometry":{"type":"Point","coordinates":[107.6,16.55]},"properties":{"id":"PD00096","name":"Thảo Long","name_en":"Thao Long","province":"Huế","commune":"Dương Nỗ","page":"dams/Hue/ThaoLong_DuongNo_Hue_VN.html"}},{"type":"Feature","geometry":{"type":"Point","coordinates":[107.8,15.9]},"properties":{"id":"PD00097","name":"Sông Côn 2 (Bậc 2)","name_en":"Song Con 2 (Bac 2)","province":"Đà Nẵng","commune":"Bến Hiên","page":"dams/DaNang/SongCon2Bac2_BenHien_DaNang_VN.html"}},{"type":"Feature","geometry":{"type":"Point","coordinates":[108.4,12.0]},"properties":{"id":"PD00098","name":"Ðan Kia","name_en":"Dan Kia","province":"Lâm Đồng","commune":"Lang Biang - Đà Lạt","page":"dams/LamDong/DanKia_LangBiangDaLat_LamDong_VN.html"}},{"type":"Feature","geometry":{"type":"Point","coordinates":[107.65,12.0]},"properties":{"id":"PD00099","name":"Đắk R’Tih (bậc trên)","name_en":"Dak R'Tih (bac tren)","province":"Lâm Đồng","commune":"Nhân Cơ","page":"dams/LamDong/DakRTihBacTren_NhanCo_LamDong_VN.html"}},{"type":"Feature","geometry":{"type":"Point","coordinates":[106.6,22.0]},"properties":{"id":"PD00100","name":"Bản Nhùng","name_en":"Ban Nhung","province":"Lạng Sơn","commune":"Điềm He","page":"dams/LangSon/BanNhung_DiemHe_LangSon_VN.html"}},{"type":"Feature","geometry":{"type":"Point","coordinates":[103.65,22.35]},"properties":{"id":"PD00101","name":"Chu Va 2","name_en":"Chu Va 2","province":"Lai Châu","commune":"Bình Lư","page":"dams/LaiChau/ChuVa2_BinhLu_LaiChau_VN.html"}},{"type":"Feature","geometry":{"type":"Point","coordinates":[104.95,22.15]},"properties":{"id":"PD00102","name":"Sông Lô 7","name_en":"Song Lo 7","province":"Tuyên Quang","commune":"Yên Phú","page":"dams/TuyenQuang/SongLo7_YenPhu_TuyenQuang_VN.html"}},{"type":"Feature","geometry":{"type":"Point","coordinates":[108.342,15.0]},"properties":{"id":"PD00103","name":"Thượng Sơn Tây","name_en":"Thuong Son Tay","province":"Quảng Ngãi","commune":"Sơn Tây","page":"dams/QuangNgai/ThuongSonTay_SonTay_QuangNgai_VN.html"}},{"type":"Feature","geometry":{"type":"Point","coordinates":[108.55,11.95]},"properties":{"id":"PD00104","name":"Đa Nhim Thượng 3","name_en":"Da Nhim Thuong 3","province":"Lâm Đồng","commune":"Lạc Dương","page":"dams/LamDong/DaNhimThuong3_LacDuong_LamDong_VN.html"}},{"type":"Feature","geometry":{"type":"Point","coordinates":[104.541,21.25]},"properties":{"id":"PD00105","name":"Suối Sập 1","name_en":"Suoi Sap 1","province":"Sơn La","commune":"Suối Tọ","page":"dams/SonLa/SuoiSap1_SuoiTo_SonLa_VN.html"}},{"type":"Feature","geometry":{"type":"Point","coordinates":[108.4,14.85]},"properties":{"id":"PD00106","name":"Đăk Robaye","name_en":"Dak Robaye","province":"Quảng Ngãi","commune":"Sơn Tây Hạ","page":"dams/QuangNgai/DakRobaye_SonTayHa_QuangNgai_VN.html"}},{"type":"Feature","geometry":{"type":"Point","coordinates":[108.592,12.05]},"properties":{"id":"PD00107","name":"Đạ Sar","name_en":"Da Sar","province":"Lâm Đồng","commune":"Lạc Dương","page":"dams/LamDong/DaSar_LacDuong_LamDong_VN.html"}},{"type":"Feature","geometry":{"type":"Point","coordinates":[103.7,22.35]},"properties":{"id":"PD00108","name":"Nậm Thi 2","name_en":"Nam Thi 2","province":"Lai Châu","commune":"Bình Lư","page":"dams/LaiChau/NamThi2_BinhLu_LaiChau_VN.html"}},{"type":"Feature","geometry":{"type":"Point","coordinates":[104.241,22.45]},"properties":{"id":"PD00109","name":"Bảo Nhai 1","name_en":"Bao Nhai 1","province":"Lào Cai","commune":"Bảo Nhai","page":"dams/LaoCai/BaoNhai1_BaoNhai_LaoCai_VN.html"}},{"type":"Feature","geometry":{"type":"Point","coordinates":[108.342,12.0]},"properties":{"id":"PD00110","name":"Ankroet","name_en":"Ankroet","province":"Lâm Đồng","commune":"Lang Biang - Đà Lạt","page":"dams/LamDong/Ankroet_LangBiangDaLat_LamDong_VN.html"}},{"type":"Feature","geometry":{"type":"Point","coordinates":[104.15,19.45]},"properties":{"id":"PD00111","name":"Ca Lôi","name_en":"Ca Loi","province":"Nghệ An","commune":"Nậm Cắn","page":"dams/NgheAn/CaLoi_NamCan_NgheAn_VN.html"}},{"type":"Feature","geometry":{"type":"Point","coordinates":[108.85,12.75]},"properties":{"id":"PD00113","name":"Krông Hin","name_en":"Krong Hin","province":"Đắk Lắk","commune":"Cư M’ta","page":"dams/DakLak/KrongHin_CuMTa_DakLak_VN.html"}},{"type":"Feature","geometry":{"type":"Point","coordinates":[104.0,22.0]},"properties":{"id":"PD00114","name":"Nậm Mu (Lào Cai)","name_en":"Nam Mu (Lao Cai)","province":"Lào Cai","commune":"Nậm Xé","page":"dams/LaoCai/NamMuLaoCai_NamXe_LaoCai_VN.html"}},{"type":"Feature","geometry":{"type":"Point","coordinates":[108.792,11.75]},"properties":{"id":"PD00116","name":"Thượng Sông Ông","name_en":"Thuong Song Ong","province":"Khánh Hòa","commune":"Ninh Sơn","page":"dams/KhanhHoa/ThuongSongOng_NinhSon_KhanhHoa_VN.html"}},{"type":"Feature","geometry":{"type":"Point","coordinates":[103.5,22.55]},"properties":{"id":"PD00117","name":"Van Hồ","name_en":"Van Ho","province":"Lai Châu","commune":"Sin Suối Hồ","page":"dams/LaiChau/VanHo_SinSuoiHo_LaiChau_VN.html"}},{"type":"Feature","geometry":{"type":"Point","coordinates":[105.35,20.4]},"properties":{"id":"PD00120","name":"Suối Mu","name_en":"Suoi Mu","province":"Phú Thọ","commune":"Ngọc Sơn","page":"dams/PhuTho/SuoiMu_NgocSon_PhuTho_VN.html"}},{"type":"Feature","geometry":{"type":"Point","coordinates":[105.0,20.95]},"properties":{"id":"PD00121","name":"Suối Nhạp A","name_en":"Suoi Nhap A","province":"Phú Thọ","commune":"Quy Đức","page":"dams/PhuTho/SuoiNhapA_QuyDuc_PhuTho_VN.html"}},{"type":"Feature","geometry":{"type":"Point","coordinates":[107.892,15.9]},"properties":{"id":"PD00122","name":"An Điềm","name_en":"An Diem","province":"Đà Nẵng","commune":"Thượng Đức","page":"dams/DaNang/AnDiem_ThuongDuc_DaNang_VN.html"}},{"type":"Feature","geometry":{"type":"Point","coordinates":[104.25,21.6]},"properties":{"id":"PD00123","name":"Ngọc Chiến","name_en":"Ngoc Chien","province":"Sơn La","commune":"Ngọc Chiến","page":"dams/SonLa/NgocChien_NgocChien_SonLa_VN.html"}},{"type":"Feature","geometry":{"type":"Point","coordinates":[107.942,14.65]},"properties":{"id":"PD00124","name":"Đăk Psi 5","name_en":"Dak Psi 5","province":"Quảng Ngãi","commune":"Đăk Pxi","page":"dams/QuangNgai/DakPsi5_DakPxi_QuangNgai_VN.html"}},{"type":"Feature","geometry":{"type":"Point","coordinates":[103.15,22.5]},"properties":{"id":"PD00125","name":"Pa Tần 2","name_en":"Pa Tan 2","province":"Lai Châu","commune":"Phong Thổ","page":"dams/LaiChau/PaTan2_PhongTho_LaiChau_VN.html"}},{"type":"Feature","geometry":{"type":"Point","coordinates":[106.992,11.85]},"properties":{"id":"PD00126","name":"Bù Cà Mau","name_en":"Bu Ca Mau","province":"Đồng Nai","commune":"Phước Bình","page":"dams/DongNai/BuCaMau_PhuocBinh_DongNai_VN.html"}},{"type":"Feature","geometry":{"type":"Point","coordinates":[108.1,15.15]},"properties":{"id":"PD00127","name":"Nước Bươu","name_en":"Nuoc Buou","province":"Đà Nẵng","commune":"Nam Trà My","page":"dams/DaNang/NuocBuou_NamTraMy_DaNang_VN.html"}},{"type":"Feature","geometry":{"type":"Point","coordinates":[105.35,23.05]},"properties":{"id":"PD00128","name":"Sông Nhiệm 3","name_en":"Song Nhiem 3","province":"Tuyên Quang","commune":"Niêm Sơn","page":"dams/TuyenQuang/SongNhiem3_NiemSon_TuyenQuang_VN.html"}},{"type":"Feature","geometry":{"type":"Point","coordinates":[104.291,22.4]},"properties":{"id":"PD00129","name":"Bảo Nhai 2","name_en":"Bao Nhai 2","province":"Lào Cai","commune":"Cốc Lầu","page":"dams/LaoCai/BaoNhai2_CocLau_LaoCai_VN.html"}},{"type":"Feature","geometry":{"type":"Point","coordinates":[108.492,15.25]},"properties":{"id":"PD00131","name":"Kà Tinh 2","name_en":"Ka Tinh 2","province":"Quảng Ngãi","commune":"Trà Bồng","page":"dams/QuangNgai/KaTinh2_TraBong_QuangNgai_VN.html"}},{"type":"Feature","geometry":{"type":"Point","coordinates":[103.046,21.443]},"properties":{"id":"PD00132","name":"Thác Trắng","name_en":"Thac Trang","province":"Điện Biên","commune":"Mường Phăng","page":"dams/DienBien/ThacTrang_MuongPhang_DienBien_VN.html"}},{"type":"Feature","geometry":{"type":"Point","coordinates":[102.946,22.393]},"properties":{"id":"PD00134","name":"Nậm Nghẹ 1A","name_en":"Nam Nghe 1A","province":"Lai Châu","commune":"Hua Bum","page":"dams/LaiChau/NamNghe1A_HuaBum_LaiChau_VN.html"}},{"type":"Feature","geometry":{"type":"Point","coordinates":[108.408,14.05]},"properties":{"id":"PD00135","name":"Hà Ra Nam","name_en":"Ha Ra Nam","province":"Gia Lai","commune":"Hra","page":"dams/GiaLai/HaRaNam_Hra_GiaLai_VN.html"}},{"type":"Feature","geometry":{"type":"Point","coordinates":[103.75,22.2]},"properties":{"id":"PD00136","name":"Nậm Be 2","name_en":"Nam Be 2","province":"Lai Châu","commune":"Mường Khoa","page":"dams/LaiChau/NamBe2_MuongKhoa_LaiChau_VN.html"}},{"type":"Feature","geometry":{"type":"Point","coordinates":[108.1,15.0]},"properties":{"id":"PD00137","name":"Đăk Di 1","name_en":"Dak Di 1","province":"Đà Nẵng","commune":"Trà Linh","page":"dams/DaNang/DakDi1_TraLinh_DaNang_VN.html"}},{"type":"Feature","geometry":{"type":"Point","coordinates":[103.7,22.2]},"properties":{"id":"PD00138","name":"Nà An","name_en":"Na An","province":"Lai Châu","commune":"Mường Khoa","page":"dams/LaiChau/NaAn_MuongKhoa_LaiChau_VN.html"}},{"type":"Feature","geometry":{"type":"Point","coordinates":[107.942,15.7]},"properties":{"id":"PD00139","name":"Tầm Phục","name_en":"Tam Phuc","province":"Đà Nẵng","commune":"Quế Phước","page":"dams/DaNang/TamPhuc_QuePhuoc_DaNang_VN.html"}},{"type":"Feature","geometry":{"type":"Point","coordinates":[108.042,15.05]},"properties":{"id":"PD00140","name":"Trà Linh 2","name_en":"Tra Linh 2","province":"Đà Nẵng","commune":"Trà Tập","page":"dams/DaNang/TraLinh2_TraTap_DaNang_VN.html"}},{"type":"Feature","geometry":{"type":"Point","coordinates":[108.3,11.9]},"properties":{"id":"PD00141","name":"Đạ Chomo","name_en":"Da Chomo","province":"Lâm Đồng","commune":"Nam Ban Lâm Hà","page":"dams/LamDong/DaChomo_NamBanLamHa_LamDong_VN.html"}},{"type":"Feature","geometry":{"type":"Point","coordinates":[108.4,12.75]},"properties":{"id":"PD00142","name":"Hồ A2 (Hồ A Hai)","name_en":"Ho A2 (Ho A Hai)","province":"Đắk Lắk","commune":"Ea Kly","page":"dams/DakLak/HoA2HoAHai_EaKly_DakLak_VN.html"}},{"type":"Feature","geometry":{"type":"Point","coordinates":[107.608,14.9]},"properties":{"id":"PD00143","name":"Blốc 1","name_en":"Bloc 1","province":"Quảng Ngãi","commune":"Đăk Long","page":"dams/QuangNgai/Bloc1_DakLong_QuangNgai_VN.html"}},{"type":"Feature","geometry":{"type":"Point","coordinates":[107.592,14.9]},"properties":{"id":"PD00144","name":"Blốc 2","name_en":"Bloc 2","province":"Quảng Ngãi","commune":"Đăk Long","page":"dams/QuangNgai/Bloc2_DakLong_QuangNgai_VN.html"}},{"type":"Feature","geometry":{"type":"Point","coordinates":[108.5,14.65]},"properties":{"id":"PD00145","name":"Bo Ko 2","name_en":"Bo Ko 2","province":"Quảng Ngãi","commune":"Ba Xa","page":"dams/QuangNgai/BoKo2_BaXa_QuangNgai_VN.html"}},{"type":"Feature","geometry":{"type":"Point","coordinates":[107.9,14.6]},"properties":{"id":"PD00146","name":"C19","name_en":"C19","province":"Quảng Ngãi","commune":"Đăk Mar","page":"dams/QuangNgai/C19_DakMar_QuangNgai_VN.html"}},{"type":"Feature","geometry":{"type":"Point","coordinates":[108.85,11.65]},"properties":{"id":"PD00147","name":"Đập Nha Trinh","name_en":"Dap Nha Trinh","province":"Khánh Hòa","commune":"Phước Hậu","page":"dams/KhanhHoa/DapNhaTrinh_PhuocHau_KhanhHoa_VN.html"}},{"type":"Feature","geometry":{"type":"Point","coordinates":[106.2,22.7]},"properties":{"id":"PD00149","name":"Hồ Khuổi Khoán","name_en":"Ho Khuoi Khoan","province":"Cao Bằng","commune":"Nùng Trí Cao","page":"dams/CaoBang/HoKhuoiKhoan_NungTriCao_CaoBang_VN.html"}},{"type":"Feature","geometry":{"type":"Point","coordinates":[107.35,21.3]},"properties":{"id":"PD00152","name":"Hồ Khe Cát","name_en":"Ho Khe Cat","province":"Quảng Ninh","commune":"Hải Lạng","page":"dams/QuangNinh/HoKheCat_HaiLang_QuangNinh_VN.html"}},{"type":"Feature","geometry":{"type":"Point","coordinates":[102.659,22.6]},"properties":{"id":"PD00153","name":"Nậm Củm 3","name_en":"Nam Cum 3","province":"Lai Châu","commune":"Pa Ủ","page":"dams/LaiChau/NamCum3_PaU_LaiChau_VN.html"}},{"type":"Feature","geometry":{"type":"Point","coordinates":[102.641,22.6]},"properties":{"id":"PD00154","name":"Nậm Củm 5","name_en":"Nam Cum 5","province":"Lai Châu","commune":"Pa Ủ","page":"dams/LaiChau/NamCum5_PaU_LaiChau_VN.html"}},{"type":"Feature","geometry":{"type":"Point","coordinates":[103.141,22.3]},"properties":{"id":"PD00155","name":"Nậm Cuổi","name_en":"Nam Cuoi","province":"Lai Châu","commune":"Lê Lợi","page":"dams/LaiChau/NamCuoi_LeLoi_LaiChau_VN.html"}},{"type":"Feature","geometry":{"type":"Point","coordinates":[108.25,15.0]},"properties":{"id":"PD00157","name":"Nam Vao 2","name_en":"Nam Vao 2","province":"Quảng Ngãi","commune":"Măng Bút","page":"dams/QuangNgai/NamVao2_MangBut_QuangNgai_VN.html"}},{"type":"Feature","geometry":{"type":"Point","coordinates":[103.441,22.5]},"properties":{"id":"PD00158","name":"Nậm Xe","name_en":"Nam Xe","province":"Lai Châu","commune":"Sin Suối Hồ","page":"dams/LaiChau/NamXe_SinSuoiHo_LaiChau_VN.html"}},{"type":"Feature","geometry":{"type":"Point","coordinates":[102.841,22.55]},"properties":{"id":"PD00159","name":"Nậm Xí Lùng 2","name_en":"Nam Xi Lung 2","province":"Lai Châu","commune":"Bum Nưa","page":"dams/LaiChau/Nam11Lung2_BumNua_LaiChau_VN.html"}},{"type":"Feature","geometry":{"type":"Point","coordinates":[108.45,14.75]},"properties":{"id":"PD00160","name":"Nước Long 1","name_en":"Nuoc Long 1","province":"Quảng Ngãi","commune":"Kon Plông","page":"dams/QuangNgai/NuocLong1_KonPlong_QuangNgai_VN.html"}},{"type":"Feature","geometry":{"type":"Point","coordinates":[108.5,14.75]},"properties":{"id":"PD00161","name":"Nước Long 2","name_en":"Nuoc Long 2","province":"Quảng Ngãi","commune":"Kon Plông","page":"dams/QuangNgai/NuocLong2_KonPlong_QuangNgai_VN.html"}},{"type":"Feature","geometry":{"type":"Point","coordinates":[108.85,14.4]},"properties":{"id":"PD00162","name":"Nước Lương – đập phụ 2","name_en":"Nuoc Luong - dap phu 2","province":"Gia Lai","commune":"Ân Tường","page":"dams/GiaLai/NuocLuongDapPhu2_AnTuong_GiaLai_VN.html"}},{"type":"Feature","geometry":{"type":"Point","coordinates":[102.8,22.45]},"properties":{"id":"PD00163","name":"Nậm Cấu 1","name_en":"Nam Cau 1","province":"Lai Châu","commune":"Bum Tở","page":"dams/LaiChau/NamCau1_BumTo_LaiChau_VN.html"}},{"type":"Feature","geometry":{"type":"Point","coordinates":[102.95,21.8]},"properties":{"id":"PD00164","name":"Phi Lĩnh","name_en":"Phi Linh","province":"Điện Biên","commune":"Si Pa Phìn","page":"dams/DienBien/PhiLinh_SiPaPhin_DienBien_VN.html"}},{"type":"Feature","geometry":{"type":"Point","coordinates":[103.7,22.15]},"properties":{"id":"PD00165","name":"Phiêng Lúc – đập số 1","name_en":"Phieng Luc - dap so 1","province":"Lai Châu","commune":"Tân Uyên","page":"dams/LaiChau/PhiengLucDapSo1_TanUyen_LaiChau_VN.html"}},{"type":"Feature","geometry":{"type":"Point","coordinates":[107.85,21.6]},"properties":{"id":"PD00166","name":"Hồ Phình Hồ","name_en":"Ho Phinh Ho","province":"Quảng Ninh","commune":"Hải Sơn","page":"dams/QuangNinh/HoPhinhHo_HaiSon_QuangNinh_VN.html"}},{"type":"Feature","geometry":{"type":"Point","coordinates":[108.7,13.2]},"properties":{"id":"PD00167","name":"Hồ Phú Cần","name_en":"Ho Phu Can","province":"Gia Lai","commune":"Phú Túc","page":"dams/GiaLai/HoPhuCan_PhuTuc_GiaLai_VN.html"}},{"type":"Feature","geometry":{"type":"Point","coordinates":[108.05,13.55]},"properties":{"id":"PD00168","name":"Hồ Plei Thơ Ga","name_en":"Ho Plei Tho Ga","province":"Gia Lai","commune":"Chư Pưh","page":"dams/GiaLai/HoPleiThoGa_ChuPuh_GiaLai_VN.html"}},{"type":"Feature","geometry":{"type":"Point","coordinates":[103.3,21.25]},"properties":{"id":"PD00169","name":"Sông Mã 3","name_en":"Song Ma 3","province":"Điện Biên","commune":"Xa Dung","page":"dams/DienBien/SongMa3_XaDung_DienBien_VN.html"}},{"type":"Feature","geometry":{"type":"Point","coordinates":[103.3,21.9]},"properties":{"id":"PD00170","name":"Đê Bầu","name_en":"De Bau","province":"Điện Biên","commune":"Sính Phình","page":"dams/DienBien/DeBau_SinhPhinh_DienBien_VN.html"}},{"type":"Feature","geometry":{"type":"Point","coordinates":[104.75,22.6]},"properties":{"id":"PD00171","name":"Tả Quán 1","name_en":"Ta Quan 1","province":"Tuyên Quang","commune":"Nậm Dịch","page":"dams/TuyenQuang/TaQuan1_NamDich_TuyenQuang_VN.html"}},{"type":"Feature","geometry":{"type":"Point","coordinates":[105.8,21.05]},"properties":{"id":"PD00172","name":"Hồ Trung Tâm","name_en":"Ho Trung Tam","province":"Hà Nội","commune":"Phú Diễn","page":"dams/HaNoi/HoTrungTam_PhuDien_HaNoi_VN.html"}},{"type":"Feature","geometry":{"type":"Point","coordinates":[108.8,11.742]},"properties":{"id":"PD00173","name":"Tân Mỹ 2","name_en":"Tan My 2","province":"Khánh Hòa","commune":"Ninh Sơn","page":"dams/KhanhHoa/TanMy2_NinhSon_KhanhHoa_VN.html"}},{"type":"Feature","geometry":{"type":"Point","coordinates":[103.35,22.7]},"properties":{"id":"PD00174","name":"Vàng Ma Chải 2","name_en":"Vang Ma Chai 2","province":"Lai Châu","commune":"Dào San","page":"dams/LaiChau/VangMaChai2_DaoSan_LaiChau_VN.html"}},{"type":"Feature","geometry":{"type":"Point","coordinates":[108.292,15.0]},"properties":{"id":"PD00176","name":"Đăk Ba","name_en":"Dak Ba","province":"Quảng Ngãi","commune":"Sơn Tây Thượng","page":"dams/QuangNgai/DakBa_SonTayThuong_QuangNgai_VN.html"}},{"type":"Feature","geometry":{"type":"Point","coordinates":[107.842,14.4]},"properties":{"id":"PD00177","name":"Hồ Đăk Prông (xã Sa Bình)","name_en":"Ho Dak Prong (xa Sa Binh)","province":"Quảng Ngãi","commune":"Sa Bình","page":"dams/QuangNgai/HoDakProngXaSaBinh_SaBinh_QuangNgai_VN.html"}},{"type":"Feature","geometry":{"type":"Point","coordinates":[108.1,12.8]},"properties":{"id":"PD00179","name":"Hồ Đội 4","name_en":"Ho Doi 4","province":"Đắk Lắk","commune":"Quảng Phú","page":"dams/DakLak/HoDoi4_QuangPhu_DakLak_VN.html"}},{"type":"Feature","geometry":{"type":"Point","coordinates":[108.2,11.65]},"properties":{"id":"PD00180","name":"Đồng Nai 1","name_en":"Dong Nai 1","province":"Lâm Đồng","commune":"Gia Hiệp","page":"dams/LamDong/DongNai1_GiaHiep_LamDong_VN.html"}},{"type":"Feature","geometry":{"type":"Point","coordinates":[108.25,11.9]},"properties":{"id":"PD00181","name":"Đa Cho Mo 2","name_en":"Da Cho Mo 2","province":"Lâm Đồng","commune":"Phú Sơn Lâm Hà","page":"dams/LamDong/DaChoMo2_PhuSonLamHa_LamDong_VN.html"}},{"type":"Feature","geometry":{"type":"Point","coordinates":[108.45,15.25]},"properties":{"id":"PD00183","name":"Kà Tinh 1","name_en":"Ka Tinh 1","province":"Quảng Ngãi","commune":"Thanh Bồng","page":"dams/QuangNgai/KaTinh1_ThanhBong_QuangNgai_VN.html"}},{"type":"Feature","geometry":{"type":"Point","coordinates":[108.2,15.05]},"properties":{"id":"PD00184","name":"Thượng Nam Vao","name_en":"Thuong Nam Vao","province":"Quảng Ngãi","commune":"Măng Bút","page":"dams/QuangNgai/ThuongNamVao_MangBut_QuangNgai_VN.html"}},{"type":"Feature","geometry":{"type":"Point","coordinates":[108.0,14.6]},"properties":{"id":"PD00185","name":"Hồ Đăk Prông (xã Đăk Ui)","name_en":"Ho Dak Prong (xa Dak Ui)","province":"Quảng Ngãi","commune":"Đăk Ui","page":"dams/QuangNgai/HoDakProngXaDakUi_DakUi_QuangNgai_VN.html"}},{"type":"Feature","geometry":{"type":"Point","coordinates":[103.35,21.8]},"properties":{"id":"PD00187","name":"Mùn Chung 2","name_en":"Mun Chung 2","province":"Điện Biên","commune":"Mường Mùn","page":"dams/DienBien/MunChung2_MuongMun_DienBien_VN.html"}},{"type":"Feature","geometry":{"type":"Point","coordinates":[106.691,21.05]},"properties":{"id":"PD00188","name":"Hồ Yên Dương","name_en":"Ho Yen Duong","province":"Quảng Ninh","commune":"Hoàng Quế","page":"dams/QuangNinh/HoYenDuong_HoangQue_QuangNinh_VN.html"}},{"type":"Feature","geometry":{"type":"Point","coordinates":[108.2,15.0]},"properties":{"id":"PD00189","name":"Nam Vao 1","name_en":"Nam Vao 1","province":"Quảng Ngãi","commune":"Măng Bút","page":"dams/QuangNgai/NamVao1_MangBut_QuangNgai_VN.html"}},{"type":"Feature","geometry":{"type":"Point","coordinates":[105.8,21.5]},"properties":{"id":"PD00190","name":"Hồ Ghềnh Chè","name_en":"Ho Ghenh Che","province":"Thái Nguyên","commune":"Tân Cương","page":"dams/ThaiNguyen/HoGhenhChe_TanCuong_ThaiNguyen_VN.html"}},{"type":"Feature","geometry":{"type":"Point","coordinates":[108.55,14.75]},"properties":{"id":"PD00191","name":"Nước Long","name_en":"Nuoc Long","province":"Quảng Ngãi","commune":"Ba Vì","page":"dams/QuangNgai/NuocLong_BaVi_QuangNgai_VN.html"}},{"type":"Feature","geometry":{"type":"Point","coordinates":[105.4,19.9]},"properties":{"id":"PD00192","name":"Bái Thượng","name_en":"Bai Thuong","province":"Thanh Hóa","commune":"Lam Sơn","page":"dams/ThanhHoa/BaiThuong_LamSon_ThanhHoa_VN.html"}},{"type":"Feature","geometry":{"type":"Point","coordinates":[108.392,14.05]},"properties":{"id":"PD00193","name":"Hồ Hà Ra Bắc","name_en":"Ho Ha Ra Bac","province":"Gia Lai","commune":"Hra","page":"dams/GiaLai/HoHaRaBac_Hra_GiaLai_VN.html"}},{"type":"Feature","geometry":{"type":"Point","coordinates":[105.346,21.457]},"properties":{"id":"PD00194","name":"Hồ Cây Trôi","name_en":"Ho Cay Troi","province":"Phú Thọ","commune":"Hải Lựu","page":"dams/PhuTho/HoCayTroi_HaiLuu_PhuTho_VN.html"}},{"type":"Feature","geometry":{"type":"Point","coordinates":[105.5,20.5]},"properties":{"id":"PD00195","name":"Hồ Cánh Tạng","name_en":"Ho Canh Tang","province":"Phú Thọ","commune":"Yên Phú","page":"dams/PhuTho/HoCanhTang_YenPhu_PhuTho_VN.html"}},{"type":"Feature","geometry":{"type":"Point","coordinates":[105.492,19.25]},"properties":{"id":"PD00196","name":"Hồ Khe Dứa - Phú Quý","name_en":"Ho Khe Dua - Phu Quy","province":"Nghệ An","commune":"Đông Hiếu","page":"dams/NgheAn/HoKheDuaPhuQuy_DongHieu_NgheAn_VN.html"}},{"type":"Feature","geometry":{"type":"Point","coordinates":[106.4,22.3]},"properties":{"id":"PD00197","name":"Bắc Khê 1","name_en":"Bac Khe 1","province":"Lạng Sơn","commune":"Tân Tiến","page":"dams/LangSon/BacKhe1_TanTien_LangSon_VN.html"}},{"type":"Feature","geometry":{"type":"Point","coordinates":[107.942,14.75]},"properties":{"id":"PD00198","name":"Đăk Ter 2","name_en":"Dak Ter 2","province":"Quảng Ngãi","commune":"Tu Mơ Rông","page":"dams/QuangNgai/DakTer2_TuMoRong_QuangNgai_VN.html"}},{"type":"Feature","geometry":{"type":"Point","coordinates":[108.142,11.85]},"properties":{"id":"PD00199","name":"Sar Deung","name_en":"Sar Deung","province":"Lâm Đồng","commune":"Phú Sơn Lâm Hà","page":"dams/LamDong/SarDeung_PhuSonLamHa_LamDong_VN.html"}},{"type":"Feature","geometry":{"type":"Point","coordinates":[106.65,21.4]},"properties":{"id":"PD00200","name":"Hồ/Đập Đá Mài","name_en":"Ho/Dap Da Mai","province":"Bắc Ninh","commune":"Chũ","page":"dams/BacNinh/HoDapDaMai_Chu_BacNinh_VN.html"}},{"type":"Feature","geometry":{"type":"Point","coordinates":[105.75,22.35]},"properties":{"id":"PD00201","name":"Hồ Xà Dề Phìn","name_en":"Ho Xa De Phin","province":"Thái Nguyên","commune":"Đồng Phúc","page":"dams/ThaiNguyen/HoXaDePhin_DongPhuc_ThaiNguyen_VN.html"}},{"type":"Feature","geometry":{"type":"Point","coordinates":[106.991,21.7]},"properties":{"id":"PD00202","name":"Hồ Bản Lài","name_en":"Ho Ban Lai","province":"Lạng Sơn","commune":"Lợi Bác","page":"dams/LangSon/HoBanLai_LoiBac_LangSon_VN.html"}},{"type":"Feature","geometry":{"type":"Point","coordinates":[108.05,14.85]},"properties":{"id":"PD00203","name":"Thượng Đăk Psi (hồ chính)","name_en":"Thuong Dak Psi (ho chinh)","province":"Quảng Ngãi","commune":"Đăk Pxi","page":"dams/QuangNgai/ThuongDakPsiHoChinh_DakPxi_QuangNgai_VN.html"}},{"type":"Feature","geometry":{"type":"Point","coordinates":[107.946,14.543]},"properties":{"id":"PD00204","name":"Hồ 6B","name_en":"Ho 6B","province":"Quảng Ngãi","commune":"Đăk Mar","page":"dams/QuangNgai/Ho6B_DakMar_QuangNgai_VN.html"}},{"type":"Feature","geometry":{"type":"Point","coordinates":[104.3,22.6]},"properties":{"id":"PD00205","name":"Hồ Cán Cấu","name_en":"Ho Can Cau","province":"Lào Cai","commune":"Si Ma Cai","page":"dams/LaoCai/HoCanCau_SiMaCai_LaoCai_VN.html"}},{"type":"Feature","geometry":{"type":"Point","coordinates":[104.7,21.85]},"properties":{"id":"PD00206","name":"Hồ Khe Vải","name_en":"Ho Khe Vai","province":"Lào Cai","commune":"Xuân Ái","page":"dams/LaoCai/HoKheVai_XuanAi_LaoCai_VN.html"}},{"type":"Feature","geometry":{"type":"Point","coordinates":[104.8,21.4]},"properties":{"id":"PD00207","name":"Hồ Làng Ắt)","name_en":"Ho Lang At)","province":"Lào Cai","commune":"Thượng Bằng La","page":"dams/LaoCai/HoLangAt_ThuongBangLa_LaoCai_VN.html"}},{"type":"Feature","geometry":{"type":"Point","coordinates":[104.55,21.55]},"properties":{"id":"PD00208","name":"Hồ Roong Đeng","name_en":"Ho Roong Deng","province":"Lào Cai","commune":"Trung Tâm","page":"dams/LaoCai/HoRoongDeng_TrungTam_LaoCai_VN.html"}},{"type":"Feature","geometry":{"type":"Point","coordinates":[104.8,21.75]},"properties":{"id":"PD00209","name":"Hồ Tự Do","name_en":"Ho Tu Do","province":"Lào Cai","commune":"Quy Mông","page":"dams/LaoCai/HoTuDo_QuyMong_LaoCai_VN.html"}},{"type":"Feature","geometry":{"type":"Point","coordinates":[105.45,21.35]},"properties":{"id":"PD00210","name":"Hồ Đa Mang","name_en":"Ho Da Mang","province":"Phú Thọ","commune":"Tiên Lữ","page":"dams/PhuTho/HoDaMang_TienLu_PhuTho_VN.html"}},{"type":"Feature","geometry":{"type":"Point","coordinates":[105.346,21.443]},"properties":{"id":"PD00211","name":"Hồ Khuân","name_en":"Ho Khuan","province":"Phú Thọ","commune":"Hải Lựu","page":"dams/PhuTho/HoKhuan_HaiLuu_PhuTho_VN.html"}},{"type":"Feature","geometry":{"type":"Point","coordinates":[105.441,21.5]},"properties":{"id":"PD00212","name":"Hồ Ngọc Hoa","name_en":"Ho Ngoc Hoa","province":"Phú Thọ","commune":"Hợp Lý","page":"dams/PhuTho/HoNgocHoa_HopLy_PhuTho_VN.html"}},{"type":"Feature","geometry":{"type":"Point","coordinates":[106.391,21.2]},"properties":{"id":"PD00213","name":"Hồ Chín Thượng","name_en":"Ho Chin Thuong","province":"Hải Phòng","commune":"Nguyễn Trãi","page":"dams/HaiPhong/HoChinThuong_NguyenTrai_HaiPhong_VN.html"}},{"type":"Feature","geometry":{"type":"Point","coordinates":[106.35,21.1]},"properties":{"id":"PD00214","name":"Hồ Trại Sen","name_en":"Ho Trai Sen","province":"Hải Phòng","commune":"Chu Văn An","page":"dams/HaiPhong/HoTraiSen_ChuVanAn_HaiPhong_VN.html"}},{"type":"Feature","geometry":{"type":"Point","coordinates":[105.6,21.2]},"properties":{"id":"PD00215","name":"Hồ Khe Chão","name_en":"Ho Khe Chao","province":"Hà Nội","commune":"Yên Lãng","page":"dams/HaNoi/HoKheChao_YenLang_HaNoi_VN.html"}},{"type":"Feature","geometry":{"type":"Point","coordinates":[106.65,22.25]},"properties":{"id":"PD00216","name":"Hồ Kỳ Nà","name_en":"Ho Ky Na","province":"Lạng Sơn","commune":"Kháng Chiến","page":"dams/LangSon/HoKyNa_KhangChien_LangSon_VN.html"}},{"type":"Feature","geometry":{"type":"Point","coordinates":[106.45,21.5]},"properties":{"id":"PD00217","name":"Hồ Khuôn Pinh","name_en":"Ho Khuan Pinh","province":"Lạng Sơn","commune":"Tân Thành","page":"dams/LangSon/HoKhuanPinh_TanThanh_LangSon_VN.html"}},{"type":"Feature","geometry":{"type":"Point","coordinates":[106.35,21.8]},"properties":{"id":"PD00218","name":"Hồ Phai Thuống","name_en":"Ho Phai Thuong","province":"Lạng Sơn","commune":"Hưng Vũ","page":"dams/LangSon/HoPhaiThuong_HungVu_LangSon_VN.html"}},{"type":"Feature","geometry":{"type":"Point","coordinates":[106.65,21.95]},"properties":{"id":"PD00219","name":"Nà Pàn","name_en":"Ho Na Pan","province":"Lạng Sơn","commune":"Hoàng Văn Thụ","page":"dams/LangSon/HoNaPan_HoangVanThu_LangSon_VN.html"}},{"type":"Feature","geometry":{"type":"Point","coordinates":[105.709,21.6]},"properties":{"id":"PD00220","name":"Hồ Núi Cốc","name_en":"Ho Nui Coc","province":"Thái Nguyên","commune":"Đại Phúc","page":"dams/ThaiNguyen/HoNuiCoc_DaiPhuc_ThaiNguyen_VN_PD00220.html"}},{"type":"Feature","geometry":{"type":"Point","coordinates":[105.741,21.6]},"properties":{"id":"PD00221","name":"Hồ Cây Si","name_en":"Ho Cay Si","province":"Thái Nguyên","commune":"Đại Phúc","page":"dams/ThaiNguyen/HoCaySi_DaiPhuc_ThaiNguyen_VN.html"}},{"type":"Feature","geometry":{"type":"Point","coordinates":[105.691,21.6]},"properties":{"id":"PD00222","name":"Hồ Cây Vỉ","name_en":"Ho Cay Vi","province":"Thái Nguyên","commune":"Đại Phúc","page":"dams/ThaiNguyen/HoCay6_DaiPhuc_ThaiNguyen_VN.html"}},{"type":"Feature","geometry":{"type":"Point","coordinates":[105.559,21.85]},"properties":{"id":"PD00223","name":"Hồ Bản Piềng","name_en":"Ho Ban Pieng","province":"Thái Nguyên","commune":"Bình Yên","page":"dams/ThaiNguyen/HoBanPieng_BinhYen_ThaiNguyen_VN.html"}},{"type":"Feature","geometry":{"type":"Point","coordinates":[105.541,21.85]},"properties":{"id":"PD00224","name":"Hồ Bó Vàng","name_en":"Ho Bo Vang","province":"Thái Nguyên","commune":"Bình Yên","page":"dams/ThaiNguyen/HoBoVang_BinhYen_ThaiNguyen_VN.html"}},{"type":"Feature","geometry":{"type":"Point","coordinates":[105.591,21.9]},"properties":{"id":"PD00225","name":"Hồ Làng Gầy","name_en":"Ho Lang Gay","province":"Thái Nguyên","commune":"Định Hóa","page":"dams/ThaiNguyen/HoLangGay_DinhHoa_ThaiNguyen_VN.html"}},{"type":"Feature","geometry":{"type":"Point","coordinates":[105.659,21.95]},"properties":{"id":"PD00226","name":"Hồ Suối My","name_en":"Ho Suoi My","province":"Thái Nguyên","commune":"Kim Phượng","page":"dams/ThaiNguyen/HoSuoiMy_KimPhuong_ThaiNguyen_VN.html"}},{"type":"Feature","geometry":{"type":"Point","coordinates":[105.65,22.0]},"properties":{"id":"PD00227","name":"Hồ Đèo Phuợng","name_en":"Ho Deo Phuong","province":"Thái Nguyên","commune":"Lam Vỹ","page":"dams/ThaiNguyen/HoDeoPhuong_LamVy_ThaiNguyen_VN.html"}},{"type":"Feature","geometry":{"type":"Point","coordinates":[106.35,20.55]},"properties":{"id":"PD00228","name":"Hồ Đồng Lá","name_en":"Ho Dong La","province":"Hưng Yên","commune":"Đông Hưng","page":"dams/HungYen/HoDongLa_DongHung_HungYen_VN.html"}},{"type":"Feature","geometry":{"type":"Point","coordinates":[105.6,21.65]},"properties":{"id":"PD00229","name":"Hồ Suối Diễu","name_en":"Ho Suoi Dieu","province":"Thái Nguyên","commune":"La Bằng","page":"dams/ThaiNguyen/HoSuoiDieu_LaBang_ThaiNguyen_VN.html"}},{"type":"Feature","geometry":{"type":"Point","coordinates":[105.8,20.45]},"properties":{"id":"PD00230","name":"Hồ Đồng Tâm","name_en":"Ho Dong Tam","province":"Phú Thọ","commune":"Lạc Thủy","page":"dams/PhuTho/HoDongTam_LacThuy_PhuTho_VN.html"}},{"type":"Feature","geometry":{"type":"Point","coordinates":[105.5,21.7]},"properties":{"id":"PD00231","name":"Hồ Phú Xuyên","name_en":"Ho Phu Xuyen","province":"Thái Nguyên","commune":"Phú Xuyên","page":"dams/ThaiNguyen/HoPhuXuyen_PhuXuyen_ThaiNguyen_VN.html"}},{"type":"Feature","geometry":{"type":"Point","coordinates":[105.55,21.7]},"properties":{"id":"PD00232","name":"Hồ Cầu Trà","name_en":"Ho Cau Tra","province":"Thái Nguyên","commune":"Phú Xuyên","page":"dams/ThaiNguyen/HoCauTra_PhuXuyen_ThaiNguyen_VN.html"}},{"type":"Feature","geometry":{"type":"Point","coordinates":[105.5,21.65]},"properties":{"id":"PD00233","name":"Đầm Khuôn Nanh","name_en":"Dam Khuon Nanh","province":"Thái Nguyên","commune":"Phú Xuyên","page":"dams/ThaiNguyen/DamKhuonNanh_PhuXuyen_ThaiNguyen_VN.html"}},{"type":"Feature","geometry":{"type":"Point","coordinates":[105.659,21.8]},"properties":{"id":"PD00234","name":"Hồ Nà Mạt","name_en":"Ho Na Mat","province":"Thái Nguyên","commune":"Hợp Thành","page":"dams/ThaiNguyen/HoNaMat_HopThanh_ThaiNguyen_VN.html"}},{"type":"Feature","geometry":{"type":"Point","coordinates":[105.659,21.75]},"properties":{"id":"PD00235","name":"Hồ Khuân Lân","name_en":"Ho Khuan Lan","province":"Thái Nguyên","commune":"Hợp Thành","page":"dams/ThaiNguyen/HoKhuanLan_HopThanh_ThaiNguyen_VN.html"}},{"type":"Feature","geometry":{"type":"Point","coordinates":[105.709,21.8]},"properties":{"id":"PD00236","name":"Hồ Khe Ván","name_en":"Ho Khe Van","province":"Thái Nguyên","commune":"Hợp Thành","page":"dams/ThaiNguyen/HoKheVan_HopThanh_ThaiNguyen_VN.html"}},{"type":"Feature","geometry":{"type":"Point","coordinates":[105.709,21.85]},"properties":{"id":"PD00237","name":"Hồ Nậm Dất","name_en":"Ho Nam Dat","province":"Thái Nguyên","commune":"Yên Trạch","page":"dams/ThaiNguyen/HoNamDat_YenTrach_ThaiNguyen_VN.html"}},{"type":"Feature","geometry":{"type":"Point","coordinates":[106.0,21.608]},"properties":{"id":"PD00238","name":"Hồ Kim Cương","name_en":"Ho Kim Cuong","province":"Thái Nguyên","commune":"Nam Hòa","page":"dams/ThaiNguyen/HoKimCuong_NamHoa_ThaiNguyen_VN.html"}},{"type":"Feature","geometry":{"type":"Point","coordinates":[105.991,21.6]},"properties":{"id":"PD00239","name":"Hồ Hố Chuối","name_en":"Ho Ho Chuoi","province":"Thái Nguyên","commune":"Trại Cau","page":"dams/ThaiNguyen/HoHoChuoi_TraiCau_ThaiNguyen_VN.html"}},{"type":"Feature","geometry":{"type":"Point","coordinates":[106.0,21.7]},"properties":{"id":"PD00240","name":"Hồ Vân Hán","name_en":"Ho Van Han","province":"Thái Nguyên","commune":"Văn Hán","page":"dams/ThaiNguyen/HoVanHan_VanHan_ThaiNguyen_VN.html"}},{"type":"Feature","geometry":{"type":"Point","coordinates":[105.7,21.45]},"properties":{"id":"PD00241","name":"Hồ Đồng Cẩu","name_en":"Ho Dong Cau","province":"Thái Nguyên","commune":"Phúc Thuận","page":"dams/ThaiNguyen/HoDongCau_PhucThuan_ThaiNguyen_VN.html"}},{"type":"Feature","geometry":{"type":"Point","coordinates":[105.95,21.7]},"properties":{"id":"PD00242","name":"Hồ Lòng Thuyền","name_en":"Ho Long Thuyen","province":"Thái Nguyên","commune":"La Hiên","page":"dams/ThaiNguyen/HoLongThuyen_LaHien_ThaiNguyen_VN.html"}},{"type":"Feature","geometry":{"type":"Point","coordinates":[105.65,21.9]},"properties":{"id":"PD00243","name":"Hồ Pắc Xoong","name_en":"Ho Pac Xoong","province":"Thái Nguyên","commune":"Phượng Tiến","page":"dams/ThaiNguyen/HoPacXoong_PhuongTien_ThaiNguyen_VN.html"}},{"type":"Feature","geometry":{"type":"Point","coordinates":[105.641,21.95]},"properties":{"id":"PD00244","name":"Hồ Thâm Phầy","name_en":"Ho Tham Phay","province":"Thái Nguyên","commune":"Kim Phượng","page":"dams/ThaiNguyen/HoThamPhay_KimPhuong_ThaiNguyen_VN.html"}},{"type":"Feature","geometry":{"type":"Point","coordinates":[105.641,21.75]},"properties":{"id":"PD00245","name":"Hồ Thâm Quang","name_en":"Ho Tham Quang","province":"Thái Nguyên","commune":"Hợp Thành","page":"dams/ThaiNguyen/HoThamQuang_HopThanh_ThaiNguyen_VN.html"}},{"type":"Feature","geometry":{"type":"Point","coordinates":[105.641,21.8]},"properties":{"id":"PD00246","name":"Hồ Tuông Lậc","name_en":"Ho Tuong Lac","province":"Thái Nguyên","commune":"Hợp Thành","page":"dams/ThaiNguyen/HoTuongLac_HopThanh_ThaiNguyen_VN.html"}},{"type":"Feature","geometry":{"type":"Point","coordinates":[105.75,21.75]},"properties":{"id":"PD00247","name":"Hồ Suối Luông","name_en":"Ho Suoi Luong","province":"Thái Nguyên","commune":"Phú Lương","page":"dams/ThaiNguyen/HoSuoiLuong_PhuLuong_ThaiNguyen_VN.html"}},{"type":"Feature","geometry":{"type":"Point","coordinates":[105.691,21.8]},"properties":{"id":"PD00248","name":"Hồ Lũng Nến","name_en":"Ho Lung Nen","province":"Thái Nguyên","commune":"Yên Trạch","page":"dams/ThaiNguyen/HoLungNen_YenTrach_ThaiNguyen_VN.html"}},{"type":"Feature","geometry":{"type":"Point","coordinates":[105.696,21.857]},"properties":{"id":"PD00249","name":"Hồ Suối Mạ","name_en":"Ho Suoi Ma","province":"Thái Nguyên","commune":"Yên Trạch","page":"dams/ThaiNguyen/HoSuoiMa_YenTrach_ThaiNguyen_VN.html"}},{"type":"Feature","geometry":{"type":"Point","coordinates":[105.696,21.843]},"properties":{"id":"PD00250","name":"Hồ Cỏ Tẳng","name_en":"Ho Co Tang","province":"Thái Nguyên","commune":"Yên Trạch","page":"dams/ThaiNguyen/HoCoTang_YenTrach_ThaiNguyen_VN.html"}},{"type":"Feature","geometry":{"type":"Point","coordinates":[105.9,21.7]},"properties":{"id":"PD00251","name":"Hồ Xóm 8","name_en":"Ho Xom 8","province":"Thái Nguyên","commune":"Đồng Hỷ","page":"dams/ThaiNguyen/HoXom8_DongHy_ThaiNguyen_VN.html"}},{"type":"Feature","geometry":{"type":"Point","coordinates":[105.85,21.65]},"properties":{"id":"PD00252","name":"Hồ Na Long","name_en":"Ho Na Long","province":"Thái Nguyên","commune":"Đồng Hỷ","page":"dams/ThaiNguyen/HoNaLong_DongHy_ThaiNguyen_VN.html"}},{"type":"Feature","geometry":{"type":"Point","coordinates":[106.0,21.592]},"properties":{"id":"PD00253","name":"Hồ Cây Thị","name_en":"Ho Cay Thi","province":"Thái Nguyên","commune":"Nam Hòa","page":"dams/ThaiNguyen/HoCayThi_NamHoa_ThaiNguyen_VN.html"}},{"type":"Feature","geometry":{"type":"Point","coordinates":[105.959,21.55]},"properties":{"id":"PD00254","name":"Hồ Đá Bạc","name_en":"Ho Da Bac","province":"Thái Nguyên","commune":"Trại Cau","page":"dams/ThaiNguyen/HoDaBac_TraiCau_ThaiNguyen_VN.html"}},{"type":"Feature","geometry":{"type":"Point","coordinates":[105.941,21.55]},"properties":{"id":"PD00255","name":"Hồ Trại Đèo","name_en":"Ho Trai Deo","province":"Thái Nguyên","commune":"Trại Cau","page":"dams/ThaiNguyen/HoTraiDeo_TraiCau_ThaiNguyen_VN.html"}},{"type":"Feature","geometry":{"type":"Point","coordinates":[106.05,21.75]},"properties":{"id":"PD00256","name":"Hồ Cây Hồng","name_en":"Ho Cay Hong","province":"Thái Nguyên","commune":"Võ Nhai","page":"dams/ThaiNguyen/HoCayHong_VoNhai_ThaiNguyen_VN.html"}},{"type":"Feature","geometry":{"type":"Point","coordinates":[106.0,21.55]},"properties":{"id":"PD00257","name":"Hồ Hố Cóc","name_en":"Ho Ho Coc","province":"Thái Nguyên","commune":"Tân Khánh","page":"dams/ThaiNguyen/HoHoCoc_TanKhanh_ThaiNguyen_VN.html"}},{"type":"Feature","geometry":{"type":"Point","coordinates":[106.0,21.5]},"properties":{"id":"PD00258","name":"Hồ Kim Đĩnh","name_en":"Ho Kim Dinh","province":"Thái Nguyên","commune":"Tân Thành","page":"dams/ThaiNguyen/HoKimDinh_TanThanh_ThaiNguyen_VN.html"}},{"type":"Feature","geometry":{"type":"Point","coordinates":[105.35,21.6]},"properties":{"id":"PD00259","name":"Cao Ngỗi","name_en":"Cao Ngoi","province":"Tuyên Quang","commune":"Trường Sinh","page":"dams/TuyenQuang/CaoNgoi_TruongSinh_TuyenQuang_VN.html"}},{"type":"Feature","geometry":{"type":"Point","coordinates":[106.4,22.45]},"properties":{"id":"PD00260","name":"Nà Vàng","name_en":"Na Vang","province":"Cao Bằng","commune":"Thạch An","page":"dams/CaoBang/NaVang_ThachAn_CaoBang_VN.html"}},{"type":"Feature","geometry":{"type":"Point","coordinates":[105.7,22.4]},"properties":{"id":"PD00261","name":"Khuổi Luông","name_en":"Khuoi Luong","province":"Thái Nguyên","commune":"Ba Bể","page":"dams/ThaiNguyen/KhuoiLuong_BaBe_ThaiNguyen_VN.html"}},{"type":"Feature","geometry":{"type":"Point","coordinates":[105.0,22.7]},"properties":{"id":"PD00262","name":"Noong Mò","name_en":"Noong Mo","province":"Tuyên Quang","commune":"Phú Linh","page":"dams/TuyenQuang/NoongMo_PhuLinh_TuyenQuang_VN.html"}},{"type":"Feature","geometry":{"type":"Point","coordinates":[105.3,22.3]},"properties":{"id":"PD00263","name":"Nà Heng 2","name_en":"Na Heng 2","province":"Tuyên Quang","commune":"Nà Hang","page":"dams/TuyenQuang/NaHeng2_NaHang_TuyenQuang_VN.html"}},{"type":"Feature","geometry":{"type":"Point","coordinates":[105.159,21.85]},"properties":{"id":"PD00264","name":"Đèo Hoa","name_en":"Deo Hoa","province":"Tuyên Quang","commune":"Yên Sơn","page":"dams/TuyenQuang/DeoHoa_YenSon_TuyenQuang_VN.html"}},{"type":"Feature","geometry":{"type":"Point","coordinates":[106.6,10.5]},"properties":{"id":"PD00265","name":"Hoàng Tân","name_en":"Hoang Tan","province":"Tây Ninh","commune":"Tân Lân","page":"dams/TayNinh/HoangTan_TanLan_TayNinh_VN.html"}},{"type":"Feature","geometry":{"type":"Point","coordinates":[106.6,20.8]},"properties":{"id":"PD00266","name":"Tân Dân","name_en":"Tan Dan","province":"Hải Phòng","commune":"An Lão","page":"dams/HaiPhong/TanDan_AnLao_HaiPhong_VN.html"}},{"type":"Feature","geometry":{"type":"Point","coordinates":[105.441,21.55]},"properties":{"id":"PD00267","name":"Cây Sấu","name_en":"Cay Sau","province":"Tuyên Quang","commune":"Phú Lương","page":"dams/TuyenQuang/CaySau_PhuLuong_TuyenQuang_VN.html"}},{"type":"Feature","geometry":{"type":"Point","coordinates":[105.8,21.2]},"properties":{"id":"PD00268","name":"Hồ Trùng (Chùng)","name_en":"Ho Trung (Chung)","province":"Hà Nội","commune":"Phúc Thịnh","page":"dams/HaNoi/HoTrungChung_PhucThinh_HaNoi_VN.html"}},{"type":"Feature","geometry":{"type":"Point","coordinates":[105.041,22.05]},"properties":{"id":"PD00269","name":"Hồ Khởn","name_en":"Ho Khon","province":"Tuyên Quang","commune":"Thái Sơn","page":"dams/TuyenQuang/HoKhon_ThaiSon_TuyenQuang_VN.html"}},{"type":"Feature","geometry":{"type":"Point","coordinates":[108.95,14.4]},"properties":{"id":"PD00270","name":"Hố Chuối","name_en":"Ho Chuoi","province":"Gia Lai","commune":"Ân Hảo","page":"dams/GiaLai/HoChuoi_AnHao_GiaLai_VN.html"}},{"type":"Feature","geometry":{"type":"Point","coordinates":[105.7,21.0]},"properties":{"id":"PD00271","name":"Hồ Đình","name_en":"Ho Dinh","province":"Hà Nội","commune":"Hưng Đạo","page":"dams/HaNoi/HoDinh_HungDao_HaNoi_VN.html"}},{"type":"Feature","geometry":{"type":"Point","coordinates":[105.141,21.85]},"properties":{"id":"PD00272","name":"Cánh Tiên","name_en":"Canh Tien","province":"Tuyên Quang","commune":"Yên Sơn","page":"dams/TuyenQuang/CanhTien_YenSon_TuyenQuang_VN.html"}},{"type":"Feature","geometry":{"type":"Point","coordinates":[105.7,21.358]},"properties":{"id":"PD00274","name":"Hồ Trại Trâu","name_en":"Ho Trai Trau","province":"Phú Thọ","commune":"Xuân Hòa","page":"dams/PhuTho/HoTraiTrau_XuanHoa_PhuTho_VN.html"}},{"type":"Feature","geometry":{"type":"Point","coordinates":[105.691,21.35]},"properties":{"id":"PD00275","name":"Hồ Đập Ba","name_en":"Ho Dap Ba","province":"Phú Thọ","commune":"Xuân Hòa","page":"dams/PhuTho/HoDapBa_XuanHoa_PhuTho_VN.html"}},{"type":"Feature","geometry":{"type":"Point","coordinates":[105.759,21.4]},"properties":{"id":"PD00276","name":"Hồ Tân Bình","name_en":"Ho Tan Binh","province":"Phú Thọ","commune":"Xuân Hòa","page":"dams/PhuTho/HoTanBinh_XuanHoa_PhuTho_VN.html"}},{"type":"Feature","geometry":{"type":"Point","coordinates":[105.75,21.35]},"properties":{"id":"PD00277","name":"Đập Bến Cả","name_en":"Dap Ben Ca","province":"Phú Thọ","commune":"Xuân Hòa","page":"dams/PhuTho/DapBenCa_XuanHoa_PhuTho_VN.html"}},{"type":"Feature","geometry":{"type":"Point","coordinates":[105.741,21.4]},"properties":{"id":"PD00278","name":"Đập Tân An","name_en":"Dap Tan An","province":"Phú Thọ","commune":"Xuân Hòa","page":"dams/PhuTho/DapTanAn_XuanHoa_PhuTho_VN.html"}},{"type":"Feature","geometry":{"type":"Point","coordinates":[105.65,18.45]},"properties":{"id":"PD00279","name":"Hồ Khe Làng","name_en":"Ho Khe Lang","province":"Hà Tĩnh","commune":"Đức Thịnh","page":"dams/HaTinh/HoKheLang_DucThinh_HaTinh_VN.html"}},{"type":"Feature","geometry":{"type":"Point","coordinates":[105.15,18.8]},"properties":{"id":"PD00280","name":"Hồ Trám Hồng","name_en":"Ho Tram Hong","province":"Nghệ An","commune":"Sơn Lâm","page":"dams/NgheAn/HoTramHong_SonLam_NgheAn_VN.html"}},{"type":"Feature","geometry":{"type":"Point","coordinates":[105.25,18.8]},"properties":{"id":"PD00281","name":"Hồ Cao Điền","name_en":"Ho Cao Dien","province":"Nghệ An","commune":"Tam Đồng","page":"dams/NgheAn/HoCaoDien_TamDong_NgheAn_VN.html"}},{"type":"Feature","geometry":{"type":"Point","coordinates":[105.2,18.8]},"properties":{"id":"PD00282","name":"Hồ Vực Sụ","name_en":"Ho Vuc Su","province":"Nghệ An","commune":"Tam Đồng","page":"dams/NgheAn/HoVucSu_TamDong_NgheAn_VN.html"}},{"type":"Feature","geometry":{"type":"Point","coordinates":[105.35,18.8]},"properties":{"id":"PD00283","name":"Hồ Chợ Mua","name_en":"Ho Cho Mua","province":"Nghệ An","commune":"Đại Đồng","page":"dams/NgheAn/HoChoMua_DaiDong_NgheAn_VN.html"}},{"type":"Feature","geometry":{"type":"Point","coordinates":[105.4,18.75]},"properties":{"id":"PD00284","name":"Hồ La Ngà","name_en":"Ho La Nga","province":"Nghệ An","commune":"Xuân Lâm","page":"dams/NgheAn/HoLaNga_XuanLam_NgheAn_VN.html"}},{"type":"Feature","geometry":{"type":"Point","coordinates":[105.3,18.7]},"properties":{"id":"PD00285","name":"Hồ Lai Lò","name_en":"Ho Lai Lo","province":"Nghệ An","commune":"Kim Bảng","page":"dams/NgheAn/HoLaiLo_KimBang_NgheAn_VN.html"}},{"type":"Feature","geometry":{"type":"Point","coordinates":[105.492,18.6]},"properties":{"id":"PD00286","name":"Hồ Triều Dương","name_en":"Ho Trieu Duong","province":"Nghệ An","commune":"Bích Hào","page":"dams/NgheAn/HoTrieuDuong_BichHao_NgheAn_VN.html"}},{"type":"Feature","geometry":{"type":"Point","coordinates":[105.8,22.15]},"properties":{"id":"PD00287","name":"Nặm Cắt","name_en":"Nam Cat","province":"Thái Nguyên","commune":"Phong Quang","page":"dams/ThaiNguyen/NamCat_PhongQuang_ThaiNguyen_VN_PD00287.html"}},{"type":"Feature","geometry":{"type":"Point","coordinates":[106.2,22.2]},"properties":{"id":"PD00288","name":"Khuổi Khe","name_en":"Khuoi Khe","province":"Thái Nguyên","commune":"Na Rì","page":"dams/ThaiNguyen/KhuoiKhe_NaRi_ThaiNguyen_VN.html"}},{"type":"Feature","geometry":{"type":"Point","coordinates":[105.9,21.95]},"properties":{"id":"PD00289","name":"Hồ Khuổi Luông","name_en":"Ho Khuoi Luong","province":"Thái Nguyên","commune":"Yên Bình","page":"dams/ThaiNguyen/HoKhuoiLuong_YenBinh_ThaiNguyen_VN.html"}},{"type":"Feature","geometry":{"type":"Point","coordinates":[106.1,22.25]},"properties":{"id":"PD00290","name":"Hồ Bản Giang","name_en":"Ho Ban Giang","province":"Thái Nguyên","commune":"Văn Lang","page":"dams/ThaiNguyen/HoBanGiang_VanLang_ThaiNguyen_VN.html"}},{"type":"Feature","geometry":{"type":"Point","coordinates":[105.909,22.3]},"properties":{"id":"PD00291","name":"Khuổi Tẩu","name_en":"Khuoi Tau","province":"Thái Nguyên","commune":"Phủ Thông","page":"dams/ThaiNguyen/KhuoiTau_PhuThong_ThaiNguyen_VN.html"}},{"type":"Feature","geometry":{"type":"Point","coordinates":[105.959,21.95]},"properties":{"id":"PD00292","name":"Khuổi Dầy","name_en":"Khuoi Day","province":"Thái Nguyên","commune":"Yên Bình","page":"dams/ThaiNguyen/KhuoiDay_YenBinh_ThaiNguyen_VN.html"}},{"type":"Feature","geometry":{"type":"Point","coordinates":[106.05,21.95]},"properties":{"id":"PD00293","name":"Hồ Cốc Thông","name_en":"Ho Coc Thong","province":"Thái Nguyên","commune":"Xuân Dương","page":"dams/ThaiNguyen/HoCocThong_XuanDuong_ThaiNguyen_VN.html"}},{"type":"Feature","geometry":{"type":"Point","coordinates":[105.75,22.05]},"properties":{"id":"PD00294","name":"Hồ Khuổi Dâng","name_en":"Ho Khuoi Dang","province":"Thái Nguyên","commune":"Thanh Mai","page":"dams/ThaiNguyen/HoKhuoiDang_ThanhMai_ThaiNguyen_VN.html"}},{"type":"Feature","geometry":{"type":"Point","coordinates":[105.859,21.9]},"properties":{"id":"PD00295","name":"Hồ Đèo Bụt","name_en":"Ho Deo But","province":"Thái Nguyên","commune":"Chợ Mới","page":"dams/ThaiNguyen/HoDeoBut_ChoMoi_ThaiNguyen_VN.html"}},{"type":"Feature","geometry":{"type":"Point","coordinates":[106.05,22.05]},"properties":{"id":"PD00296","name":"Hồ Mạy Đẩy","name_en":"Ho May Day","province":"Thái Nguyên","commune":"Xuân Dương","page":"dams/ThaiNguyen/HoMayDay_XuanDuong_ThaiNguyen_VN.html"}},{"type":"Feature","geometry":{"type":"Point","coordinates":[105.941,21.95]},"properties":{"id":"PD00297","name":"Khuổi Sung","name_en":"Khuoi Sung","province":"Thái Nguyên","commune":"Yên Bình","page":"dams/ThaiNguyen/KhuoiSung_YenBinh_ThaiNguyen_VN.html"}},{"type":"Feature","geometry":{"type":"Point","coordinates":[105.8,22.0]},"properties":{"id":"PD00298","name":"Hồ Cao Thanh","name_en":"Ho Cao Thanh","province":"Thái Nguyên","commune":"Thanh Mai","page":"dams/ThaiNguyen/HoCaoThanh_ThanhMai_ThaiNguyen_VN.html"}},{"type":"Feature","geometry":{"type":"Point","coordinates":[105.8,21.95]},"properties":{"id":"PD00299","name":"Bản Còn","name_en":"Ban Con","province":"Thái Nguyên","commune":"Thanh Thịnh","page":"dams/ThaiNguyen/BanCon_ThanhThinh_ThaiNguyen_VN.html"}},{"type":"Feature","geometry":{"type":"Point","coordinates":[106.15,22.25]},"properties":{"id":"PD00300","name":"Hồ Sum Ngược","name_en":"Ho Sum Nguoc","province":"Thái Nguyên","commune":"Văn Lang","page":"dams/ThaiNguyen/HoSumNguoc_VanLang_ThaiNguyen_VN.html"}},{"type":"Feature","geometry":{"type":"Point","coordinates":[105.809,22.1]},"properties":{"id":"PD00301","name":"Hồ Nà Đon","name_en":"Ho Na Don","province":"Thái Nguyên","commune":"Thanh Mai","page":"dams/ThaiNguyen/HoNaDon_ThanhMai_ThaiNguyen_VN.html"}},{"type":"Feature","geometry":{"type":"Point","coordinates":[105.791,22.1]},"properties":{"id":"PD00302","name":"Hồ Tân Minh","name_en":"Ho Tan Minh","province":"Thái Nguyên","commune":"Thanh Mai","page":"dams/ThaiNguyen/HoTanMinh_ThanhMai_ThaiNguyen_VN.html"}},{"type":"Feature","geometry":{"type":"Point","coordinates":[105.891,22.3]},"properties":{"id":"PD00303","name":"Hồ Nà Lẹng","name_en":"Ho Na Leng","province":"Thái Nguyên","commune":"Vĩnh Thông","page":"dams/ThaiNguyen/HoNaLeng_VinhThong_ThaiNguyen_VN.html"}},{"type":"Feature","geometry":{"type":"Point","coordinates":[105.841,21.9]},"properties":{"id":"PD00304","name":"Hồ Tam Kha","name_en":"Ho Tam Kha","province":"Thái Nguyên","commune":"Chợ Mới","page":"dams/ThaiNguyen/HoTamKha_ChoMoi_ThaiNguyen_VN.html"}},{"type":"Feature","geometry":{"type":"Point","coordinates":[105.85,22.2]},"properties":{"id":"PD00305","name":"Khuổi Chanh","name_en":"Khuoi Chanh","province":"Thái Nguyên","commune":"Cẩm Giàng","page":"dams/ThaiNguyen/KhuoiChanh_CamGiang_ThaiNguyen_VN.html"}},{"type":"Feature","geometry":{"type":"Point","coordinates":[105.159,20.85]},"properties":{"id":"PD00306","name":"Hồ Nà Chiếu","name_en":"Ho Na Chieu","province":"Phú Thọ","commune":"Cao Sơn","page":"dams/PhuTho/HoNaChieu_CaoSon_PhuTho_VN.html"}},{"type":"Feature","geometry":{"type":"Point","coordinates":[105.141,20.85]},"properties":{"id":"PD00307","name":"Hồ Nà Tằm","name_en":"Ho Na Tam","province":"Phú Thọ","commune":"Cao Sơn","page":"dams/PhuTho/HoNaTam_CaoSon_PhuTho_VN.html"}},{"type":"Feature","geometry":{"type":"Point","coordinates":[105.209,20.85]},"properties":{"id":"PD00308","name":"Hồ Tày Măng","name_en":"Ho Tay Mang","province":"Phú Thọ","commune":"Đà Bắc","page":"dams/PhuTho/HoTayMang_DaBac_PhuTho_VN.html"}},{"type":"Feature","geometry":{"type":"Point","coordinates":[105.259,20.9]},"properties":{"id":"PD00309","name":"Hồ Cót","name_en":"Ho Cot","province":"Phú Thọ","commune":"Đà Bắc","page":"dams/PhuTho/HoCot_DaBac_PhuTho_VN.html"}},{"type":"Feature","geometry":{"type":"Point","coordinates":[105.246,20.907]},"properties":{"id":"PD00310","name":"Hồ Cháu Mè","name_en":"Ho Chau Me","province":"Phú Thọ","commune":"Đà Bắc","page":"dams/PhuTho/HoChauMe_DaBac_PhuTho_VN.html"}},{"type":"Feature","geometry":{"type":"Point","coordinates":[105.191,20.85]},"properties":{"id":"PD00311","name":"Hồ Suối Hoa","name_en":"Ho Suoi Hoa","province":"Phú Thọ","commune":"Đà Bắc","page":"dams/PhuTho/HoSuoiHoa_DaBac_PhuTho_VN.html"}},{"type":"Feature","geometry":{"type":"Point","coordinates":[105.05,20.9]},"properties":{"id":"PD00312","name":"Hồ Cang","name_en":"Ho Cang","province":"Phú Thọ","commune":"Quy Đức","page":"dams/PhuTho/HoCang_QuyDuc_PhuTho_VN.html"}},{"type":"Feature","geometry":{"type":"Point","coordinates":[104.941,21.0]},"properties":{"id":"PD00313","name":"Hồ Ca Lông","name_en":"Ho Ca Long","province":"Phú Thọ","commune":"Tân Pheo","page":"dams/PhuTho/HoCaLong_TanPheo_PhuTho_VN.html"}},{"type":"Feature","geometry":{"type":"Point","coordinates":[105.246,20.893]},"properties":{"id":"PD00314","name":"Hồ Thảng","name_en":"Ho Thang","province":"Phú Thọ","commune":"Đà Bắc","page":"dams/PhuTho/HoThang_DaBac_PhuTho_VN.html"}},{"type":"Feature","geometry":{"type":"Point","coordinates":[105.409,20.9]},"properties":{"id":"PD00315","name":"Hồ Dụ ( Ao Mè )","name_en":"Ho Du ( Ao Me )","province":"Phú Thọ","commune":"Kỳ Sơn","page":"dams/PhuTho/HoDuAoMe_KySon_PhuTho_VN.html"}},{"type":"Feature","geometry":{"type":"Point","coordinates":[105.35,20.85]},"properties":{"id":"PD00316","name":"Hồ Ngọc","name_en":"Ho Ngoc","province":"Phú Thọ","commune":"Hòa Bình","page":"dams/PhuTho/HoNgoc_HoaBinh_PhuTho_VN.html"}},{"type":"Feature","geometry":{"type":"Point","coordinates":[105.359,20.75]},"properties":{"id":"PD00317","name":"Hồ Đồng Chụa","name_en":"Ho Dong Chua","province":"Phú Thọ","commune":"Thống Nhất","page":"dams/PhuTho/HoDongChua_ThongNhat_PhuTho_VN.html"}},{"type":"Feature","geometry":{"type":"Point","coordinates":[105.4,21.0]},"properties":{"id":"PD00318","name":"Hồ Mè","name_en":"Ho Me","province":"Phú Thọ","commune":"Thịnh Minh","page":"dams/PhuTho/HoMe_ThinhMinh_PhuTho_VN.html"}},{"type":"Feature","geometry":{"type":"Point","coordinates":[105.35,20.808]},"properties":{"id":"PD00319","name":"Hồ Nà Sung","name_en":"Ho Na Sung","province":"Phú Thọ","commune":"Thống Nhất","page":"dams/PhuTho/HoNaSung_ThongNhat_PhuTho_VN.html"}},{"type":"Feature","geometry":{"type":"Point","coordinates":[105.341,20.8]},"properties":{"id":"PD00320","name":"Hồ Thống Nhất","name_en":"Ho Thong Nhat","province":"Phú Thọ","commune":"Thống Nhất","page":"dams/PhuTho/HoThongNhat_ThongNhat_PhuTho_VN.html"}},{"type":"Feature","geometry":{"type":"Point","coordinates":[105.341,20.75]},"properties":{"id":"PD00321","name":"Hồ Đồng Gạo","name_en":"Ho Dong Gao","province":"Phú Thọ","commune":"Thống Nhất","page":"dams/PhuTho/HoDongGao_ThongNhat_PhuTho_VN.html"}},{"type":"Feature","geometry":{"type":"Point","coordinates":[105.35,20.9]},"properties":{"id":"PD00322","name":"Hồ Khang Mời","name_en":"Ho Khang Moi","province":"Phú Thọ","commune":"Tân Hòa","page":"dams/PhuTho/HoKhangMoi_TanHoa_PhuTho_VN.html"}},{"type":"Feature","geometry":{"type":"Point","coordinates":[105.35,20.792]},"properties":{"id":"PD00323","name":"Hồ Rộc Xả","name_en":"Ho Roc Xa","province":"Phú Thọ","commune":"Hòa Bình","page":"dams/PhuTho/HoRocXa_HoaBinh_PhuTho_VN.html"}},{"type":"Feature","geometry":{"type":"Point","coordinates":[105.391,20.9]},"properties":{"id":"PD00324","name":"Hồ Đồng Bến","name_en":"Ho Dong Ben","province":"Phú Thọ","commune":"Kỳ Sơn","page":"dams/PhuTho/HoDongBen_KySon_PhuTho_VN.html"}},{"type":"Feature","geometry":{"type":"Point","coordinates":[105.341,21.0]},"properties":{"id":"PD00325","name":"Hồ Láo Ngảo","name_en":"Ho Lao Ngao","province":"Phú Thọ","commune":"Thịnh Minh","page":"dams/PhuTho/HoLaoNgao_ThinhMinh_PhuTho_VN.html"}},{"type":"Feature","geometry":{"type":"Point","coordinates":[105.35,20.708]},"properties":{"id":"PD00326","name":"Hồ Bãi Bông","name_en":"Ho Bai Bong","province":"Phú Thọ","commune":"Cao Phong","page":"dams/PhuTho/HoBaiBong_CaoPhong_PhuTho_VN.html"}},{"type":"Feature","geometry":{"type":"Point","coordinates":[105.341,20.7]},"properties":{"id":"PD00327","name":"Hồ Múi","name_en":"Ho Mui","province":"Phú Thọ","commune":"Cao Phong","page":"dams/PhuTho/HoMui_CaoPhong_PhuTho_VN.html"}},{"type":"Feature","geometry":{"type":"Point","coordinates":[105.309,20.65]},"properties":{"id":"PD00328","name":"Hồ De","name_en":"Ho De","province":"Phú Thọ","commune":"Mường Thàng","page":"dams/PhuTho/HoDe_MuongThang_PhuTho_VN.html"}},{"type":"Feature","geometry":{"type":"Point","coordinates":[105.35,20.692]},"properties":{"id":"PD00329","name":"Hồ Trung Thủy Nông","name_en":"Ho Trung Thuy Nong","province":"Phú Thọ","commune":"Cao Phong","page":"dams/PhuTho/HoTrungThuyNong_CaoPhong_PhuTho_VN.html"}},{"type":"Feature","geometry":{"type":"Point","coordinates":[105.309,20.75]},"properties":{"id":"PD00330","name":"Hồ Nhò","name_en":"Ho Nho","province":"Phú Thọ","commune":"Thung Nai","page":"dams/PhuTho/HoNho_ThungNai_PhuTho_VN.html"}},{"type":"Feature","geometry":{"type":"Point","coordinates":[105.291,20.75]},"properties":{"id":"PD00331","name":"Hồ Lầy","name_en":"Ho Lay","province":"Phú Thọ","commune":"Thung Nai","page":"dams/PhuTho/HoLay_ThungNai_PhuTho_VN.html"}},{"type":"Feature","geometry":{"type":"Point","coordinates":[105.25,20.75]},"properties":{"id":"PD00332","name":"Hồ Loòn","name_en":"Ho Loon","province":"Phú Thọ","commune":"Thung Nai","page":"dams/PhuTho/HoLoon_ThungNai_PhuTho_VN.html"}},{"type":"Feature","geometry":{"type":"Point","coordinates":[105.45,20.8]},"properties":{"id":"PD00333","name":"Hồ Ninh","name_en":"Ho Ninh","province":"Phú Thọ","commune":"Nật Sơn","page":"dams/PhuTho/HoNinh_NatSon_PhuTho_VN.html"}},{"type":"Feature","geometry":{"type":"Point","coordinates":[105.559,20.65]},"properties":{"id":"PD00334","name":"Hồ Nà Bưởi","name_en":"Ho Na Buoi","province":"Phú Thọ","commune":"Kim Bôi","page":"dams/PhuTho/HoNaBuoi_KimBoi_PhuTho_VN.html"}},{"type":"Feature","geometry":{"type":"Point","coordinates":[105.6,20.7]},"properties":{"id":"PD00335","name":"Hồ Cùm Vẹn","name_en":"Ho Cum Ven","province":"Phú Thọ","commune":"Hợp Kim","page":"dams/PhuTho/HoCumVen_HopKim_PhuTho_VN.html"}},{"type":"Feature","geometry":{"type":"Point","coordinates":[105.609,20.65]},"properties":{"id":"PD00336","name":"Hồ Muôn","name_en":"Ho Muon","province":"Phú Thọ","commune":"Hợp Kim","page":"dams/PhuTho/HoMuon_HopKim_PhuTho_VN.html"}},{"type":"Feature","geometry":{"type":"Point","coordinates":[105.596,20.657]},"properties":{"id":"PD00337","name":"Hồ Nam Thượng","name_en":"Ho Nam Thuong","province":"Phú Thọ","commune":"Hợp Kim","page":"dams/PhuTho/HoNamThuong_HopKim_PhuTho_VN.html"}},{"type":"Feature","geometry":{"type":"Point","coordinates":[105.509,20.75]},"properties":{"id":"PD00338","name":"Hồ Cầu","name_en":"Ho Cau","province":"Phú Thọ","commune":"Nật Sơn","page":"dams/PhuTho/HoCau_NatSon_PhuTho_VN.html"}},{"type":"Feature","geometry":{"type":"Point","coordinates":[105.5,20.7]},"properties":{"id":"PD00339","name":"Hồ Nà Măng","name_en":"Ho Na Mang","province":"Phú Thọ","commune":"Mường Động","page":"dams/PhuTho/HoNaMang_MuongDong_PhuTho_VN.html"}},{"type":"Feature","geometry":{"type":"Point","coordinates":[105.65,20.55]},"properties":{"id":"PD00340","name":"Hồ Cành","name_en":"Ho Canh","province":"Phú Thọ","commune":"Dũng Tiến","page":"dams/PhuTho/HoCanh_DungTien_PhuTho_VN.html"}},{"type":"Feature","geometry":{"type":"Point","coordinates":[105.496,20.757]},"properties":{"id":"PD00341","name":"Hồ Láu Ráy","name_en":"Ho Lau Ray","province":"Phú Thọ","commune":"Nật Sơn","page":"dams/PhuTho/HoLauRay_NatSon_PhuTho_VN.html"}},{"type":"Feature","geometry":{"type":"Point","coordinates":[105.496,20.743]},"properties":{"id":"PD00342","name":"Hồ Cuôi","name_en":"Ho Cuoi","province":"Phú Thọ","commune":"Nật Sơn","page":"dams/PhuTho/HoCuoi_NatSon_PhuTho_VN.html"}},{"type":"Feature","geometry":{"type":"Point","coordinates":[105.541,20.65]},"properties":{"id":"PD00343","name":"Hồ Rộc Trung","name_en":"Ho Roc Trung","province":"Phú Thọ","commune":"Hợp Kim","page":"dams/PhuTho/HoRocTrung_HopKim_PhuTho_VN.html"}},{"type":"Feature","geometry":{"type":"Point","coordinates":[105.359,20.55]},"properties":{"id":"PD00344","name":"Hồ Cóm 1","name_en":"Ho Vung","province":"Phú Thọ","commune":"Tân Lạc","page":"dams/PhuTho/HoVung_TanLac_PhuTho_VN.html"}},{"type":"Feature","geometry":{"type":"Point","coordinates":[105.209,20.65]},"properties":{"id":"PD00345","name":"Hồ Trọng","name_en":"Ho Trong","province":"Phú Thọ","commune":"Mường Bi","page":"dams/PhuTho/HoTrong_MuongBi_PhuTho_VN.html"}},{"type":"Feature","geometry":{"type":"Point","coordinates":[105.209,20.6]},"properties":{"id":"PD00346","name":"Hồ Kem","name_en":"Ho Kem","province":"Phú Thọ","commune":"Mường Bi","page":"dams/PhuTho/HoKem_MuongBi_PhuTho_VN.html"}},{"type":"Feature","geometry":{"type":"Point","coordinates":[105.3,20.608]},"properties":{"id":"PD00347","name":"Hồ Tam","name_en":"Ho Tam","province":"Phú Thọ","commune":"Tân Lạc","page":"dams/PhuTho/HoTam_TanLac_PhuTho_VN.html"}},{"type":"Feature","geometry":{"type":"Point","coordinates":[105.191,20.65]},"properties":{"id":"PD00348","name":"Hồ Trù Bụa","name_en":"Ho Tru Bua","province":"Phú Thọ","commune":"Mường Bi","page":"dams/PhuTho/HoTruBua_MuongBi_PhuTho_VN.html"}},{"type":"Feature","geometry":{"type":"Point","coordinates":[105.291,20.6]},"properties":{"id":"PD00349","name":"Hồ Bông Canh","name_en":"Ho Bong Canh","province":"Phú Thọ","commune":"Tân Lạc","page":"dams/PhuTho/HoBongCanh_TanLac_PhuTho_VN.html"}},{"type":"Feature","geometry":{"type":"Point","coordinates":[105.259,20.6]},"properties":{"id":"PD00350","name":"Hồ Ban","name_en":"Ho Ban","province":"Phú Thọ","commune":"Tân Lạc","page":"dams/PhuTho/HoBan_TanLac_PhuTho_VN.html"}},{"type":"Feature","geometry":{"type":"Point","coordinates":[105.253,20.608]},"properties":{"id":"PD00351","name":"Hồ Phoi","name_en":"Ho Phoi","province":"Phú Thọ","commune":"Tân Lạc","page":"dams/PhuTho/HoPhoi_TanLac_PhuTho_VN.html"}},{"type":"Feature","geometry":{"type":"Point","coordinates":[105.291,20.65]},"properties":{"id":"PD00352","name":"Hồ Lao Ca","name_en":"Ho Lao Ca","province":"Phú Thọ","commune":"Tân Lạc","page":"dams/PhuTho/HoLaoCa_TanLac_PhuTho_VN.html"}},{"type":"Feature","geometry":{"type":"Point","coordinates":[105.259,20.55]},"properties":{"id":"PD00353","name":"Hồ U Tà","name_en":"Ho U Ta","province":"Phú Thọ","commune":"Toàn Thắng","page":"dams/PhuTho/HoUTa_ToanThang_PhuTho_VN.html"}},{"type":"Feature","geometry":{"type":"Point","coordinates":[105.309,20.55]},"properties":{"id":"PD00354","name":"Hồ Suối Hai","name_en":"Ho Suoi Hai","province":"Phú Thọ","commune":"Tân Lạc","page":"dams/PhuTho/HoSuoiHai_TanLac_PhuTho_VN.html"}},{"type":"Feature","geometry":{"type":"Point","coordinates":[105.3,20.592]},"properties":{"id":"PD00355","name":"Hồ Cành Dầu","name_en":"Ho Canh Dau","province":"Phú Thọ","commune":"Tân Lạc","page":"dams/PhuTho/HoCanhDau_TanLac_PhuTho_VN.html"}},{"type":"Feature","geometry":{"type":"Point","coordinates":[105.3,20.558]},"properties":{"id":"PD00356","name":"Hồ Cóm 2","name_en":"Ho Com 2","province":"Phú Thọ","commune":"Tân Lạc","page":"dams/PhuTho/HoCom2_TanLac_PhuTho_VN.html"}},{"type":"Feature","geometry":{"type":"Point","coordinates":[105.291,20.55]},"properties":{"id":"PD00357","name":"Hồ Tọ","name_en":"Ho To","province":"Phú Thọ","commune":"Tân Lạc","page":"dams/PhuTho/HoTo_TanLac_PhuTho_VN.html"}},{"type":"Feature","geometry":{"type":"Point","coordinates":[105.3,20.542]},"properties":{"id":"PD00358","name":"Hồ Nghẹ","name_en":"Ho Nghe","province":"Phú Thọ","commune":"Toàn Thắng","page":"dams/PhuTho/HoNghe_ToanThang_PhuTho_VN.html"}},{"type":"Feature","geometry":{"type":"Point","coordinates":[105.241,20.55]},"properties":{"id":"PD00359","name":"Hồ Suối Lòng","name_en":"Ho Suoi Long","province":"Phú Thọ","commune":"Toàn Thắng","page":"dams/PhuTho/HoSuoiLong_ToanThang_PhuTho_VN.html"}},{"type":"Feature","geometry":{"type":"Point","coordinates":[105.243,20.605]},"properties":{"id":"PD00360","name":"Hồ Văn Đai 1","name_en":"Ho Van Dai 1","province":"Phú Thọ","commune":"Tân Lạc","page":"dams/PhuTho/HoVanDai1_TanLac_PhuTho_VN.html"}},{"type":"Feature","geometry":{"type":"Point","coordinates":[105.243,20.595]},"properties":{"id":"PD00361","name":"Hồ Văn Đai 2","name_en":"Ho Van Dai 2","province":"Phú Thọ","commune":"Tân Lạc","page":"dams/PhuTho/HoVanDai2_TanLac_PhuTho_VN.html"}},{"type":"Feature","geometry":{"type":"Point","coordinates":[105.253,20.592]},"properties":{"id":"PD00362","name":"Hồ Mụ","name_en":"Ho Mu","province":"Phú Thọ","commune":"Tân Lạc","page":"dams/PhuTho/HoMu_TanLac_PhuTho_VN.html"}},{"type":"Feature","geometry":{"type":"Point","coordinates":[105.191,20.6]},"properties":{"id":"PD00363","name":"Hồ Nà Tậng","name_en":"Ho Na Tang","province":"Phú Thọ","commune":"Toàn Thắng","page":"dams/PhuTho/HoNaTang_ToanThang_PhuTho_VN.html"}},{"type":"Feature","geometry":{"type":"Point","coordinates":[105.1,20.6]},"properties":{"id":"PD00364","name":"Hồ Sam Tạng","name_en":"Ho Sam Tang","province":"Phú Thọ","commune":"Mai Châu","page":"dams/PhuTho/HoSamTang_MaiChau_PhuTho_VN.html"}},{"type":"Feature","geometry":{"type":"Point","coordinates":[105.05,20.65]},"properties":{"id":"PD00365","name":"Hồ Khả","name_en":"Ho Kha","province":"Phú Thọ","commune":"Mai Hạ","page":"dams/PhuTho/HoKha_MaiHa_PhuTho_VN.html"}},{"type":"Feature","geometry":{"type":"Point","coordinates":[105.1,20.65]},"properties":{"id":"PD00366","name":"Hồ 3/2","name_en":"Ho 3/2","province":"Phú Thọ","commune":"Mai Hạ","page":"dams/PhuTho/Ho32_MaiHa_PhuTho_VN.html"}},{"type":"Feature","geometry":{"type":"Point","coordinates":[105.05,20.6]},"properties":{"id":"PD00367","name":"Hồ Cha Lang","name_en":"Ho Cha Lang","province":"Phú Thọ","commune":"Bao La","page":"dams/PhuTho/HoChaLang_BaoLa_PhuTho_VN.html"}},{"type":"Feature","geometry":{"type":"Point","coordinates":[105.359,20.5]},"properties":{"id":"PD00368","name":"Hồ Khả","name_en":"Ho Kha","province":"Phú Thọ","commune":"Quyết Thắng","page":"dams/PhuTho/HoKha_QuyetThang_PhuTho_VN.html"}},{"type":"Feature","geometry":{"type":"Point","coordinates":[105.459,20.55]},"properties":{"id":"PD00369","name":"Hồ Đăng","name_en":"Ho Dang","province":"Phú Thọ","commune":"Mường Vang","page":"dams/PhuTho/HoDang_MuongVang_PhuTho_VN.html"}},{"type":"Feature","geometry":{"type":"Point","coordinates":[105.309,20.5]},"properties":{"id":"PD00370","name":"Hồ Quốc 1","name_en":"Ho Quoc 1","province":"Phú Thọ","commune":"Quyết Thắng","page":"dams/PhuTho/HoQuoc1_QuyetThang_PhuTho_VN.html"}},{"type":"Feature","geometry":{"type":"Point","coordinates":[105.291,20.5]},"properties":{"id":"PD00371","name":"Hồ Quốc 2","name_en":"Ho Quoc 2","province":"Phú Thọ","commune":"Quyết Thắng","page":"dams/PhuTho/HoQuoc2_QuyetThang_PhuTho_VN.html"}},{"type":"Feature","geometry":{"type":"Point","coordinates":[105.354,20.507]},"properties":{"id":"PD00372","name":"Hồ Rung Chăn","name_en":"Ho Rung Chan","province":"Phú Thọ","commune":"Quyết Thắng","page":"dams/PhuTho/HoRungChan_QuyetThang_PhuTho_VN.html"}},{"type":"Feature","geometry":{"type":"Point","coordinates":[105.446,20.557]},"properties":{"id":"PD00373","name":"Hồ Nang","name_en":"Ho Nang","province":"Phú Thọ","commune":"Nhân Nghĩa","page":"dams/PhuTho/HoNang_NhanNghia_PhuTho_VN.html"}},{"type":"Feature","geometry":{"type":"Point","coordinates":[105.346,20.507]},"properties":{"id":"PD00374","name":"Hồ Trung Tiếng","name_en":"Ho Trung Tieng","province":"Phú Thọ","commune":"Quyết Thắng","page":"dams/PhuTho/HoTrungTieng_QuyetThang_PhuTho_VN.html"}},{"type":"Feature","geometry":{"type":"Point","coordinates":[105.45,20.508]},"properties":{"id":"PD00375","name":"Hồ Rộc Cầu","name_en":"Ho Roc Cau","province":"Phú Thọ","commune":"Yên Phú","page":"dams/PhuTho/HoRocCau_YenPhu_PhuTho_VN.html"}},{"type":"Feature","geometry":{"type":"Point","coordinates":[105.409,20.5]},"properties":{"id":"PD00376","name":"Hồ Vành","name_en":"Ho Vanh","province":"Phú Thọ","commune":"Thượng Cốc","page":"dams/PhuTho/HoVanh_ThuongCoc_PhuTho_VN.html"}},{"type":"Feature","geometry":{"type":"Point","coordinates":[105.341,20.5]},"properties":{"id":"PD00377","name":"Hồ Rảy","name_en":"Ho Ray","province":"Phú Thọ","commune":"Quyết Thắng","page":"dams/PhuTho/HoRay_QuyetThang_PhuTho_VN.html"}},{"type":"Feature","geometry":{"type":"Point","coordinates":[105.346,20.493]},"properties":{"id":"PD00378","name":"Hồ Pheo","name_en":"Ho Pheo","province":"Phú Thọ","commune":"Quyết Thắng","page":"dams/PhuTho/HoPheo_QuyetThang_PhuTho_VN.html"}},{"type":"Feature","geometry":{"type":"Point","coordinates":[105.391,20.45]},"properties":{"id":"PD00379","name":"Hồ Chóng","name_en":"Ho Chong","province":"Phú Thọ","commune":"Quyết Thắng","page":"dams/PhuTho/HoChong_QuyetThang_PhuTho_VN.html"}},{"type":"Feature","geometry":{"type":"Point","coordinates":[105.354,20.493]},"properties":{"id":"PD00380","name":"Hồ Khạt","name_en":"Ho Khat","province":"Phú Thọ","commune":"Thượng Cốc","page":"dams/PhuTho/HoKhat_ThuongCoc_PhuTho_VN.html"}},{"type":"Feature","geometry":{"type":"Point","coordinates":[105.396,20.543]},"properties":{"id":"PD00381","name":"Hồ Rải","name_en":"Ho Rai","province":"Phú Thọ","commune":"Thượng Cốc","page":"dams/PhuTho/HoRai_ThuongCoc_PhuTho_VN.html"}},{"type":"Feature","geometry":{"type":"Point","coordinates":[105.4,20.508]},"properties":{"id":"PD00382","name":"Hồ Ngọc","name_en":"Ho Ngoc","province":"Phú Thọ","commune":"Thượng Cốc","page":"dams/PhuTho/HoNgoc_ThuongCoc_PhuTho_VN.html"}},{"type":"Feature","geometry":{"type":"Point","coordinates":[105.509,20.45]},"properties":{"id":"PD00383","name":"Hồ Thóng","name_en":"Ho Thong","province":"Phú Thọ","commune":"Lạc Sơn","page":"dams/PhuTho/HoThong_LacSon_PhuTho_VN.html"}},{"type":"Feature","geometry":{"type":"Point","coordinates":[105.459,20.45]},"properties":{"id":"PD00384","name":"Hồ Ngọc Khánh + Hồ Ngọc Cáo","name_en":"Ho Ngoc Khanh + Ho Ngoc Cao","province":"Phú Thọ","commune":"Lạc Sơn","page":"dams/PhuTho/HoNgocKhanhHoNgocCao_LacSon_PhuTho_VN.html"}},{"type":"Feature","geometry":{"type":"Point","coordinates":[105.441,20.5]},"properties":{"id":"PD00385","name":"Hồ Vốc + Hang Châu","name_en":"Ho Voc + Hang Chau","province":"Phú Thọ","commune":"Yên Phú","page":"dams/PhuTho/HoVocHangChau_YenPhu_PhuTho_VN.html"}},{"type":"Feature","geometry":{"type":"Point","coordinates":[105.45,20.492]},"properties":{"id":"PD00386","name":"Hồ Má","name_en":"Ho Ma","province":"Phú Thọ","commune":"Nhân Nghĩa","page":"dams/PhuTho/HoMa_NhanNghia_PhuTho_VN.html"}},{"type":"Feature","geometry":{"type":"Point","coordinates":[105.365,20.508]},"properties":{"id":"PD00387","name":"Hồ Tre II","name_en":"Ho Tre II","province":"Phú Thọ","commune":"Thượng Cốc","page":"dams/PhuTho/HoTre2_ThuongCoc_PhuTho_VN.html"}},{"type":"Feature","geometry":{"type":"Point","coordinates":[105.491,20.45]},"properties":{"id":"PD00388","name":"Hồ Át","name_en":"Ho At","province":"Phú Thọ","commune":"Lạc Sơn","page":"dams/PhuTho/HoAt_LacSon_PhuTho_VN.html"}},{"type":"Feature","geometry":{"type":"Point","coordinates":[105.5,20.4]},"properties":{"id":"PD00389","name":"Hồ Re (Bai Trang)","name_en":"Ho Re (Bai Trang)","province":"Phú Thọ","commune":"Đại Đồng","page":"dams/PhuTho/HoReBaiTrang_DaiDong_PhuTho_VN.html"}},{"type":"Feature","geometry":{"type":"Point","coordinates":[105.335,20.508]},"properties":{"id":"PD00390","name":"Hồ Đầm Khụ","name_en":"Ho Dam Khu","province":"Phú Thọ","commune":"Quyết Thắng","page":"dams/PhuTho/HoDamKhu_QuyetThang_PhuTho_VN.html"}},{"type":"Feature","geometry":{"type":"Point","coordinates":[105.35,20.484]},"properties":{"id":"PD00391","name":"Hồ Đảng","name_en":"Ho Dang","province":"Phú Thọ","commune":"Quyết Thắng","page":"dams/PhuTho/HoDang_QuyetThang_PhuTho_VN.html"}},{"type":"Feature","geometry":{"type":"Point","coordinates":[105.341,20.55]},"properties":{"id":"PD00392","name":"Hồ Rộc Át","name_en":"Ho Roc At","province":"Phú Thọ","commune":"Thượng Cốc","page":"dams/PhuTho/HoRocAt_ThuongCoc_PhuTho_VN.html"}},{"type":"Feature","geometry":{"type":"Point","coordinates":[105.391,20.5]},"properties":{"id":"PD00393","name":"Hồ Rộc Chu","name_en":"Ho Roc Chu","province":"Phú Thọ","commune":"Thượng Cốc","page":"dams/PhuTho/HoRocChu_ThuongCoc_PhuTho_VN.html"}},{"type":"Feature","geometry":{"type":"Point","coordinates":[105.446,20.543]},"properties":{"id":"PD00394","name":"Hồ Nánh","name_en":"Ho Nanh","province":"Phú Thọ","commune":"Nhân Nghĩa","page":"dams/PhuTho/HoNanh_NhanNghia_PhuTho_VN.html"}},{"type":"Feature","geometry":{"type":"Point","coordinates":[105.45,20.458]},"properties":{"id":"PD00395","name":"Hồ Vôi","name_en":"Ho Voi","province":"Phú Thọ","commune":"Lạc Sơn","page":"dams/PhuTho/HoVoi_LacSon_PhuTho_VN.html"}},{"type":"Feature","geometry":{"type":"Point","coordinates":[105.4,20.492]},"properties":{"id":"PD00396","name":"Hồ Trang I","name_en":"Ho Trang I","province":"Phú Thọ","commune":"Thượng Cốc","page":"dams/PhuTho/HoTrang1_ThuongCoc_PhuTho_VN.html"}},{"type":"Feature","geometry":{"type":"Point","coordinates":[105.55,20.45]},"properties":{"id":"PD00397","name":"Hồ Lục","name_en":"Ho Luc","province":"Phú Thọ","commune":"Đại Đồng","page":"dams/PhuTho/HoLuc_DaiDong_PhuTho_VN.html"}},{"type":"Feature","geometry":{"type":"Point","coordinates":[105.441,20.45]},"properties":{"id":"PD00398","name":"Hồ Biu","name_en":"Ho Biu","province":"Phú Thọ","commune":"Lạc Sơn","page":"dams/PhuTho/HoBiu_LacSon_PhuTho_VN.html"}},{"type":"Feature","geometry":{"type":"Point","coordinates":[105.45,20.442]},"properties":{"id":"PD00399","name":"Hồ Vín Thượng","name_en":"Ho Vin Thuong","province":"Phú Thọ","commune":"Lạc Sơn","page":"dams/PhuTho/HoVinThuong_LacSon_PhuTho_VN.html"}},{"type":"Feature","geometry":{"type":"Point","coordinates":[105.659,20.4]},"properties":{"id":"PD00400","name":"Hồ Mền II","name_en":"Ho Men II","province":"Phú Thọ","commune":"Yên Trị","page":"dams/PhuTho/HoMen2_YenTri_PhuTho_VN.html"}},{"type":"Feature","geometry":{"type":"Point","coordinates":[105.653,20.408]},"properties":{"id":"PD00401","name":"Hồ Luông Bai","name_en":"Ho Luong Bai","province":"Phú Thọ","commune":"Yên Trị","page":"dams/PhuTho/HoLuongBai_YenTri_PhuTho_VN.html"}},{"type":"Feature","geometry":{"type":"Point","coordinates":[105.659,20.5]},"properties":{"id":"PD00402","name":"Hồ Sòng Nước","name_en":"Ho Song Nuoc","province":"Phú Thọ","commune":"Lạc Lương","page":"dams/PhuTho/HoSongNuoc_LacLuong_PhuTho_VN.html"}},{"type":"Feature","geometry":{"type":"Point","coordinates":[105.643,20.405]},"properties":{"id":"PD00403","name":"Hồ Mền I","name_en":"Ho Men I","province":"Phú Thọ","commune":"Yên Trị","page":"dams/PhuTho/HoMen1_YenTri_PhuTho_VN.html"}},{"type":"Feature","geometry":{"type":"Point","coordinates":[105.609,20.45]},"properties":{"id":"PD00404","name":"Hồ Vó Khơi","name_en":"Ho Vo Khoi","province":"Phú Thọ","commune":"Lạc Lương","page":"dams/PhuTho/HoVoKhoi_LacLuong_PhuTho_VN.html"}},{"type":"Feature","geometry":{"type":"Point","coordinates":[105.659,20.45]},"properties":{"id":"PD00405","name":"Hồ Lương Mỹ","name_en":"Ho Luong My","province":"Phú Thọ","commune":"Lạc Lương","page":"dams/PhuTho/HoLuongMy_LacLuong_PhuTho_VN.html"}},{"type":"Feature","geometry":{"type":"Point","coordinates":[105.609,20.5]},"properties":{"id":"PD00406","name":"Hồ 7+8","name_en":"Ho 7+8","province":"Phú Thọ","commune":"Lạc Lương","page":"dams/PhuTho/Ho78_LacLuong_PhuTho_VN.html"}},{"type":"Feature","geometry":{"type":"Point","coordinates":[105.591,20.5]},"properties":{"id":"PD00407","name":"Hồ 5+6","name_en":"Ho 5+6","province":"Phú Thọ","commune":"Lạc Lương","page":"dams/PhuTho/Ho56_LacLuong_PhuTho_VN.html"}},{"type":"Feature","geometry":{"type":"Point","coordinates":[105.641,20.5]},"properties":{"id":"PD00408","name":"Hồ Liệm","name_en":"Ho Liem","province":"Phú Thọ","commune":"Lạc Lương","page":"dams/PhuTho/HoLiem_LacLuong_PhuTho_VN.html"}},{"type":"Feature","geometry":{"type":"Point","coordinates":[105.643,20.395]},"properties":{"id":"PD00409","name":"Hồ Rộc Bót","name_en":"Ho Roc Bot","province":"Phú Thọ","commune":"Yên Trị","page":"dams/PhuTho/HoRocBot_YenTri_PhuTho_VN.html"}},{"type":"Feature","geometry":{"type":"Point","coordinates":[105.653,20.392]},"properties":{"id":"PD00410","name":"Hồ Đầm Sống","name_en":"Ho Dam Song","province":"Phú Thọ","commune":"Yên Thủy","page":"dams/PhuTho/HoDamSong_YenThuy_PhuTho_VN.html"}},{"type":"Feature","geometry":{"type":"Point","coordinates":[105.641,20.45]},"properties":{"id":"PD00411","name":"Hồ Sòng Vỏ","name_en":"Ho Song Vo","province":"Phú Thọ","commune":"Lạc Lương","page":"dams/PhuTho/HoSongVo_LacLuong_PhuTho_VN.html"}},{"type":"Feature","geometry":{"type":"Point","coordinates":[105.65,20.35]},"properties":{"id":"PD00412","name":"Hồ Ngọc Lương I","name_en":"Ho Ngoc Luong I","province":"Phú Thọ","commune":"Yên Trị","page":"dams/PhuTho/HoNgocLuong1_YenTri_PhuTho_VN.html"}},{"type":"Feature","geometry":{"type":"Point","coordinates":[105.696,20.307]},"properties":{"id":"PD00413","name":"Hồ Ngọc Lương II","name_en":"Ho Ngoc Luong II","province":"Phú Thọ","commune":"Yên Trị","page":"dams/PhuTho/HoNgocLuong2_YenTri_PhuTho_VN.html"}},{"type":"Feature","geometry":{"type":"Point","coordinates":[105.7,20.35]},"properties":{"id":"PD00414","name":"Hồ Bai Cái","name_en":"Ho Bai Cai","province":"Phú Thọ","commune":"Yên Trị","page":"dams/PhuTho/HoBaiCai_YenTri_PhuTho_VN.html"}},{"type":"Feature","geometry":{"type":"Point","coordinates":[105.591,20.45]},"properties":{"id":"PD00415","name":"Hồ Ba Sào","name_en":"Ho Ba Sao","province":"Phú Thọ","commune":"Lạc Lương","page":"dams/PhuTho/HoBaSao_LacLuong_PhuTho_VN.html"}},{"type":"Feature","geometry":{"type":"Point","coordinates":[105.546,20.393]},"properties":{"id":"PD00416","name":"Hồ Me II","name_en":"Ho Me II","province":"Phú Thọ","commune":"Yên Thủy","page":"dams/PhuTho/HoMe2_YenThuy_PhuTho_VN.html"}},{"type":"Feature","geometry":{"type":"Point","coordinates":[105.75,20.55]},"properties":{"id":"PD00417","name":"Liên hồ Phú Lão","name_en":"Lien ho Phu Lao","province":"Phú Thọ","commune":"An Nghĩa","page":"dams/PhuTho/LienHoPhuLao_AnNghia_PhuTho_VN.html"}},{"type":"Feature","geometry":{"type":"Point","coordinates":[105.709,20.45]},"properties":{"id":"PD00418","name":"Hồ Đại Thắng","name_en":"Ho Dai Thang","province":"Phú Thọ","commune":"An Bình","page":"dams/PhuTho/HoDaiThang_AnBinh_PhuTho_VN.html"}},{"type":"Feature","geometry":{"type":"Point","coordinates":[105.759,20.45]},"properties":{"id":"PD00419","name":"Hồ Xóm Cốc","name_en":"Ho Xom Coc","province":"Phú Thọ","commune":"An Bình","page":"dams/PhuTho/HoXomCoc_AnBinh_PhuTho_VN.html"}},{"type":"Feature","geometry":{"type":"Point","coordinates":[105.759,20.5]},"properties":{"id":"PD00420","name":"Hồ Rộc Cốc","name_en":"Ho Roc Coc","province":"Phú Thọ","commune":"Lạc Thủy","page":"dams/PhuTho/HoRocCoc_LacThuy_PhuTho_VN.html"}},{"type":"Feature","geometry":{"type":"Point","coordinates":[105.691,20.45]},"properties":{"id":"PD00421","name":"Hồ Rộc Lá","name_en":"Ho Roc La","province":"Phú Thọ","commune":"An Bình","page":"dams/PhuTho/HoRocLa_AnBinh_PhuTho_VN.html"}},{"type":"Feature","geometry":{"type":"Point","coordinates":[105.741,20.45]},"properties":{"id":"PD00422","name":"Hồ Yên Bồng I","name_en":"Ho Yen Bong I","province":"Phú Thọ","commune":"Lạc Thủy","page":"dams/PhuTho/HoYenBong1_LacThuy_PhuTho_VN.html"}},{"type":"Feature","geometry":{"type":"Point","coordinates":[105.746,20.507]},"properties":{"id":"PD00423","name":"Hồ Rộc Chuối","name_en":"Ho Roc Chuoi","province":"Phú Thọ","commune":"Lạc Thủy","page":"dams/PhuTho/HoRocChuoi_LacThuy_PhuTho_VN.html"}},{"type":"Feature","geometry":{"type":"Point","coordinates":[105.75,20.4]},"properties":{"id":"PD00424","name":"Hồ Cây Mào","name_en":"Ho Cay Mao","province":"Phú Thọ","commune":"An Bình","page":"dams/PhuTho/HoCayMao_AnBinh_PhuTho_VN.html"}},{"type":"Feature","geometry":{"type":"Point","coordinates":[105.746,20.493]},"properties":{"id":"PD00425","name":"Hồ Đồi Vầu","name_en":"Ho Doi Vau","province":"Phú Thọ","commune":"An Nghĩa","page":"dams/PhuTho/HoDoiVau_AnNghia_PhuTho_VN.html"}},{"type":"Feature","geometry":{"type":"Point","coordinates":[105.691,20.4]},"properties":{"id":"PD00426","name":"Hồ Đốn Rồng","name_en":"Ho Don Rong","province":"Phú Thọ","commune":"An Bình","page":"dams/PhuTho/HoDonRong_AnBinh_PhuTho_VN.html"}},{"type":"Feature","geometry":{"type":"Point","coordinates":[105.609,20.8]},"properties":{"id":"PD00427","name":"Hồ Suối Ong","name_en":"Ho Suoi Ong","province":"Phú Thọ","commune":"Liên Sơn","page":"dams/PhuTho/HoSuoiOng_LienSon_PhuTho_VN.html"}},{"type":"Feature","geometry":{"type":"Point","coordinates":[105.591,20.8]},"properties":{"id":"PD00428","name":"Hồ Ngành","name_en":"Ho Nganh","province":"Phú Thọ","commune":"Liên Sơn","page":"dams/PhuTho/HoNganh_LienSon_PhuTho_VN.html"}},{"type":"Feature","geometry":{"type":"Point","coordinates":[105.45,20.85]},"properties":{"id":"PD00429","name":"Hồ Bằng Gà","name_en":"Ho Bang Ga","province":"Phú Thọ","commune":"Liên Sơn","page":"dams/PhuTho/HoBangGa_LienSon_PhuTho_VN.html"}},{"type":"Feature","geometry":{"type":"Point","coordinates":[105.55,20.9]},"properties":{"id":"PD00430","name":"Hồ Đầu Cầu","name_en":"Ho Dau Cau","province":"Phú Thọ","commune":"Lương Sơn","page":"dams/PhuTho/HoDauCau_LuongSon_PhuTho_VN.html"}},{"type":"Feature","geometry":{"type":"Point","coordinates":[105.541,20.85]},"properties":{"id":"PD00431","name":"Hồ Đom","name_en":"Ho Dom","province":"Phú Thọ","commune":"Liên Sơn","page":"dams/PhuTho/HoDom_LienSon_PhuTho_VN.html"}},{"type":"Feature","geometry":{"type":"Point","coordinates":[105.596,20.643]},"properties":{"id":"PD00432","name":"Hồ Đồng Bứa","name_en":"Ho Dong Bua","province":"Phú Thọ","commune":"Cao Dương","page":"dams/PhuTho/HoDongBua_CaoDuong_PhuTho_VN.html"}},{"type":"Feature","geometry":{"type":"Point","coordinates":[105.659,20.65]},"properties":{"id":"PD00433","name":"Hồ Yên Lịch II(h.Mơ)","name_en":"Ho Yen Lich II(h.Mo)","province":"Phú Thọ","commune":"Cao Dương","page":"dams/PhuTho/HoYenLich2HMo_CaoDuong_PhuTho_VN.html"}},{"type":"Feature","geometry":{"type":"Point","coordinates":[105.641,20.65]},"properties":{"id":"PD00434","name":"Hồ Sòng Khạ","name_en":"Ho Song Kha","province":"Phú Thọ","commune":"Cao Dương","page":"dams/PhuTho/HoSongKha_CaoDuong_PhuTho_VN.html"}},{"type":"Feature","geometry":{"type":"Point","coordinates":[107.7,16.35]},"properties":{"id":"PD00435","name":"Phú Bài 2","name_en":"Ho Phu Bai","province":"Huế","commune":"Phú Bài","page":"dams/Hue/HoPhuBai_PhuBai_Hue_VN.html"}},{"type":"Feature","geometry":{"type":"Point","coordinates":[107.25,16.25]},"properties":{"id":"PD00436","name":"Hồ A Lá","name_en":"Ho A La","province":"Huế","commune":"A Lưới 2","page":"dams/Hue/HoALa_ALuoi2_Hue_VN.html"}},{"type":"Feature","geometry":{"type":"Point","coordinates":[108.5,15.4]},"properties":{"id":"PD00437","name":"Xuân Bình","name_en":"Xuan Binh","province":"Đà Nẵng","commune":"Tam Mỹ","page":"dams/DaNang/XuanBinh_TamMy_DaNang_VN.html"}},{"type":"Feature","geometry":{"type":"Point","coordinates":[108.35,15.85]},"properties":{"id":"PD00438","name":"Đập Duy Thành","name_en":"Dap Duy Thanh","province":"Đà Nẵng","commune":"Duy Nghĩa","page":"dams/DaNang/DapDuyThanh_DuyNghia_DaNang_VN.html"}},{"type":"Feature","geometry":{"type":"Point","coordinates":[108.25,15.9]},"properties":{"id":"PD00439","name":"TB Vĩnh Điện","name_en":"TB Vinh Dien","province":"Đà Nẵng","commune":"An Thắng","page":"dams/DaNang/TBVinhDien_AnThang_DaNang_VN.html"}},{"type":"Feature","geometry":{"type":"Point","coordinates":[108.3,15.9]},"properties":{"id":"PD00440","name":"TB Hà Châu","name_en":"TB Ha Chau","province":"Đà Nẵng","commune":"Hội An Tây","page":"dams/DaNang/TBHaChau_HoiAnTay_DaNang_VN.html"}},{"type":"Feature","geometry":{"type":"Point","coordinates":[108.2,15.9]},"properties":{"id":"PD00441","name":"Đập Thanh Quýt","name_en":"Dap Thanh Quyt","province":"Đà Nẵng","commune":"An Thắng","page":"dams/DaNang/DapThanhQuyt_AnThang_DaNang_VN.html"}},{"type":"Feature","geometry":{"type":"Point","coordinates":[108.108,16.0]},"properties":{"id":"PD00442","name":"Hồ Hố Cau","name_en":"Ho Ho Cau","province":"Đà Nẵng","commune":"Hòa Vang","page":"dams/DaNang/HoHoCau_HoaVang_DaNang_VN.html"}},{"type":"Feature","geometry":{"type":"Point","coordinates":[108.108,16.05]},"properties":{"id":"PD00443","name":"Hồ Hòa Khê","name_en":"Ho Hoa Khe","province":"Đà Nẵng","commune":"Hòa Khánh","page":"dams/DaNang/HoHoaKhe_HoaKhanh_DaNang_VN.html"}},{"type":"Feature","geometry":{"type":"Point","coordinates":[108.104,16.007]},"properties":{"id":"PD00444","name":"Hồ Trước Đông","name_en":"Ho Truoc Dong","province":"Đà Nẵng","commune":"Bà Nà","page":"dams/DaNang/HoTruocDong_BaNa_DaNang_VN.html"}},{"type":"Feature","geometry":{"type":"Point","coordinates":[108.096,16.007]},"properties":{"id":"PD00445","name":"Hồ Hóc Khế","name_en":"Ho Hoc Khe","province":"Đà Nẵng","commune":"Hòa Vang","page":"dams/DaNang/HoHocKhe_HoaVang_DaNang_VN.html"}},{"type":"Feature","geometry":{"type":"Point","coordinates":[108.103,16.058]},"properties":{"id":"PD00446","name":"Hồ Hố Gáo","name_en":"Ho Ho Gao","province":"Đà Nẵng","commune":"Hòa Khánh","page":"dams/DaNang/HoHoGao_HoaKhanh_DaNang_VN.html"}},{"type":"Feature","geometry":{"type":"Point","coordinates":[108.093,16.055]},"properties":{"id":"PD00447","name":"Hồ Truông Đá Bạc","name_en":"Ho Truong Da Bac","province":"Đà Nẵng","commune":"Hòa Khánh","page":"dams/DaNang/HoTruongDaBac_HoaKhanh_DaNang_VN.html"}},{"type":"Feature","geometry":{"type":"Point","coordinates":[108.093,16.045]},"properties":{"id":"PD00448","name":"Hồ Hố Thung","name_en":"Ho Ho Thung","province":"Đà Nẵng","commune":"Hòa Khánh","page":"dams/DaNang/HoHoThung_HoaKhanh_DaNang_VN.html"}},{"type":"Feature","geometry":{"type":"Point","coordinates":[108.103,16.042]},"properties":{"id":"PD00449","name":"Hồ Hố Cái","name_en":"Ho Ho Cai","province":"Đà Nẵng","commune":"Hòa Khánh","page":"dams/DaNang/HoHoCai_HoaKhanh_DaNang_VN.html"}},{"type":"Feature","geometry":{"type":"Point","coordinates":[108.092,16.0]},"properties":{"id":"PD00450","name":"Hồ Hố Trảy","name_en":"Ho Ho Tray","province":"Đà Nẵng","commune":"Hòa Vang","page":"dams/DaNang/HoHoTray_HoaVang_DaNang_VN.html"}},{"type":"Feature","geometry":{"type":"Point","coordinates":[108.096,15.993]},"properties":{"id":"PD00451","name":"Hồ Đồng Tréo","name_en":"Ho Dong Treo","province":"Đà Nẵng","commune":"Hòa Vang","page":"dams/DaNang/HoDongTreo_HoaVang_DaNang_VN.html"}},{"type":"Feature","geometry":{"type":"Point","coordinates":[108.05,16.0]},"properties":{"id":"PD00452","name":"Hồ Hố Lăng","name_en":"Ho Ho Lang","province":"Đà Nẵng","commune":"Hòa Vang","page":"dams/DaNang/HoHoLang_HoaVang_DaNang_VN.html"}},{"type":"Feature","geometry":{"type":"Point","coordinates":[108.05,15.95]},"properties":{"id":"PD00453","name":"Hồ Phú Túc","name_en":"Ho Phu Tuc","province":"Đà Nẵng","commune":"Hòa Vang","page":"dams/DaNang/HoPhuTuc_HoaVang_DaNang_VN.html"}},{"type":"Feature","geometry":{"type":"Point","coordinates":[108.15,16.0]},"properties":{"id":"PD00454","name":"Hồ Trường Loan Thượng","name_en":"Ho Truong Loan Thuong","province":"Đà Nẵng","commune":"Bà Nà","page":"dams/DaNang/HoTruongLoanThuong_BaNa_DaNang_VN.html"}},{"type":"Feature","geometry":{"type":"Point","coordinates":[108.104,15.993]},"properties":{"id":"PD00455","name":"Hồ Tân An","name_en":"Ho Tan An","province":"Đà Nẵng","commune":"Bà Nà","page":"dams/DaNang/HoTanAn_BaNa_DaNang_VN.html"}},{"type":"Feature","geometry":{"type":"Point","coordinates":[108.115,16.008]},"properties":{"id":"PD00456","name":"Hồ Diêu Phong","name_en":"Ho Dieu Phong","province":"Đà Nẵng","commune":"Bà Nà","page":"dams/DaNang/HoDieuPhong_BaNa_DaNang_VN.html"}},{"type":"Feature","geometry":{"type":"Point","coordinates":[108.085,15.992]},"properties":{"id":"PD00457","name":"Hồ Hốc Gối","name_en":"Ho Hoc Goi","province":"Đà Nẵng","commune":"Bà Nà","page":"dams/DaNang/HoHocGoi_BaNa_DaNang_VN.html"}},{"type":"Feature","geometry":{"type":"Point","coordinates":[108.1,15.85]},"properties":{"id":"PD00458","name":"TB Aí Nghĩa","name_en":"TB Ai Nghia","province":"Đà Nẵng","commune":"Đại Lộc","page":"dams/DaNang/TBAiNghia_DaiLoc_DaNang_VN.html"}},{"type":"Feature","geometry":{"type":"Point","coordinates":[108.15,15.95]},"properties":{"id":"PD00459","name":"Đập An Trạch","name_en":"Dap An Trach","province":"Đà Nẵng","commune":"Hòa Tiến","page":"dams/DaNang/DapAnTrach_HoaTien_DaNang_VN.html"}},{"type":"Feature","geometry":{"type":"Point","coordinates":[108.192,15.95]},"properties":{"id":"PD00460","name":"Đập Hà Thanh","name_en":"Dap Ha Thanh","province":"Đà Nẵng","commune":"Điện Bàn Bắc","page":"dams/DaNang/DapHaThanh_DienBanBac_DaNang_VN.html"}},{"type":"Feature","geometry":{"type":"Point","coordinates":[105.341,22.2]},"properties":{"id":"PD00461","name":"Nà Dầu","name_en":"Na Dau","province":"Tuyên Quang","commune":"Yên Lập","page":"dams/TuyenQuang/NaDau_YenLap_TuyenQuang_VN.html"}},{"type":"Feature","geometry":{"type":"Point","coordinates":[105.3,22.1]},"properties":{"id":"PD00462","name":"Khuổi Kheo","name_en":"Khuoi Kheo","province":"Tuyên Quang","commune":"Kim Bình","page":"dams/TuyenQuang/KhuoiKheo_KimBinh_TuyenQuang_VN.html"}},{"type":"Feature","geometry":{"type":"Point","coordinates":[105.141,21.8]},"properties":{"id":"PD00463","name":"Ngòi Là 1","name_en":"Ngoi La 1","province":"Tuyên Quang","commune":"Yên Sơn","page":"dams/TuyenQuang/NgoiLa1_YenSon_TuyenQuang_VN.html"}},{"type":"Feature","geometry":{"type":"Point","coordinates":[105.3,21.95]},"properties":{"id":"PD00464","name":"Khuôn Lù","name_en":"Khuon Lu","province":"Tuyên Quang","commune":"Xuân Vân","page":"dams/TuyenQuang/KhuonLu_XuanVan_TuyenQuang_VN.html"}},{"type":"Feature","geometry":{"type":"Point","coordinates":[105.4,21.8]},"properties":{"id":"PD00465","name":"Ngòi Cò","name_en":"Ngoi Co","province":"Tuyên Quang","commune":"Minh Thanh","page":"dams/TuyenQuang/NgoiCo_MinhThanh_TuyenQuang_VN.html"}},{"type":"Feature","geometry":{"type":"Point","coordinates":[104.759,22.4]},"properties":{"id":"PD00466","name":"Nà Ray","name_en":"Na Ray","province":"Tuyên Quang","commune":"Tân Trịnh","page":"dams/TuyenQuang/NaRay_TanTrinh_TuyenQuang_VN.html"}},{"type":"Feature","geometry":{"type":"Point","coordinates":[105.0,22.45]},"properties":{"id":"PD00467","name":"Hồ đội 2 (Tân Thành)","name_en":"Ho doi 2 (Tan Thanh)","province":"Tuyên Quang","commune":"Bằng Hành","page":"dams/TuyenQuang/HoDoi2TanThanh_BangHanh_TuyenQuang_VN.html"}},{"type":"Feature","geometry":{"type":"Point","coordinates":[105.0,22.6]},"properties":{"id":"PD00468","name":"Bản Tàn (Trung Thành)","name_en":"Ban Tan (Trung Thanh)","province":"Tuyên Quang","commune":"Linh Hồ","page":"dams/TuyenQuang/BanTanTrungThanh_LinhHo_TuyenQuang_VN.html"}},{"type":"Feature","geometry":{"type":"Point","coordinates":[104.75,22.25]},"properties":{"id":"PD00469","name":"Long Giàng","name_en":"Long Giang","province":"Tuyên Quang","commune":"Tiên Yên","page":"dams/TuyenQuang/LongGiang_TienYen_TuyenQuang_VN.html"}},{"type":"Feature","geometry":{"type":"Point","coordinates":[104.85,22.45]},"properties":{"id":"PD00470","name":"Nậm Moòng","name_en":"Nam Moong","province":"Tuyên Quang","commune":"Bắc Quang","page":"dams/TuyenQuang/NamMoong_BacQuang_TuyenQuang_VN.html"}},{"type":"Feature","geometry":{"type":"Point","coordinates":[105.25,22.25]},"properties":{"id":"PD00471","name":"Đèo Lai ( Bản Lai)","name_en":"Deo Lai ( Ban Lai)","province":"Tuyên Quang","commune":"Minh Quang","page":"dams/TuyenQuang/DeoLaiBanLai_MinhQuang_TuyenQuang_VN.html"}},{"type":"Feature","geometry":{"type":"Point","coordinates":[105.191,22.3]},"properties":{"id":"PD00472","name":"Khuổi Khoang","name_en":"Khuoi Khoang","province":"Tuyên Quang","commune":"Tân Mỹ","page":"dams/TuyenQuang/KhuoiKhoang_TanMy_TuyenQuang_VN.html"}},{"type":"Feature","geometry":{"type":"Point","coordinates":[105.2,22.25]},"properties":{"id":"PD00473","name":"Khuổi Thung","name_en":"Khuoi Thung","province":"Tuyên Quang","commune":"Tân Mỹ","page":"dams/TuyenQuang/KhuoiThung_TanMy_TuyenQuang_VN.html"}},{"type":"Feature","geometry":{"type":"Point","coordinates":[105.159,22.3]},"properties":{"id":"PD00474","name":"Nà Lung","name_en":"Na Lung","province":"Tuyên Quang","commune":"Tân Mỹ","page":"dams/TuyenQuang/NaLung_TanMy_TuyenQuang_VN.html"}},{"type":"Feature","geometry":{"type":"Point","coordinates":[105.141,22.3]},"properties":{"id":"PD00475","name":"Khuổi Loong","name_en":"Khuoi Loong","province":"Tuyên Quang","commune":"Tân Mỹ","page":"dams/TuyenQuang/KhuoiLoong_TanMy_TuyenQuang_VN.html"}},{"type":"Feature","geometry":{"type":"Point","coordinates":[105.35,22.25]},"properties":{"id":"PD00476","name":"Tồng Moọc","name_en":"Tong Mooc","province":"Tuyên Quang","commune":"Yên Lập","page":"dams/TuyenQuang/TongMooc_YenLap_TuyenQuang_VN.html"}},{"type":"Feature","geometry":{"type":"Point","coordinates":[105.209,22.15]},"properties":{"id":"PD00477","name":"Bó Kẹn","name_en":"Bo Ken","province":"Tuyên Quang","commune":"Hòa An","page":"dams/TuyenQuang/BoKen_HoaAn_TuyenQuang_VN.html"}},{"type":"Feature","geometry":{"type":"Point","coordinates":[105.259,22.15]},"properties":{"id":"PD00478","name":"Nà Ký (Phai Ký)","name_en":"Na Ky (Phai Ky)","province":"Tuyên Quang","commune":"Hòa An","page":"dams/TuyenQuang/NaKyPhaiKy_HoaAn_TuyenQuang_VN.html"}},{"type":"Feature","geometry":{"type":"Point","coordinates":[105.241,22.15]},"properties":{"id":"PD00479","name":"Loong Khun 1","name_en":"Loong Khun 1","province":"Tuyên Quang","commune":"Hòa An","page":"dams/TuyenQuang/LoongKhun1_HoaAn_TuyenQuang_VN.html"}},{"type":"Feature","geometry":{"type":"Point","coordinates":[105.191,22.15]},"properties":{"id":"PD00480","name":"Pác Nhang","name_en":"Pac Nhang","province":"Tuyên Quang","commune":"Hòa An","page":"dams/TuyenQuang/PacNhang_HoaAn_TuyenQuang_VN.html"}},{"type":"Feature","geometry":{"type":"Point","coordinates":[105.1,22.3]},"properties":{"id":"PD00481","name":"Nà Lừa","name_en":"Na Lua","province":"Tuyên Quang","commune":"Trung Hà","page":"dams/TuyenQuang/NaLua_TrungHa_TuyenQuang_VN.html"}},{"type":"Feature","geometry":{"type":"Point","coordinates":[105.35,21.9]},"properties":{"id":"PD00482","name":"Khuôn Ninh","name_en":"Khuon Ninh","province":"Tuyên Quang","commune":"Trung Sơn","page":"dams/TuyenQuang/KhuonNinh_TrungSon_TuyenQuang_VN.html"}},{"type":"Feature","geometry":{"type":"Point","coordinates":[105.45,21.9]},"properties":{"id":"PD00483","name":"Khuổi Rua","name_en":"Khuoi Rua","province":"Tuyên Quang","commune":"Hùng Lợi","page":"dams/TuyenQuang/KhuoiRua_HungLoi_TuyenQuang_VN.html"}},{"type":"Feature","geometry":{"type":"Point","coordinates":[105.2,21.708]},"properties":{"id":"PD00484","name":"Minh Cầm","name_en":"Minh Cam","province":"Tuyên Quang","commune":"Nhữ Khê","page":"dams/TuyenQuang/MinhCam_NhuKhe_TuyenQuang_VN.html"}},{"type":"Feature","geometry":{"type":"Point","coordinates":[105.191,21.7]},"properties":{"id":"PD00485","name":"Hưng Quốc","name_en":"Hung Quoc","province":"Tuyên Quang","commune":"Nhữ Khê","page":"dams/TuyenQuang/HungQuoc_NhuKhe_TuyenQuang_VN.html"}},{"type":"Feature","geometry":{"type":"Point","coordinates":[105.2,21.692]},"properties":{"id":"PD00486","name":"Hố Nứa (Ông Thế)","name_en":"Ho Nua (Ong The)","province":"Tuyên Quang","commune":"Nhữ Khê","page":"dams/TuyenQuang/HoNuaOngThe_NhuKhe_TuyenQuang_VN.html"}},{"type":"Feature","geometry":{"type":"Point","coordinates":[105.25,21.95]},"properties":{"id":"PD00487","name":"Khuôn Giáng","name_en":"Khuon Giang","province":"Tuyên Quang","commune":"Xuân Vân","page":"dams/TuyenQuang/KhuonGiang_XuanVan_TuyenQuang_VN.html"}},{"type":"Feature","geometry":{"type":"Point","coordinates":[105.441,21.8]},"properties":{"id":"PD00488","name":"Ao Búc","name_en":"Ao Buc","province":"Tuyên Quang","commune":"Tân Trào","page":"dams/TuyenQuang/AoBuc_TanTrao_TuyenQuang_VN.html"}},{"type":"Feature","geometry":{"type":"Point","coordinates":[105.391,21.5]},"properties":{"id":"PD00489","name":"Đồng Trại","name_en":"Dong Trai","province":"Tuyên Quang","commune":"Phú Lương","page":"dams/TuyenQuang/DongTrai_PhuLuong_TuyenQuang_VN.html"}},{"type":"Feature","geometry":{"type":"Point","coordinates":[105.35,21.65]},"properties":{"id":"PD00490","name":"Yên Hương","name_en":"Yen Huong","province":"Tuyên Quang","commune":"Sơn Dương","page":"dams/TuyenQuang/YenHuong_SonDuong_TuyenQuang_VN.html"}},{"type":"Feature","geometry":{"type":"Point","coordinates":[105.291,21.6]},"properties":{"id":"PD00491","name":"Cây Gạo","name_en":"Cay Gao","province":"Tuyên Quang","commune":"Hồng Sơn","page":"dams/TuyenQuang/CayGao_HongSon_TuyenQuang_VN.html"}},{"type":"Feature","geometry":{"type":"Point","coordinates":[105.4,21.7]},"properties":{"id":"PD00492","name":"Đát Cao","name_en":"Dat Cao","province":"Tuyên Quang","commune":"Sơn Dương","page":"dams/TuyenQuang/DatCao_SonDuong_TuyenQuang_VN.html"}},{"type":"Feature","geometry":{"type":"Point","coordinates":[105.0,22.75]},"properties":{"id":"PD00493","name":"Hồ Km 13 (Bản Bang)","name_en":"Ho Km 13 (Ban Bang)","province":"Tuyên Quang","commune":"Vị Xuyên","page":"dams/TuyenQuang/HoKm13BanBang_ViXuyen_TuyenQuang_VN.html"}},{"type":"Feature","geometry":{"type":"Point","coordinates":[104.9,22.35]},"properties":{"id":"PD00494","name":"Hồ Thôn Luồn","name_en":"Ho Thon Luon","province":"Tuyên Quang","commune":"Bằng Hành","page":"dams/TuyenQuang/HoThonLuon_BangHanh_TuyenQuang_VN.html"}},{"type":"Feature","geometry":{"type":"Point","coordinates":[105.0,22.4]},"properties":{"id":"PD00495","name":"Na Ve","name_en":"Na Ve","province":"Tuyên Quang","commune":"Bằng Hành","page":"dams/TuyenQuang/NaVe_BangHanh_TuyenQuang_VN.html"}},{"type":"Feature","geometry":{"type":"Point","coordinates":[104.741,22.4]},"properties":{"id":"PD00496","name":"Khuổi Phạ (1+2)","name_en":"Khuoi Pha (1+2)","province":"Tuyên Quang","commune":"Tân Trịnh","page":"dams/TuyenQuang/KhuoiPha12_TanTrinh_TuyenQuang_VN.html"}},{"type":"Feature","geometry":{"type":"Point","coordinates":[105.15,23.1]},"properties":{"id":"PD00497","name":"Nà Rược","name_en":"Na Ruoc","province":"Tuyên Quang","commune":"Yên Minh","page":"dams/TuyenQuang/NaRuoc_YenMinh_TuyenQuang_VN.html"}},{"type":"Feature","geometry":{"type":"Point","coordinates":[105.7,21.342]},"properties":{"id":"PD00498","name":"Hồ Đập Ba","name_en":"Ho Dap Ba","province":"Phú Thọ","commune":"Bình Tuyền","page":"dams/PhuTho/HoDapBa_BinhTuyen_PhuTho_VN.html"}},{"type":"Feature","geometry":{"type":"Point","coordinates":[105.696,20.293]},"properties":{"id":"PD00499","name":"Yên Quang 2","name_en":"Yen Quang 2","province":"Ninh Bình","commune":"Nho Quan","page":"dams/NinhBinh/YenQuang2_NhoQuan_NinhBinh_VN.html"}},{"type":"Feature","geometry":{"type":"Point","coordinates":[105.741,20.3]},"properties":{"id":"PD00500","name":"Yên Quang 3","name_en":"Yen Quang 3","province":"Ninh Bình","commune":"Nho Quan","page":"dams/NinhBinh/YenQuang3_NhoQuan_NinhBinh_VN.html"}},{"type":"Feature","geometry":{"type":"Point","coordinates":[102.85,22.45]},"properties":{"id":"PD00501","name":"Nậm Sì Lường 1","name_en":"Nam Si Luong 1","province":"Lai Châu","commune":"Bum Nưa","page":"dams/LaiChau/NamSiLuong1_BumNua_LaiChau_VN.html"}}]}